participant.id_in_session,participant.code,participant.label,participant._is_bot,participant._index_in_pages,participant._max_page_index,participant._current_app_name,participant._round_number,participant._current_page_name,participant.ip_address,participant.time_started,participant.exclude_from_data_analysis,participant.visited,participant.mturk_worker_id,participant.mturk_assignment_id,participant.payoff,participant.payoff_plus_participation_fee,session.code,session.label,session.experimenter_name,session.mturk_HITId,session.mturk_HITGroupId,session.comment,session.is_demo,session.config.treatment,session.config.participation_fee,session.config.real_world_currency_per_point,consent_start.1.player.id_in_group,consent_start.1.player.payoff,consent_start.1.group.id_in_subsession,consent_start.1.subsession.round_number,ultimatum_t1.1.player.id_in_group,ultimatum_t1.1.player.valid_code,ultimatum_t1.1.player.payoff,ultimatum_t1.1.group.id_in_subsession,ultimatum_t1.1.group.amount_offered,ultimatum_t1.1.group.offer_accepted,ultimatum_t1.1.subsession.round_number,consent_start2_copy.1.player.id_in_group,consent_start2_copy.1.player.payoff,consent_start2_copy.1.group.id_in_subsession,consent_start2_copy.1.subsession.round_number,ultimatum_windfall_vignette.1.player.id_in_group,ultimatum_windfall_vignette.1.player.valid_code,ultimatum_windfall_vignette.1.player.payoff,ultimatum_windfall_vignette.1.group.id_in_subsession,ultimatum_windfall_vignette.1.group.amount_offered,ultimatum_windfall_vignette.1.group.offer_accepted,ultimatum_windfall_vignette.1.subsession.round_number
1,3fdy8hve,,0,9,9,ultimatum_t1,1,Validation,10.63.30.96,2017-08-17 23:46:36.449793+00:00,0,1,,,0.00,$0.25,uhntt31b,,,,,,1,direct_response,$0.25,0.01,1,0.00,1,1,1,,0.00,2,0.99,0,1,,,,,,,,,,,
2,9th0578r,,0,9,9,ultimatum_t1,1,Validation,10.63.30.96,2017-08-17 23:47:00.732214+00:00,0,1,,,0.00,$0.25,uhntt31b,,,,,,1,direct_response,$0.25,0.01,2,0.00,1,1,2,,0.00,2,0.99,0,1,,,,,,,,,,,
1,x2kg8vtl,,0,10,10,ultimatum_windfall_vignette,1,Validation,10.138.121.5,2017-08-17 23:47:55.311754+00:00,0,1,,,0.00,$0.25,c12dfekx,,,,,,1,direct_response,$0.25,0.01,,,,,,,,,,,,1,0.00,1,1,1,,0.00,2,0.99,0,1
2,f560sfy0,,0,10,10,ultimatum_windfall_vignette,1,Validation,10.138.121.5,2017-08-17 23:48:08.088151+00:00,0,1,,,0.00,$0.25,c12dfekx,,,,,,1,direct_response,$0.25,0.01,,,,,,,,,,,,2,0.00,1,1,2,,0.00,2,0.99,0,1
1,ldtye5q2,,0,3,9,ultimatum_t1,1,WaitToStart,10.63.30.96,2017-08-17 23:49:23.816340+00:00,0,1,,,0.00,$0.25,hbj18ji7,,,,,,1,direct_response,$0.25,0.01,1,0.00,1,1,1,,0.00,1,,,1,,,,,,,,,,,
2,q2pv6qcp,,0,0,9,,,,,,0,0,,,0.00,$0.25,hbj18ji7,,,,,,1,direct_response,$0.25,0.01,2,0.00,1,1,2,,0.00,1,,,1,,,,,,,,,,,
1,6yntxmvj,,0,4,10,ultimatum_windfall_vignette,1,WaitToStart,10.63.30.96,2017-08-17 23:49:43.330871+00:00,0,1,,,0.00,$0.25,4rv6dm89,,,,,,1,direct_response,$0.25,0.01,,,,,,,,,,,,1,0.00,1,1,1,,0.00,1,,,1
2,6fnh5qxl,,0,0,10,,,,,,0,0,,,0.00,$0.25,4rv6dm89,,,,,,1,direct_response,$0.25,0.01,,,,,,,,,,,,2,0.00,1,1,2,,0.00,1,,,1
1,y783iimt,,0,8,9,ultimatum_t1,1,Results,10.157.160.84,2017-08-17 23:56:47.469104+00:00,0,1,,,0.00,$0.25,1xlykfel,,,,,,1,direct_response,$0.25,0.01,1,0.00,1,1,1,,0.00,2,0.00,0,1,,,,,,,,,,,
2,dzmw8zsf,,0,8,9,ultimatum_t1,1,Results,10.157.160.84,2017-08-17 23:57:00.696942+00:00,0,1,,,0.00,$0.25,1xlykfel,,,,,,1,direct_response,$0.25,0.01,2,0.00,1,1,2,,0.00,2,0.00,0,1,,,,,,,,,,,
1,q6nbxbkg,,0,9,10,ultimatum_windfall_vignette,1,Results,10.45.73.26,2017-08-17 23:57:14.168223+00:00,0,1,,,0.00,$0.25,zqn0u9te,,,,,,1,direct_response,$0.25,0.01,,,,,,,,,,,,1,0.00,1,1,1,,0.00,2,0.00,0,1
2,l0xqxfsw,,0,9,10,ultimatum_windfall_vignette,1,Results,10.45.73.26,2017-08-17 23:57:26.590493+00:00,0,1,,,0.00,$0.25,zqn0u9te,,,,,,1,direct_response,$0.25,0.01,,,,,,,,,,,,2,0.00,1,1,2,,0.00,2,0.00,0,1
1,pw44vr85,,0,10,9,ultimatum_t1,1,Validation,10.179.55.98,2017-08-17 23:58:44.791386+00:00,0,1,A22ABLVEI5EGPL,3U4J9857OFQSYRUWRCBEGHRHIAV7B3,0.50,$0.75,urss1qre,,,3NSCTNUR2Z256TDR73RKY2XUNPPA5E,3MU03ZNWVE417KSB0OOMNMU5K2A5FU,,0,direct_response,$0.25,0.01,1,0.00,1,1,1,6882573,0.50,3,0.50,1,1,,,,,,,,,,,
2,yfo7tm5t,,0,10,9,ultimatum_t1,1,Validation,10.41.203.70,2017-08-17 23:58:54.893699+00:00,0,1,A320DPHQDR4HMQ,3PB5A5BD0WLOP8277Y3SHSIEYNN7GK,0.50,$0.75,urss1qre,,,3NSCTNUR2Z256TDR73RKY2XUNPPA5E,3MU03ZNWVE417KSB0OOMNMU5K2A5FU,,0,direct_response,$0.25,0.01,2,0.00,1,1,1,545964,0.50,2,0.50,1,1,,,,,,,,,,,
3,u2tgfy5m,,0,10,9,ultimatum_t1,1,Validation,10.79.219.198,2017-08-17 23:59:00.384291+00:00,0,1,A3DJE1PIZFZNHP,38F5OAUN5OR2P4XIR4LA2SUFDN07HJ,0.00,$0.25,urss1qre,,,3NSCTNUR2Z256TDR73RKY2XUNPPA5E,3MU03ZNWVE417KSB0OOMNMU5K2A5FU,,0,direct_response,$0.25,0.01,3,0.00,1,1,2,555642,0.00,15,0.00,0,1,,,,,,,,,,,
4,x681qu0x,,0,10,9,ultimatum_t1,1,Validation,10.229.95.34,2017-08-17 23:59:09.348322+00:00,0,1,A29MHT3WIY384W,3TVRFO09GLUYQFMZ0246OJ0AWXNXLA,0.50,$0.75,urss1qre,,,3NSCTNUR2Z256TDR73RKY2XUNPPA5E,3MU03ZNWVE417KSB0OOMNMU5K2A5FU,,0,direct_response,$0.25,0.01,4,0.00,1,1,2,5821647,0.50,2,0.50,1,1,,,,,,,,,,,
5,bfw3o7va,,0,10,9,ultimatum_t1,1,Validation,10.16.218.184,2017-08-17 23:59:09.459655+00:00,0,1,A20ALQT1HIVSAH,3MAOD8E57RPOEFPKCFKL1B4Z1SNXNC,0.50,$0.75,urss1qre,,,3NSCTNUR2Z256TDR73RKY2XUNPPA5E,3MU03ZNWVE417KSB0OOMNMU5K2A5FU,,0,direct_response,$0.25,0.01,5,0.00,1,1,2,6807217,0.50,3,0.50,1,1,,,,,,,,,,,
6,ajsgfz60,,0,10,9,ultimatum_t1,1,Validation,10.169.197.46,2017-08-17 23:59:10.202601+00:00,0,1,AY52II1OC5RZ1,3JNQLM5FT51XPZJ2CDJDYT6EJON2L5,0.50,$0.75,urss1qre,,,3NSCTNUR2Z256TDR73RKY2XUNPPA5E,3MU03ZNWVE417KSB0OOMNMU5K2A5FU,,0,direct_response,$0.25,0.01,6,0.00,1,1,2,4083247,0.50,5,0.50,1,1,,,,,,,,,,,
7,b5hmb0yk,,0,8,9,ultimatum_t1,1,Results,10.141.27.204,2017-08-17 23:59:11.240403+00:00,0,1,A3CBOZUTFR0NR7,3DH6GAKTYZ47V9TDKZHHFCIHDCPZY1,0.00,$0.25,urss1qre,,,3NSCTNUR2Z256TDR73RKY2XUNPPA5E,3MU03ZNWVE417KSB0OOMNMU5K2A5FU,,0,direct_response,$0.25,0.01,7,0.00,1,1,1,,0.00,11,1.00,1,1,,,,,,,,,,,
8,md6immh8,,0,10,9,ultimatum_t1,1,Validation,10.63.100.77,2017-08-17 23:59:10.863474+00:00,0,1,A1F1OZ54G177D8,3H0W84IWBLH0NDQVAHBAM6O2MJ2ER9,0.25,$0.50,urss1qre,,,3NSCTNUR2Z256TDR73RKY2XUNPPA5E,3MU03ZNWVE417KSB0OOMNMU5K2A5FU,,0,direct_response,$0.25,0.01,8,0.00,1,1,2,8515978,0.25,4,0.25,1,1,,,,,,,,,,,
9,c7xb3pop,,0,10,9,ultimatum_t1,1,Validation,10.63.100.174,2017-08-17 23:59:16.442210+00:00,0,1,A1BAPMRIU7SGSP,3U5JL4WY5LO2S7FEUA5P22YZABT4XP,0.50,$0.75,urss1qre,,,3NSCTNUR2Z256TDR73RKY2XUNPPA5E,3MU03ZNWVE417KSB0OOMNMU5K2A5FU,,0,direct_response,$0.25,0.01,9,0.00,1,1,1,371118,0.50,5,0.50,1,1,,,,,,,,,,,
10,agku1j95,,0,10,9,ultimatum_t1,1,Validation,10.169.197.46,2017-08-17 23:59:27.725554+00:00,0,1,A2YFTTVAH9AFXU,39N5ACM9HF2YG4JZPERZPXNCU4Y9P2,0.75,$1.00,urss1qre,,,3NSCTNUR2Z256TDR73RKY2XUNPPA5E,3MU03ZNWVE417KSB0OOMNMU5K2A5FU,,0,direct_response,$0.25,0.01,10,0.00,1,1,1,74378,0.75,4,0.25,1,1,,,,,,,,,,,
11,90dc1m24,,0,10,9,ultimatum_t1,1,Validation,10.158.177.57,2017-08-17 23:59:39.048455+00:00,0,1,AKR5KNSS8LRLA,3TXWC2NHN05VTWZRHVVTK2SNHO59SI,0.00,$0.25,urss1qre,,,3NSCTNUR2Z256TDR73RKY2XUNPPA5E,3MU03ZNWVE417KSB0OOMNMU5K2A5FU,,0,direct_response,$0.25,0.01,11,0.00,1,1,1,5917948,0.00,7,0.00,0,1,,,,,,,,,,,
12,6wcj9pe1,,0,10,9,ultimatum_t1,1,Validation,10.43.196.234,2017-08-17 23:59:47.298487+00:00,0,1,A2JLS8VHLTWVP8,3JMSRU9HQJ9SGK7CJ1GKN3D57PFEV2,0.00,$0.25,urss1qre,,,3NSCTNUR2Z256TDR73RKY2XUNPPA5E,3MU03ZNWVE417KSB0OOMNMU5K2A5FU,,0,direct_response,$0.25,0.01,12,0.00,1,1,1,1002277,0.00,6,0.50,0,1,,,,,,,,,,,
13,qazh8h6v,,0,8,9,ultimatum_t1,1,Results,10.236.23.161,2017-08-18 00:00:24.613692+00:00,0,1,A38BXBQYWC6B6C,3VELCLL3GLY40MRA7YG1YXRPUMNF1W,0.00,$0.25,urss1qre,,,3NSCTNUR2Z256TDR73RKY2XUNPPA5E,3MU03ZNWVE417KSB0OOMNMU5K2A5FU,,0,direct_response,$0.25,0.01,13,0.00,1,1,2,,0.00,6,0.50,0,1,,,,,,,,,,,
14,6zbl0rd0,,0,10,9,ultimatum_t1,1,Validation,10.109.135.32,2017-08-18 00:00:32.609540+00:00,0,1,A2TTRW1EE029C7,3XIQGXAUMDNZBUXXW83W5EI91DJ7XC,0.00,$0.25,urss1qre,,,3NSCTNUR2Z256TDR73RKY2XUNPPA5E,3MU03ZNWVE417KSB0OOMNMU5K2A5FU,,0,direct_response,$0.25,0.01,14,0.00,1,1,2,9610093,0.00,7,0.00,0,1,,,,,,,,,,,
15,hfxrshbv,,0,8,9,ultimatum_t1,1,Results,10.231.231.232,2017-08-18 00:00:39.746308+00:00,0,1,A28MVFON0ULDPZ,3QFUFYSY9ZULSLOTUGZ3WVYS66XF49,0.00,$0.25,urss1qre,,,3NSCTNUR2Z256TDR73RKY2XUNPPA5E,3MU03ZNWVE417KSB0OOMNMU5K2A5FU,,0,direct_response,$0.25,0.01,15,0.00,1,1,1,,0.00,29,0.00,0,1,,,,,,,,,,,
16,uhwvx91p,,0,10,9,ultimatum_t1,1,Validation,10.61.164.249,2017-08-18 00:00:53.064678+00:00,0,1,A2WA7ED6J0DJXH,33NF62TLXKHMBPZSYYD4IAFGWZ4KJ7,0.50,$0.75,urss1qre,,,3NSCTNUR2Z256TDR73RKY2XUNPPA5E,3MU03ZNWVE417KSB0OOMNMU5K2A5FU,,0,direct_response,$0.25,0.01,16,0.00,1,1,2,9067114,0.50,14,0.50,1,1,,,,,,,,,,,
17,jiy9wmoj,,0,10,9,ultimatum_t1,1,Validation,10.170.176.153,2017-08-18 00:01:20.830798+00:00,0,1,A1ROEDVMTO9Y3X,3Z7EFSHGNAT5NBSTNPB7L0AN2OACXA,0.50,$0.75,urss1qre,,,3NSCTNUR2Z256TDR73RKY2XUNPPA5E,3MU03ZNWVE417KSB0OOMNMU5K2A5FU,,0,direct_response,$0.25,0.01,17,0.00,1,1,1,8136081,0.50,8,0.50,1,1,,,,,,,,,,,
18,ertf3css,,0,8,9,ultimatum_t1,1,Results,10.150.135.91,2017-08-18 00:01:30.073525+00:00,0,1,A3QAHF4UUBM7ZO,3DIP6YHAPD7U58BZB85AVPTXWRE8ER,0.00,$0.25,urss1qre,,,3NSCTNUR2Z256TDR73RKY2XUNPPA5E,3MU03ZNWVE417KSB0OOMNMU5K2A5FU,,0,direct_response,$0.25,0.01,18,0.00,1,1,2,,0.00,30,0.50,0,1,,,,,,,,,,,
19,8v5p3jkn,,0,8,9,ultimatum_t1,1,Results,10.179.55.98,2017-08-18 00:02:12.170178+00:00,0,1,A2ID4B3JMUWAP7,3QFUFYSY9ZULSLOTUGZ3WVYS66XF49,0.00,$0.25,urss1qre,,,3NSCTNUR2Z256TDR73RKY2XUNPPA5E,3MU03ZNWVE417KSB0OOMNMU5K2A5FU,,0,direct_response,$0.25,0.01,19,0.00,1,1,1,,0.00,15,0.00,0,1,,,,,,,,,,,
20,sbhd8opz,,0,10,9,ultimatum_t1,1,Validation,10.183.102.41,2017-08-18 00:02:22.517427+00:00,0,1,A26FM08JXUPEZO,3IFS6Q0HJJYO4XSULP16XVRQ0ESSIK,0.50,$0.75,urss1qre,,,3NSCTNUR2Z256TDR73RKY2XUNPPA5E,3MU03ZNWVE417KSB0OOMNMU5K2A5FU,,0,direct_response,$0.25,0.01,20,0.00,1,1,2,8574904,0.50,8,0.50,1,1,,,,,,,,,,,
21,xyxm9mlw,,0,10,9,ultimatum_t1,1,Validation,10.155.8.85,2017-08-18 00:04:13.376056+00:00,0,1,A1XQ9VRCDQ922Y,36AHBNMV1SR4S8OHSHSKOKZEPUGYD2,0.50,$0.75,urss1qre,,,3NSCTNUR2Z256TDR73RKY2XUNPPA5E,3MU03ZNWVE417KSB0OOMNMU5K2A5FU,,0,direct_response,$0.25,0.01,21,0.00,1,1,1,4127088,0.50,9,0.50,1,1,,,,,,,,,,,
22,y8crdd1o,,0,9,9,ultimatum_t1,1,Validation,10.179.55.98,2017-08-18 00:04:35.370211+00:00,0,1,AT94Y12KEGKNO,31QTRG6Q2USDH5R7XQJFOEG33DJYPG,0.50,$0.75,urss1qre,,,3NSCTNUR2Z256TDR73RKY2XUNPPA5E,3MU03ZNWVE417KSB0OOMNMU5K2A5FU,,0,direct_response,$0.25,0.01,22,0.00,1,1,2,,0.50,9,0.50,1,1,,,,,,,,,,,
23,7yont13r,,0,10,9,ultimatum_t1,1,Validation,10.150.73.107,2017-08-18 00:05:43.704153+00:00,0,1,AQS0AL80A1UP6,33PPUNGG39KYY8HR64PN7GPKAPBRZS,0.75,$1.00,urss1qre,,,3NSCTNUR2Z256TDR73RKY2XUNPPA5E,3MU03ZNWVE417KSB0OOMNMU5K2A5FU,,0,direct_response,$0.25,0.01,23,0.00,1,1,1,,0.75,10,0.25,1,1,,,,,,,,,,,
24,zlwg3lfz,,0,8,9,ultimatum_t1,1,Results,10.231.231.232,2017-08-18 00:07:05.134411+00:00,0,1,A3MGW067K291R1,3SNLUL3WO5269BS4VXTJ4C162F7ULG,0.00,$0.25,urss1qre,,,3NSCTNUR2Z256TDR73RKY2XUNPPA5E,3MU03ZNWVE417KSB0OOMNMU5K2A5FU,,0,direct_response,$0.25,0.01,24,0.00,1,1,1,,0.00,33,0.00,0,1,,,,,,,,,,,
25,x5g12oh9,,0,10,9,ultimatum_t1,1,Validation,10.93.229.188,2017-08-18 00:08:04.611961+00:00,0,1,AK86DN5LJDCCK,3I33IC7ZWGHGTGSYFMUNPFQ3PCPA2W,0.50,$0.75,urss1qre,,,3NSCTNUR2Z256TDR73RKY2XUNPPA5E,3MU03ZNWVE417KSB0OOMNMU5K2A5FU,,0,direct_response,$0.25,0.01,25,0.00,1,1,1,3934862,0.50,12,0.50,1,1,,,,,,,,,,,
26,qqryiinl,,0,10,9,ultimatum_t1,1,Validation,10.111.221.243,2017-08-18 00:08:21.244561+00:00,0,1,A1CHPMSBMHCIWH,3TVRFO09GLUYQFMZ0246OJ0AWXOXLB,1.00,$1.25,urss1qre,,,3NSCTNUR2Z256TDR73RKY2XUNPPA5E,3MU03ZNWVE417KSB0OOMNMU5K2A5FU,,0,direct_response,$0.25,0.01,26,0.00,1,1,2,6134122,1.00,11,1.00,1,1,,,,,,,,,,,
27,50dgnjx2,,0,10,9,ultimatum_t1,1,Validation,10.179.86.73,2017-08-18 00:09:07.804551+00:00,0,1,AVA4W3FRMY9HH,3UNH76FOCTK7W2UU5ARN7AM8Y89MY9,0.25,$0.50,urss1qre,,,3NSCTNUR2Z256TDR73RKY2XUNPPA5E,3MU03ZNWVE417KSB0OOMNMU5K2A5FU,,0,direct_response,$0.25,0.01,27,0.00,1,1,2,5390824,0.25,10,0.25,1,1,,,,,,,,,,,
28,4cxmc2ek,,0,9,9,ultimatum_t1,1,Validation,10.43.196.234,2017-08-18 00:09:15.862814+00:00,0,1,A2II2W80AGDMBT,3HUTX6F6VV25VKMZP5Z5QAA8ETS2OM,0.00,$0.25,urss1qre,,,3NSCTNUR2Z256TDR73RKY2XUNPPA5E,3MU03ZNWVE417KSB0OOMNMU5K2A5FU,,0,direct_response,$0.25,0.01,28,0.00,1,1,2,,0.00,13,0.00,0,1,,,,,,,,,,,
29,en4l7vk0,,0,10,9,ultimatum_t1,1,Validation,10.147.39.151,2017-08-18 00:10:02.829343+00:00,0,1,A2ZRF4I5RTKN7G,3RU7GD8VPP8GLJFYYKRQ6SS2MSOSPX,0.50,$0.75,urss1qre,,,3NSCTNUR2Z256TDR73RKY2XUNPPA5E,3MU03ZNWVE417KSB0OOMNMU5K2A5FU,,0,direct_response,$0.25,0.01,29,0.00,1,1,2,4719785,0.50,12,0.50,1,1,,,,,,,,,,,
30,7275ixuz,,0,8,9,ultimatum_t1,1,Results,10.178.64.67,2017-08-18 00:11:33.304315+00:00,0,1,ACVXBOS4CZGVQ,3A4TN5196LX81LSEILTLIEMTEYSHCN,0.00,$0.25,urss1qre,,,3NSCTNUR2Z256TDR73RKY2XUNPPA5E,3MU03ZNWVE417KSB0OOMNMU5K2A5FU,,0,direct_response,$0.25,0.01,30,0.00,1,1,1,,0.00,13,0.00,0,1,,,,,,,,,,,
31,ra9nvsn5,,0,8,9,ultimatum_t1,1,Results,10.141.27.204,2017-08-18 00:12:28.267920+00:00,0,1,A390LJJVHF36FX,3NLZY2D53Q4EHILNEO9EUB4HZU2LQ3,0.00,$0.25,urss1qre,,,3NSCTNUR2Z256TDR73RKY2XUNPPA5E,3MU03ZNWVE417KSB0OOMNMU5K2A5FU,,0,direct_response,$0.25,0.01,31,0.00,1,1,2,,0.00,33,0.00,0,1,,,,,,,,,,,
32,pe6grr7b,,0,10,9,ultimatum_t1,1,Validation,10.157.160.84,2017-08-18 00:13:30.922045+00:00,0,1,A3P9BBIGUZ53BX,3QJOXOW4XK69QXD359FT07USGW4MEU,0.50,$0.75,urss1qre,,,3NSCTNUR2Z256TDR73RKY2XUNPPA5E,3MU03ZNWVE417KSB0OOMNMU5K2A5FU,,0,direct_response,$0.25,0.01,32,0.00,1,1,1,230254,0.50,14,0.50,1,1,,,,,,,,,,,
33,p29j30nr,,0,8,9,ultimatum_t1,1,Results,10.169.124.243,2017-08-18 00:15:11.855240+00:00,0,1,A1VL7AAOUPDN72,3Q8GYXHFEQHWLS8JHJSCTHJ39P25CV,0.00,$0.25,urss1qre,,,3NSCTNUR2Z256TDR73RKY2XUNPPA5E,3MU03ZNWVE417KSB0OOMNMU5K2A5FU,,0,direct_response,$0.25,0.01,33,0.00,1,1,2,,0.00,17,0.50,0,1,,,,,,,,,,,
34,yk1330eq,,0,10,9,ultimatum_t1,1,Validation,10.171.119.12,2017-08-18 00:18:47.622560+00:00,0,1,AMDX0UNZS4A1G,374TNBHA8CAYHHSMX3Y4OJ6D897QY1,0.00,$0.25,urss1qre,,,3NSCTNUR2Z256TDR73RKY2XUNPPA5E,3MU03ZNWVE417KSB0OOMNMU5K2A5FU,,0,direct_response,$0.25,0.01,34,0.00,1,1,1,9791256,0.00,17,0.50,0,1,,,,,,,,,,,
35,2wtj4shw,,0,10,9,ultimatum_t1,1,Validation,10.138.121.5,2017-08-18 00:23:32.883170+00:00,0,1,A2PZSS9QDG4KVQ,3DQQ64TANH09S0W7IP1R3HVNS5LWPH,0.50,$0.75,urss1qre,,,3NSCTNUR2Z256TDR73RKY2XUNPPA5E,3MU03ZNWVE417KSB0OOMNMU5K2A5FU,,0,direct_response,$0.25,0.01,35,0.00,1,1,2,6455058,0.50,16,0.50,1,1,,,,,,,,,,,
36,3aygdhy3,,0,10,9,ultimatum_t1,1,Validation,10.138.147.190,2017-08-18 00:24:38.116625+00:00,0,1,A8G1M6RVRLMZS,3P529IW9KZ0HQTVE08YKIC03SSVFL5,0.50,$0.75,urss1qre,,,3NSCTNUR2Z256TDR73RKY2XUNPPA5E,3MU03ZNWVE417KSB0OOMNMU5K2A5FU,,0,direct_response,$0.25,0.01,36,0.00,1,1,1,9532617,0.50,16,0.50,1,1,,,,,,,,,,,
37,4otghjpy,,0,8,9,ultimatum_t1,1,Results,10.164.78.133,2017-08-18 00:29:48.052293+00:00,0,1,A2GDEY3ZE51YY1,33UKMF931AZFSBLK4150L7PLDEPTTU,1.00,$1.25,urss1qre,,,3NSCTNUR2Z256TDR73RKY2XUNPPA5E,3MU03ZNWVE417KSB0OOMNMU5K2A5FU,,0,direct_response,$0.25,0.01,37,0.00,1,1,1,,1.00,18,0.00,1,1,,,,,,,,,,,
38,dgdbveoj,,0,8,9,ultimatum_t1,1,Results,10.155.8.85,2017-08-18 00:30:14.474604+00:00,0,1,A38KA8KXRLEM7M,3U84XHCDIDSRX2FTVSTAZNEAIBUZ4K,0.00,$0.25,urss1qre,,,3NSCTNUR2Z256TDR73RKY2XUNPPA5E,3MU03ZNWVE417KSB0OOMNMU5K2A5FU,,0,direct_response,$0.25,0.01,38,0.00,1,1,2,,0.00,22,0.50,0,1,,,,,,,,,,,
39,dwdeekt6,,0,8,9,ultimatum_t1,1,Results,10.63.100.77,2017-08-18 00:34:01.873038+00:00,0,1,A16KZ7182D9D2M,3JMSRU9HQJ9SGK7CJ1GKN3D57PIVEM,0.00,$0.25,urss1qre,,,3NSCTNUR2Z256TDR73RKY2XUNPPA5E,3MU03ZNWVE417KSB0OOMNMU5K2A5FU,,0,direct_response,$0.25,0.01,39,0.00,1,1,2,,0.00,18,0.00,1,1,,,,,,,,,,,
40,4drep75r,,0,10,9,ultimatum_t1,1,Validation,10.158.160.96,2017-08-18 00:39:34.630787+00:00,0,1,A2YM2T8SA3L5W5,3DL65MZB8EUWHB1CSKLFXBPGMI3EC7,0.00,$0.25,urss1qre,,,3NSCTNUR2Z256TDR73RKY2XUNPPA5E,3MU03ZNWVE417KSB0OOMNMU5K2A5FU,,0,direct_response,$0.25,0.01,40,0.00,1,1,1,2911582,0.00,19,1.00,1,1,,,,,,,,,,,
41,ahoq04hx,,0,10,9,ultimatum_t1,1,Validation,10.63.231.107,2017-08-18 00:39:52.063662+00:00,0,1,A1XXDPBNE3TW0W,3QJOXOW4XK69QXD359FT07USGW7MEX,1.00,$1.25,urss1qre,,,3NSCTNUR2Z256TDR73RKY2XUNPPA5E,3MU03ZNWVE417KSB0OOMNMU5K2A5FU,,0,direct_response,$0.25,0.01,41,0.00,1,1,2,4771317,1.00,19,1.00,1,1,,,,,,,,,,,
42,16ijrdrf,,0,10,9,ultimatum_t1,1,Validation,10.109.135.32,2017-08-18 00:41:41.170479+00:00,0,1,A1ES0KWZ144MQH,3I02618YA1LW0W72NPMQLTAQ7PCPUD,0.50,$0.75,urss1qre,,,3NSCTNUR2Z256TDR73RKY2XUNPPA5E,3MU03ZNWVE417KSB0OOMNMU5K2A5FU,,0,direct_response,$0.25,0.01,42,0.00,1,1,1,7593301,0.50,20,0.50,1,1,,,,,,,,,,,
43,i1yg71jt,,0,10,9,ultimatum_t1,1,Validation,10.109.163.176,2017-08-18 00:45:04.396300+00:00,0,1,AWSNADH4KGWFT,32VNZTT0A8JIVBT2LBZXDKCB9UD4RY,0.50,$0.75,urss1qre,,,3NSCTNUR2Z256TDR73RKY2XUNPPA5E,3MU03ZNWVE417KSB0OOMNMU5K2A5FU,,0,direct_response,$0.25,0.01,43,0.00,1,1,2,2605078,0.50,20,0.50,1,1,,,,,,,,,,,
44,vtctpbro,,0,10,9,ultimatum_t1,1,Validation,10.158.177.57,2017-08-18 00:54:57.859268+00:00,0,1,AXQAMAX5I3RMS,3BXQMRHWK0DQFTAPV9UY4PGV2K2UMN,1.00,$1.25,urss1qre,,,3NSCTNUR2Z256TDR73RKY2XUNPPA5E,3MU03ZNWVE417KSB0OOMNMU5K2A5FU,,0,direct_response,$0.25,0.01,44,0.00,1,1,1,6786631,1.00,21,0.00,1,1,,,,,,,,,,,
45,y43ukk73,,0,10,9,ultimatum_t1,1,Validation,10.81.229.55,2017-08-18 00:56:38.791855+00:00,0,1,A1JIINGFTRE54O,3WYGZ5XF3XUFASIILSMIAB63SIMSK0,0.00,$0.25,urss1qre,,,3NSCTNUR2Z256TDR73RKY2XUNPPA5E,3MU03ZNWVE417KSB0OOMNMU5K2A5FU,,0,direct_response,$0.25,0.01,45,0.00,1,1,2,8477139,0.00,21,0.00,1,1,,,,,,,,,,,
46,m1w4v2t4,,0,8,9,ultimatum_t1,1,Results,10.109.135.32,2017-08-18 00:56:53.756842+00:00,0,1,A3PMDWQTGOHQ8T,3V5Q80FXIY6G9VTD67FD27CXJ2232Y,0.00,$0.25,urss1qre,,,3NSCTNUR2Z256TDR73RKY2XUNPPA5E,3MU03ZNWVE417KSB0OOMNMU5K2A5FU,,0,direct_response,$0.25,0.01,46,0.00,1,1,1,,0.00,22,0.50,0,1,,,,,,,,,,,
47,gfd22tcy,,0,8,9,ultimatum_t1,1,Results,10.63.211.204,2017-08-18 01:04:34.149139+00:00,0,1,A1YC558J4E5KZ,3EICBYG645B4SRN46LW6UR28RQ2CJT,0.00,$0.25,urss1qre,,,3NSCTNUR2Z256TDR73RKY2XUNPPA5E,3MU03ZNWVE417KSB0OOMNMU5K2A5FU,,0,direct_response,$0.25,0.01,47,0.00,1,1,2,,0.00,42,0.50,0,1,,,,,,,,,,,
48,6s4c2dmh,,0,10,9,ultimatum_t1,1,Validation,10.138.121.5,2017-08-18 01:06:55.897111+00:00,0,1,A8DQMHN64SZOX,3DPNQGW4LMUP9SVITNWZ2PLFD71644,0.50,$0.75,urss1qre,,,3NSCTNUR2Z256TDR73RKY2XUNPPA5E,3MU03ZNWVE417KSB0OOMNMU5K2A5FU,,0,direct_response,$0.25,0.01,48,0.00,1,1,2,8052,0.50,23,0.50,1,1,,,,,,,,,,,
49,gcs3j3wt,,0,10,9,ultimatum_t1,1,Validation,10.230.176.210,2017-08-18 01:07:08.834963+00:00,0,1,A2HNMVLSQ0X86S,333U7HK6IAUEXJTI6HRHEXKQCQEJD0,0.50,$0.75,urss1qre,,,3NSCTNUR2Z256TDR73RKY2XUNPPA5E,3MU03ZNWVE417KSB0OOMNMU5K2A5FU,,0,direct_response,$0.25,0.01,49,0.00,1,1,1,351733,0.50,23,0.50,1,1,,,,,,,,,,,
50,vswaue3q,,0,10,9,ultimatum_t1,1,Validation,10.178.162.66,2017-08-18 01:12:50.443611+00:00,0,1,A1CT5GSRBEQZA3,3WSELTNVR4HADFMBY1EJQ2ZTPP9ATV,0.50,$0.75,urss1qre,,,3NSCTNUR2Z256TDR73RKY2XUNPPA5E,3MU03ZNWVE417KSB0OOMNMU5K2A5FU,,0,direct_response,$0.25,0.01,50,0.00,1,1,1,8116627,0.50,24,0.50,1,1,,,,,,,,,,,
51,zakoqcit,,0,10,9,ultimatum_t1,1,Validation,10.150.135.91,2017-08-18 01:13:05.102930+00:00,0,1,A29HDBGSELFSUY,3BF51CHDTWPO7TXY6501NDKS5920HK,0.50,$0.75,urss1qre,,,3NSCTNUR2Z256TDR73RKY2XUNPPA5E,3MU03ZNWVE417KSB0OOMNMU5K2A5FU,,0,direct_response,$0.25,0.01,51,0.00,1,1,1,1278436,0.50,25,0.50,1,1,,,,,,,,,,,
52,qubpq5lf,,0,8,9,ultimatum_t1,1,Results,10.186.81.42,2017-08-18 01:13:19.874323+00:00,0,1,A3UPAXLDS67HKJ,3SEPORI8WOE6ZRVA4T31CQ0AALVAZB,0.00,$0.25,urss1qre,,,3NSCTNUR2Z256TDR73RKY2XUNPPA5E,3MU03ZNWVE417KSB0OOMNMU5K2A5FU,,0,direct_response,$0.25,0.01,52,0.00,1,1,2,,0.00,43,0.00,0,1,,,,,,,,,,,
53,1g1t01ti,,0,10,9,ultimatum_t1,1,Validation,10.138.121.5,2017-08-18 01:16:20.823954+00:00,0,1,AVHJ2SNIMGZ91,3ZSY5X72NYQMZ43K4VE6RIIGQLGORV,0.50,$0.75,urss1qre,,,3NSCTNUR2Z256TDR73RKY2XUNPPA5E,3MU03ZNWVE417KSB0OOMNMU5K2A5FU,,0,direct_response,$0.25,0.01,53,0.00,1,1,2,9930382,0.50,24,0.50,1,1,,,,,,,,,,,
54,jvbcdvta,,0,10,9,ultimatum_t1,1,Validation,10.33.230.36,2017-08-18 01:20:02.335224+00:00,0,1,A1207N7QFOFPKB,3YGXWBAF71WEP94J3E92OPDP9TE4CW,0.50,$0.75,urss1qre,,,3NSCTNUR2Z256TDR73RKY2XUNPPA5E,3MU03ZNWVE417KSB0OOMNMU5K2A5FU,,0,direct_response,$0.25,0.01,54,0.00,1,1,2,7849809,0.50,25,0.50,1,1,,,,,,,,,,,
55,2wx1jhyo,,0,10,9,ultimatum_t1,1,Validation,10.30.53.152,2017-08-18 01:20:34.996630+00:00,0,1,A3QNLYEQ6WOG53,3RKNTXVS3NDQWU7LJ0DBIUN19QT4AU,0.25,$0.50,urss1qre,,,3NSCTNUR2Z256TDR73RKY2XUNPPA5E,3MU03ZNWVE417KSB0OOMNMU5K2A5FU,,0,direct_response,$0.25,0.01,55,0.00,1,1,2,8340711,0.25,26,0.25,1,1,,,,,,,,,,,
56,g6xyy41e,,0,10,9,ultimatum_t1,1,Validation,10.186.81.42,2017-08-18 01:20:37.428841+00:00,0,1,A14XOONDRPA4Z,3S4AW7T80CX7SDYPGR21R83C32SL4T,0.75,$1.00,urss1qre,,,3NSCTNUR2Z256TDR73RKY2XUNPPA5E,3MU03ZNWVE417KSB0OOMNMU5K2A5FU,,0,direct_response,$0.25,0.01,56,0.00,1,1,1,2291648,0.75,26,0.25,1,1,,,,,,,,,,,
57,r8ewgenh,,0,8,9,ultimatum_t1,1,Results,10.236.12.50,2017-08-18 01:21:41.812441+00:00,0,1,A15VRRHQCLJHC8,3JAOYWH7VJJ8PJ41XMYS8GESPU69LD,0.00,$0.25,urss1qre,,,3NSCTNUR2Z256TDR73RKY2XUNPPA5E,3MU03ZNWVE417KSB0OOMNMU5K2A5FU,,0,direct_response,$0.25,0.01,57,0.00,1,1,1,,0.00,38,0.20,0,1,,,,,,,,,,,
58,dm2bm6ng,,0,10,9,ultimatum_t1,1,Validation,10.230.176.210,2017-08-18 01:24:07.747856+00:00,0,1,A36L5AJ4CF3WCK,317HQ483I87ROK0PDTKKY1HKDFTNIC,0.50,$0.75,urss1qre,,,3NSCTNUR2Z256TDR73RKY2XUNPPA5E,3MU03ZNWVE417KSB0OOMNMU5K2A5FU,,0,direct_response,$0.25,0.01,58,0.00,1,1,1,6606788,0.50,32,0.50,1,1,,,,,,,,,,,
59,g8uddnpv,,0,10,9,ultimatum_t1,1,Validation,10.71.211.222,2017-08-18 01:25:08.328219+00:00,0,1,A2I9PUZT19ZBO8,3ZDAD0O1T2SM9SU49B6XAAARQAJXTN,0.50,$0.75,urss1qre,,,3NSCTNUR2Z256TDR73RKY2XUNPPA5E,3MU03ZNWVE417KSB0OOMNMU5K2A5FU,,0,direct_response,$0.25,0.01,59,0.00,1,1,1,2872228,0.50,27,0.50,1,1,,,,,,,,,,,
60,r1vwncj7,,0,8,9,ultimatum_t1,1,Results,10.154.148.197,2017-08-18 01:25:17.983331+00:00,0,1,A3LSAOP94U6K97,33OOO72IVI0Y6UJ9IFAAWXPHPSWCT1,0.00,$0.25,urss1qre,,,3NSCTNUR2Z256TDR73RKY2XUNPPA5E,3MU03ZNWVE417KSB0OOMNMU5K2A5FU,,0,direct_response,$0.25,0.01,60,0.00,1,1,1,,0.00,43,0.00,0,1,,,,,,,,,,,
61,kpxpghmf,,0,10,9,ultimatum_t1,1,Validation,10.109.132.249,2017-08-18 01:27:20.752182+00:00,0,1,A3RDR3WLGGNVVV,3GLB5JMZFYA46H3HYB6EHKSAKY0GDW,0.50,$0.75,urss1qre,,,3NSCTNUR2Z256TDR73RKY2XUNPPA5E,3MU03ZNWVE417KSB0OOMNMU5K2A5FU,,0,direct_response,$0.25,0.01,61,0.00,1,1,2,5799185,0.50,27,0.50,1,1,,,,,,,,,,,
62,k13mp1cm,,0,10,9,ultimatum_t1,1,Validation,10.63.231.107,2017-08-18 01:27:22.803028+00:00,0,1,A3U2UNSYDPS933,3MRNMEIQW6LKS9HI923UUCXIGFMDLZ,0.00,$0.25,urss1qre,,,3NSCTNUR2Z256TDR73RKY2XUNPPA5E,3MU03ZNWVE417KSB0OOMNMU5K2A5FU,,0,direct_response,$0.25,0.01,62,0.00,1,1,1,443698,0.00,35,0.00,0,1,,,,,,,,,,,
63,jte66tk4,,0,10,9,ultimatum_t1,1,Validation,10.150.135.91,2017-08-18 01:27:53.132982+00:00,0,1,A1LDP0JIA4IKAQ,3S96KQ6I9NJ8BMPNIB5LG37ZAS8DT2,0.50,$0.75,urss1qre,,,3NSCTNUR2Z256TDR73RKY2XUNPPA5E,3MU03ZNWVE417KSB0OOMNMU5K2A5FU,,0,direct_response,$0.25,0.01,63,0.00,1,1,1,6800029,0.50,28,0.50,1,1,,,,,,,,,,,
64,z75oc04k,,0,10,9,ultimatum_t1,1,Validation,10.45.50.47,2017-08-18 01:29:32.430955+00:00,0,1,A26H6ROXL9JY4O,3ZAK8W07I5TTCF3I64706S9IZH6U0H,0.50,$0.75,urss1qre,,,3NSCTNUR2Z256TDR73RKY2XUNPPA5E,3MU03ZNWVE417KSB0OOMNMU5K2A5FU,,0,direct_response,$0.25,0.01,64,0.00,1,1,2,4844756,0.50,28,0.50,1,1,,,,,,,,,,,
65,sh166xg8,,0,10,9,ultimatum_t1,1,Validation,10.109.135.32,2017-08-18 01:30:22.916543+00:00,0,1,A2KFSZAF4C7A06,3QFUFYSY9ZULSLOTUGZ3WVYS667F4J,0.00,$0.25,urss1qre,,,3NSCTNUR2Z256TDR73RKY2XUNPPA5E,3MU03ZNWVE417KSB0OOMNMU5K2A5FU,,0,direct_response,$0.25,0.01,65,0.00,1,1,2,4176702,0.00,29,0.00,0,1,,,,,,,,,,,
66,l9562p18,,0,8,9,ultimatum_t1,1,Results,10.169.124.243,2017-08-18 01:30:49.540432+00:00,0,1,A32OQMVL7Y17M6,3QY5DC2MXSZK9JI89MQL9ZWM5JVUFL,0.00,$0.25,urss1qre,,,3NSCTNUR2Z256TDR73RKY2XUNPPA5E,3MU03ZNWVE417KSB0OOMNMU5K2A5FU,,0,direct_response,$0.25,0.01,66,0.00,1,1,1,,0.00,30,0.50,0,1,,,,,,,,,,,
67,g9xr5hsr,,0,10,9,ultimatum_t1,1,Validation,10.97.160.245,2017-08-18 01:31:18.519138+00:00,0,1,A2G4O61TYSWYS9,3SLE99ER0OSBI102A73X71KGS3IZBX,0.50,$0.75,urss1qre,,,3NSCTNUR2Z256TDR73RKY2XUNPPA5E,3MU03ZNWVE417KSB0OOMNMU5K2A5FU,,0,direct_response,$0.25,0.01,67,0.00,1,1,1,1999864,0.50,31,0.50,1,1,,,,,,,,,,,
68,n9mst2vq,,0,10,9,ultimatum_t1,1,Validation,10.236.186.89,2017-08-18 01:31:32.460880+00:00,0,1,A192EJRA8LJYMV,37TD41K0AIOXRU6UTF5KMSTVN9ISCS,0.50,$0.75,urss1qre,,,3NSCTNUR2Z256TDR73RKY2XUNPPA5E,3MU03ZNWVE417KSB0OOMNMU5K2A5FU,,0,direct_response,$0.25,0.01,68,0.00,1,1,2,1085305,0.50,31,0.50,1,1,,,,,,,,,,,
69,go0jkvbx,,0,10,9,ultimatum_t1,1,Validation,10.16.227.159,2017-08-18 01:36:13.587031+00:00,0,1,AL5HBAJ3ZCNSD,32KTQ2V7REUSV1MMXYZ78TTHPZY9MH,0.50,$0.75,urss1qre,,,3NSCTNUR2Z256TDR73RKY2XUNPPA5E,3MU03ZNWVE417KSB0OOMNMU5K2A5FU,,0,direct_response,$0.25,0.01,69,0.00,1,1,2,7821350,0.50,32,0.50,1,1,,,,,,,,,,,
70,2xt7w7yp,,0,8,9,ultimatum_t1,1,Results,10.65.88.66,2017-08-18 01:43:24.272555+00:00,0,1,A15WC7PG7FJ3U8,3AMYWKA6YC1TDL50C7B8GNRKUY6O61,0.00,$0.25,urss1qre,,,3NSCTNUR2Z256TDR73RKY2XUNPPA5E,3MU03ZNWVE417KSB0OOMNMU5K2A5FU,,0,direct_response,$0.25,0.01,70,0.00,1,1,1,,0.00,40,0.00,0,1,,,,,,,,,,,
71,sh62t34s,,0,10,9,ultimatum_t1,1,Validation,10.45.73.26,2017-08-18 01:44:07.684791+00:00,0,1,A14UHV6X0JRDK6,3WS1NTTKEZR4TX6SBFC1KS8FPUTF05,0.50,$0.75,urss1qre,,,3NSCTNUR2Z256TDR73RKY2XUNPPA5E,3MU03ZNWVE417KSB0OOMNMU5K2A5FU,,0,direct_response,$0.25,0.01,71,0.00,1,1,1,3598632,0.50,34,0.50,1,1,,,,,,,,,,,
72,1iypciou,,0,3,9,ultimatum_t1,1,WaitToStart,10.63.100.77,2017-08-18 01:44:52.805743+00:00,0,1,A1K78KY8SGVH4J,3ZGVPD4G6UWBENUJATUI7VQ2YAKTZJ,0.00,$0.25,urss1qre,,,3NSCTNUR2Z256TDR73RKY2XUNPPA5E,3MU03ZNWVE417KSB0OOMNMU5K2A5FU,,0,direct_response,$0.25,0.01,72,0.00,1,1,72,,0.00,1,,,1,,,,,,,,,,,
73,m82s3sh7,,0,10,9,ultimatum_t1,1,Validation,10.154.148.197,2017-08-18 01:47:36.702248+00:00,0,1,A3PQYXLTFRM14Z,3LS2AMNW5G5MN3OKRGP6MS8BUZIQO0,0.50,$0.75,urss1qre,,,3NSCTNUR2Z256TDR73RKY2XUNPPA5E,3MU03ZNWVE417KSB0OOMNMU5K2A5FU,,0,direct_response,$0.25,0.01,73,0.00,1,1,2,6903396,0.50,34,0.50,1,1,,,,,,,,,,,
74,zyeinmnw,,0,10,9,ultimatum_t1,1,Validation,10.145.25.250,2017-08-18 01:51:15.732238+00:00,0,1,AT4NY32L3M7HO,3X4MXAO0BH3U4DCMVH5G8CV2TNKRWF,0.00,$0.25,urss1qre,,,3NSCTNUR2Z256TDR73RKY2XUNPPA5E,3MU03ZNWVE417KSB0OOMNMU5K2A5FU,,0,direct_response,$0.25,0.01,74,0.00,1,1,2,3155563,0.00,35,0.00,0,1,,,,,,,,,,,
75,choq8rz5,,0,8,9,ultimatum_t1,1,Results,10.150.135.91,2017-08-18 01:52:17.077815+00:00,0,1,A5ZX7W5SUM0CO,3R3YRB5GRGIPDS10Y64TVYLV83LUAB,0.00,$0.25,urss1qre,,,3NSCTNUR2Z256TDR73RKY2XUNPPA5E,3MU03ZNWVE417KSB0OOMNMU5K2A5FU,,0,direct_response,$0.25,0.01,75,0.00,1,1,1,,0.00,36,0.00,0,1,,,,,,,,,,,
76,c0uu2wr0,,0,10,9,ultimatum_t1,1,Validation,10.164.172.163,2017-08-18 01:54:15.026338+00:00,0,1,AI46QXF9WCXNB,3WETL7AQWUN88SC0OQHB0EF93D1359,0.60,$0.85,urss1qre,,,3NSCTNUR2Z256TDR73RKY2XUNPPA5E,3MU03ZNWVE417KSB0OOMNMU5K2A5FU,,0,direct_response,$0.25,0.01,76,0.00,1,1,1,2232858,0.60,41,0.40,1,1,,,,,,,,,,,
77,g8719r3o,,0,10,9,ultimatum_t1,1,Validation,10.179.109.26,2017-08-18 01:55:53.334006+00:00,0,1,AFC9Q2YBBESIP,3570Y55XZQY74SY8U7TSU52B2NAGYA,0.00,$0.25,urss1qre,,,3NSCTNUR2Z256TDR73RKY2XUNPPA5E,3MU03ZNWVE417KSB0OOMNMU5K2A5FU,,0,direct_response,$0.25,0.01,77,0.00,1,1,2,1177140,0.00,36,0.00,0,1,,,,,,,,,,,
78,3l2f32z6,,0,10,9,ultimatum_t1,1,Validation,10.152.233.4,2017-08-18 01:57:26.700642+00:00,0,1,AAKD9LBVTL96Y,3YT88D1N09DBQBX3VDLH23YR03WK3B,0.00,$0.25,urss1qre,,,3NSCTNUR2Z256TDR73RKY2XUNPPA5E,3MU03ZNWVE417KSB0OOMNMU5K2A5FU,,0,direct_response,$0.25,0.01,78,0.00,1,1,1,2047053,0.00,37,0.45,0,1,,,,,,,,,,,
79,j3bftcx4,,0,10,9,ultimatum_t1,1,Validation,10.69.205.24,2017-08-18 02:02:05.915917+00:00,0,1,A2X3OGOWP394KH,3WT783CTPCWYA8PSITJPW3JVJM1BCH,0.00,$0.25,urss1qre,,,3NSCTNUR2Z256TDR73RKY2XUNPPA5E,3MU03ZNWVE417KSB0OOMNMU5K2A5FU,,0,direct_response,$0.25,0.01,79,0.00,1,1,2,1910242,0.00,37,0.45,0,1,,,,,,,,,,,
80,wccgsdyf,,0,10,9,ultimatum_t1,1,Validation,10.179.16.238,2017-08-18 02:13:24.214554+00:00,0,1,A31EKW6T0B3QBJ,3IRIK4HM3BZS4W8XM22HLNX35LSC6Z,0.50,$0.75,urss1qre,,,3NSCTNUR2Z256TDR73RKY2XUNPPA5E,3MU03ZNWVE417KSB0OOMNMU5K2A5FU,,0,direct_response,$0.25,0.01,80,0.00,1,1,1,3612870,0.50,39,0.50,1,1,,,,,,,,,,,
81,6rn5oxu3,,0,8,9,ultimatum_t1,1,Results,10.154.45.231,2017-08-18 02:13:41.028112+00:00,0,1,A121HFPU2RMP97,3BQU611VFQZDOH3S8PV237NXP1X99Q,0.00,$0.25,urss1qre,,,3NSCTNUR2Z256TDR73RKY2XUNPPA5E,3MU03ZNWVE417KSB0OOMNMU5K2A5FU,,0,direct_response,$0.25,0.01,81,0.00,1,1,2,,0.00,38,0.20,0,1,,,,,,,,,,,
82,ag7o0rbe,,0,10,9,ultimatum_t1,1,Validation,10.138.121.5,2017-08-18 02:14:14.003061+00:00,0,1,A1WNHGZ8S46T3C,3ERMJ6L4DZ7OHIYTI11NUX2BUAG7MB,0.50,$0.75,urss1qre,,,3NSCTNUR2Z256TDR73RKY2XUNPPA5E,3MU03ZNWVE417KSB0OOMNMU5K2A5FU,,0,direct_response,$0.25,0.01,82,0.00,1,1,2,3718066,0.50,39,0.50,1,1,,,,,,,,,,,
83,d1dxq5wm,,0,8,9,ultimatum_t1,1,Results,10.179.86.73,2017-08-18 02:16:49.425538+00:00,0,1,AH7VDAMSH59K3,3GD6L00D3TCA6WJRTLKETNBYROH1M9,0.00,$0.25,urss1qre,,,3NSCTNUR2Z256TDR73RKY2XUNPPA5E,3MU03ZNWVE417KSB0OOMNMU5K2A5FU,,0,direct_response,$0.25,0.01,83,0.00,1,1,2,,0.00,40,0.00,0,1,,,,,,,,,,,
84,wvp9rjg8,,0,10,9,ultimatum_t1,1,Validation,10.81.229.55,2017-08-18 02:22:15.541496+00:00,0,1,A2KDCANVN4H2EK,3LYA37P8IR2GT61GA60NKMW3OVEBKY,0.40,$0.65,urss1qre,,,3NSCTNUR2Z256TDR73RKY2XUNPPA5E,3MU03ZNWVE417KSB0OOMNMU5K2A5FU,,0,direct_response,$0.25,0.01,84,0.00,1,1,2,8209084,0.40,41,0.40,1,1,,,,,,,,,,,
85,92kip9og,,0,10,9,ultimatum_t1,1,Validation,10.169.197.46,2017-08-18 02:26:44.901639+00:00,0,1,AGZ0UNIZG116N,358UUM7WR0IFEYBLN9X4GWWL0XI7R2,0.00,$0.25,urss1qre,,,3NSCTNUR2Z256TDR73RKY2XUNPPA5E,3MU03ZNWVE417KSB0OOMNMU5K2A5FU,,0,direct_response,$0.25,0.01,85,0.00,1,1,1,,0.00,42,0.50,0,1,,,,,,,,,,,
86,22o4e9b7,,0,0,9,,,,,,0,0,,,0.00,$0.25,urss1qre,,,3NSCTNUR2Z256TDR73RKY2XUNPPA5E,3MU03ZNWVE417KSB0OOMNMU5K2A5FU,,0,direct_response,$0.25,0.01,86,0.00,1,1,86,,0.00,1,,,1,,,,,,,,,,,
87,we2rh4cp,,0,0,9,,,,,,0,0,,,0.00,$0.25,urss1qre,,,3NSCTNUR2Z256TDR73RKY2XUNPPA5E,3MU03ZNWVE417KSB0OOMNMU5K2A5FU,,0,direct_response,$0.25,0.01,87,0.00,1,1,87,,0.00,1,,,1,,,,,,,,,,,
88,1ir1iluu,,0,0,9,,,,,,0,0,,,0.00,$0.25,urss1qre,,,3NSCTNUR2Z256TDR73RKY2XUNPPA5E,3MU03ZNWVE417KSB0OOMNMU5K2A5FU,,0,direct_response,$0.25,0.01,88,0.00,1,1,88,,0.00,1,,,1,,,,,,,,,,,
89,76jjv0v9,,0,0,9,,,,,,0,0,,,0.00,$0.25,urss1qre,,,3NSCTNUR2Z256TDR73RKY2XUNPPA5E,3MU03ZNWVE417KSB0OOMNMU5K2A5FU,,0,direct_response,$0.25,0.01,89,0.00,1,1,89,,0.00,1,,,1,,,,,,,,,,,
90,zf87puqd,,0,0,9,,,,,,0,0,,,0.00,$0.25,urss1qre,,,3NSCTNUR2Z256TDR73RKY2XUNPPA5E,3MU03ZNWVE417KSB0OOMNMU5K2A5FU,,0,direct_response,$0.25,0.01,90,0.00,1,1,90,,0.00,1,,,1,,,,,,,,,,,
91,ol2p6r79,,0,0,9,,,,,,0,0,,,0.00,$0.25,urss1qre,,,3NSCTNUR2Z256TDR73RKY2XUNPPA5E,3MU03ZNWVE417KSB0OOMNMU5K2A5FU,,0,direct_response,$0.25,0.01,91,0.00,1,1,91,,0.00,1,,,1,,,,,,,,,,,
92,1jx81g30,,0,0,9,,,,,,0,0,,,0.00,$0.25,urss1qre,,,3NSCTNUR2Z256TDR73RKY2XUNPPA5E,3MU03ZNWVE417KSB0OOMNMU5K2A5FU,,0,direct_response,$0.25,0.01,92,0.00,1,1,92,,0.00,1,,,1,,,,,,,,,,,
93,matfb4ya,,0,0,9,,,,,,0,0,,,0.00,$0.25,urss1qre,,,3NSCTNUR2Z256TDR73RKY2XUNPPA5E,3MU03ZNWVE417KSB0OOMNMU5K2A5FU,,0,direct_response,$0.25,0.01,93,0.00,1,1,93,,0.00,1,,,1,,,,,,,,,,,
94,5nh7tpi3,,0,0,9,,,,,,0,0,,,0.00,$0.25,urss1qre,,,3NSCTNUR2Z256TDR73RKY2XUNPPA5E,3MU03ZNWVE417KSB0OOMNMU5K2A5FU,,0,direct_response,$0.25,0.01,94,0.00,1,1,94,,0.00,1,,,1,,,,,,,,,,,
95,zhp7htmi,,0,0,9,,,,,,0,0,,,0.00,$0.25,urss1qre,,,3NSCTNUR2Z256TDR73RKY2XUNPPA5E,3MU03ZNWVE417KSB0OOMNMU5K2A5FU,,0,direct_response,$0.25,0.01,95,0.00,1,1,95,,0.00,1,,,1,,,,,,,,,,,
96,8ap9ul5j,,0,0,9,,,,,,0,0,,,0.00,$0.25,urss1qre,,,3NSCTNUR2Z256TDR73RKY2XUNPPA5E,3MU03ZNWVE417KSB0OOMNMU5K2A5FU,,0,direct_response,$0.25,0.01,96,0.00,1,1,96,,0.00,1,,,1,,,,,,,,,,,
97,ao3dpak4,,0,0,9,,,,,,0,0,,,0.00,$0.25,urss1qre,,,3NSCTNUR2Z256TDR73RKY2XUNPPA5E,3MU03ZNWVE417KSB0OOMNMU5K2A5FU,,0,direct_response,$0.25,0.01,97,0.00,1,1,97,,0.00,1,,,1,,,,,,,,,,,
98,yhnl2x2o,,0,0,9,,,,,,0,0,,,0.00,$0.25,urss1qre,,,3NSCTNUR2Z256TDR73RKY2XUNPPA5E,3MU03ZNWVE417KSB0OOMNMU5K2A5FU,,0,direct_response,$0.25,0.01,98,0.00,1,1,98,,0.00,1,,,1,,,,,,,,,,,
99,12tn9vll,,0,0,9,,,,,,0,0,,,0.00,$0.25,urss1qre,,,3NSCTNUR2Z256TDR73RKY2XUNPPA5E,3MU03ZNWVE417KSB0OOMNMU5K2A5FU,,0,direct_response,$0.25,0.01,99,0.00,1,1,99,,0.00,1,,,1,,,,,,,,,,,
100,4di7gdsp,,0,0,9,,,,,,0,0,,,0.00,$0.25,urss1qre,,,3NSCTNUR2Z256TDR73RKY2XUNPPA5E,3MU03ZNWVE417KSB0OOMNMU5K2A5FU,,0,direct_response,$0.25,0.01,100,0.00,1,1,100,,0.00,1,,,1,,,,,,,,,,,
101,1eih1c6e,,0,0,9,,,,,,0,0,,,0.00,$0.25,urss1qre,,,3NSCTNUR2Z256TDR73RKY2XUNPPA5E,3MU03ZNWVE417KSB0OOMNMU5K2A5FU,,0,direct_response,$0.25,0.01,101,0.00,1,1,101,,0.00,1,,,1,,,,,,,,,,,
102,xg1y422b,,0,0,9,,,,,,0,0,,,0.00,$0.25,urss1qre,,,3NSCTNUR2Z256TDR73RKY2XUNPPA5E,3MU03ZNWVE417KSB0OOMNMU5K2A5FU,,0,direct_response,$0.25,0.01,102,0.00,1,1,102,,0.00,1,,,1,,,,,,,,,,,
103,x9kohyc4,,0,0,9,,,,,,0,0,,,0.00,$0.25,urss1qre,,,3NSCTNUR2Z256TDR73RKY2XUNPPA5E,3MU03ZNWVE417KSB0OOMNMU5K2A5FU,,0,direct_response,$0.25,0.01,103,0.00,1,1,103,,0.00,1,,,1,,,,,,,,,,,
104,8qu8pzks,,0,0,9,,,,,,0,0,,,0.00,$0.25,urss1qre,,,3NSCTNUR2Z256TDR73RKY2XUNPPA5E,3MU03ZNWVE417KSB0OOMNMU5K2A5FU,,0,direct_response,$0.25,0.01,104,0.00,1,1,104,,0.00,1,,,1,,,,,,,,,,,
105,51p8v2g7,,0,0,9,,,,,,0,0,,,0.00,$0.25,urss1qre,,,3NSCTNUR2Z256TDR73RKY2XUNPPA5E,3MU03ZNWVE417KSB0OOMNMU5K2A5FU,,0,direct_response,$0.25,0.01,105,0.00,1,1,105,,0.00,1,,,1,,,,,,,,,,,
106,xmsdwzg2,,0,0,9,,,,,,0,0,,,0.00,$0.25,urss1qre,,,3NSCTNUR2Z256TDR73RKY2XUNPPA5E,3MU03ZNWVE417KSB0OOMNMU5K2A5FU,,0,direct_response,$0.25,0.01,106,0.00,1,1,106,,0.00,1,,,1,,,,,,,,,,,
107,kiktgdpn,,0,0,9,,,,,,0,0,,,0.00,$0.25,urss1qre,,,3NSCTNUR2Z256TDR73RKY2XUNPPA5E,3MU03ZNWVE417KSB0OOMNMU5K2A5FU,,0,direct_response,$0.25,0.01,107,0.00,1,1,107,,0.00,1,,,1,,,,,,,,,,,
108,qdui3noi,,0,0,9,,,,,,0,0,,,0.00,$0.25,urss1qre,,,3NSCTNUR2Z256TDR73RKY2XUNPPA5E,3MU03ZNWVE417KSB0OOMNMU5K2A5FU,,0,direct_response,$0.25,0.01,108,0.00,1,1,108,,0.00,1,,,1,,,,,,,,,,,
109,ho5zhoq4,,0,0,9,,,,,,0,0,,,0.00,$0.25,urss1qre,,,3NSCTNUR2Z256TDR73RKY2XUNPPA5E,3MU03ZNWVE417KSB0OOMNMU5K2A5FU,,0,direct_response,$0.25,0.01,109,0.00,1,1,109,,0.00,1,,,1,,,,,,,,,,,
110,2vq3b3dy,,0,0,9,,,,,,0,0,,,0.00,$0.25,urss1qre,,,3NSCTNUR2Z256TDR73RKY2XUNPPA5E,3MU03ZNWVE417KSB0OOMNMU5K2A5FU,,0,direct_response,$0.25,0.01,110,0.00,1,1,110,,0.00,1,,,1,,,,,,,,,,,
111,fgs5j7qm,,0,0,9,,,,,,0,0,,,0.00,$0.25,urss1qre,,,3NSCTNUR2Z256TDR73RKY2XUNPPA5E,3MU03ZNWVE417KSB0OOMNMU5K2A5FU,,0,direct_response,$0.25,0.01,111,0.00,1,1,111,,0.00,1,,,1,,,,,,,,,,,
112,ljd4tess,,0,0,9,,,,,,0,0,,,0.00,$0.25,urss1qre,,,3NSCTNUR2Z256TDR73RKY2XUNPPA5E,3MU03ZNWVE417KSB0OOMNMU5K2A5FU,,0,direct_response,$0.25,0.01,112,0.00,1,1,112,,0.00,1,,,1,,,,,,,,,,,
113,m9ep5mol,,0,0,9,,,,,,0,0,,,0.00,$0.25,urss1qre,,,3NSCTNUR2Z256TDR73RKY2XUNPPA5E,3MU03ZNWVE417KSB0OOMNMU5K2A5FU,,0,direct_response,$0.25,0.01,113,0.00,1,1,113,,0.00,1,,,1,,,,,,,,,,,
114,gbw501j3,,0,0,9,,,,,,0,0,,,0.00,$0.25,urss1qre,,,3NSCTNUR2Z256TDR73RKY2XUNPPA5E,3MU03ZNWVE417KSB0OOMNMU5K2A5FU,,0,direct_response,$0.25,0.01,114,0.00,1,1,114,,0.00,1,,,1,,,,,,,,,,,
115,ua2u6vlz,,0,0,9,,,,,,0,0,,,0.00,$0.25,urss1qre,,,3NSCTNUR2Z256TDR73RKY2XUNPPA5E,3MU03ZNWVE417KSB0OOMNMU5K2A5FU,,0,direct_response,$0.25,0.01,115,0.00,1,1,115,,0.00,1,,,1,,,,,,,,,,,
116,p3xj99ca,,0,0,9,,,,,,0,0,,,0.00,$0.25,urss1qre,,,3NSCTNUR2Z256TDR73RKY2XUNPPA5E,3MU03ZNWVE417KSB0OOMNMU5K2A5FU,,0,direct_response,$0.25,0.01,116,0.00,1,1,116,,0.00,1,,,1,,,,,,,,,,,
117,umgmuik9,,0,0,9,,,,,,0,0,,,0.00,$0.25,urss1qre,,,3NSCTNUR2Z256TDR73RKY2XUNPPA5E,3MU03ZNWVE417KSB0OOMNMU5K2A5FU,,0,direct_response,$0.25,0.01,117,0.00,1,1,117,,0.00,1,,,1,,,,,,,,,,,
118,1endbr6v,,0,0,9,,,,,,0,0,,,0.00,$0.25,urss1qre,,,3NSCTNUR2Z256TDR73RKY2XUNPPA5E,3MU03ZNWVE417KSB0OOMNMU5K2A5FU,,0,direct_response,$0.25,0.01,118,0.00,1,1,118,,0.00,1,,,1,,,,,,,,,,,
119,wmge5p5f,,0,0,9,,,,,,0,0,,,0.00,$0.25,urss1qre,,,3NSCTNUR2Z256TDR73RKY2XUNPPA5E,3MU03ZNWVE417KSB0OOMNMU5K2A5FU,,0,direct_response,$0.25,0.01,119,0.00,1,1,119,,0.00,1,,,1,,,,,,,,,,,
120,zeactdwy,,0,0,9,,,,,,0,0,,,0.00,$0.25,urss1qre,,,3NSCTNUR2Z256TDR73RKY2XUNPPA5E,3MU03ZNWVE417KSB0OOMNMU5K2A5FU,,0,direct_response,$0.25,0.01,120,0.00,1,1,120,,0.00,1,,,1,,,,,,,,,,,
1,ktsr7a9u,,0,11,10,ultimatum_windfall_vignette,1,Validation,10.81.172.78,2017-08-17 23:59:31.599674+00:00,0,1,AVOF14300525D,3VHHR074H4W4B0G8IP08UKNMU497LQ,0.50,$0.75,zg3j6blu,,,3EHIMLB7F7E33Y47B78FR8UP2AG8HP,3MU03ZNWVE417KSB0OOMNMU5K2A5FU,,0,direct_response,$0.25,0.01,,,,,,,,,,,,1,0.00,1,1,1,6415945,0.50,2,0.50,1,1
2,2uru22w3,,0,11,10,ultimatum_windfall_vignette,1,Validation,10.71.204.252,2017-08-17 23:59:38.288476+00:00,0,1,AMB2CMVR8TCXU,33FBRBDW6PEF8ARLFHZF51TUBF1C82,0.60,$0.85,zg3j6blu,,,3EHIMLB7F7E33Y47B78FR8UP2AG8HP,3MU03ZNWVE417KSB0OOMNMU5K2A5FU,,0,direct_response,$0.25,0.01,,,,,,,,,,,,2,0.00,1,1,1,7594652,0.60,3,0.40,1,1
3,iemzz80e,,0,11,10,ultimatum_windfall_vignette,1,Validation,10.152.65.114,2017-08-18 00:00:01.979161+00:00,0,1,A2GOYSTIL3LOV1,3RJSC4XJ119CR0D353ZSYGH200305V,0.50,$0.75,zg3j6blu,,,3EHIMLB7F7E33Y47B78FR8UP2AG8HP,3MU03ZNWVE417KSB0OOMNMU5K2A5FU,,0,direct_response,$0.25,0.01,,,,,,,,,,,,3,0.00,1,1,1,3337015,0.50,4,0.50,1,1
4,i70ro8bw,,0,11,10,ultimatum_windfall_vignette,1,Validation,10.186.38.2,2017-08-18 00:00:02.518910+00:00,0,1,A1XAOEDK0Y2KBT,32Z9ZLUT1MZ9AAPH8Q2CDEGA3CAHOJ,0.50,$0.75,zg3j6blu,,,3EHIMLB7F7E33Y47B78FR8UP2AG8HP,3MU03ZNWVE417KSB0OOMNMU5K2A5FU,,0,direct_response,$0.25,0.01,,,,,,,,,,,,4,0.00,1,1,2,7188868,0.50,2,0.50,1,1
5,l4juhcwz,,0,11,10,ultimatum_windfall_vignette,1,Validation,10.109.132.249,2017-08-18 00:00:12.440603+00:00,0,1,A1LUM8ICNKFUX0,3LRKMWOKB6WHUO06REAM68HCYXV2ZO,0.40,$0.65,zg3j6blu,,,3EHIMLB7F7E33Y47B78FR8UP2AG8HP,3MU03ZNWVE417KSB0OOMNMU5K2A5FU,,0,direct_response,$0.25,0.01,,,,,,,,,,,,5,0.00,1,1,2,5304810,0.40,3,0.40,1,1
6,70cebnfd,,0,11,10,ultimatum_windfall_vignette,1,Validation,10.13.194.229,2017-08-18 00:00:33.493233+00:00,0,1,AWOLBQZMUHKTU,3G5W44VEU8XCKN9RQSS1LXN047NKG3,0.50,$0.75,zg3j6blu,,,3EHIMLB7F7E33Y47B78FR8UP2AG8HP,3MU03ZNWVE417KSB0OOMNMU5K2A5FU,,0,direct_response,$0.25,0.01,,,,,,,,,,,,6,0.00,1,1,2,1279004,0.50,4,0.50,1,1
7,vrslga0y,,0,11,10,ultimatum_windfall_vignette,1,Validation,10.150.135.91,2017-08-18 00:00:45.611551+00:00,0,1,ASIBZ1YHF6RQ3,3OS4RQUCRAU5DK929V9Q494YGYEFBF,0.50,$0.75,zg3j6blu,,,3EHIMLB7F7E33Y47B78FR8UP2AG8HP,3MU03ZNWVE417KSB0OOMNMU5K2A5FU,,0,direct_response,$0.25,0.01,,,,,,,,,,,,7,0.00,1,1,1,3847689,0.50,7,0.50,1,1
8,3v6bz0fw,,0,11,10,ultimatum_windfall_vignette,1,Validation,10.178.64.67,2017-08-18 00:00:45.508360+00:00,0,1,A1LRDHZZUVF9AZ,3NJM2BJS4XL0E2Q21Y1QRNOK0P1CPM,0.00,$0.25,zg3j6blu,,,3EHIMLB7F7E33Y47B78FR8UP2AG8HP,3MU03ZNWVE417KSB0OOMNMU5K2A5FU,,0,direct_response,$0.25,0.01,,,,,,,,,,,,8,0.00,1,1,1,6523879,0.00,5,0.50,0,1
9,yefusggj,,0,11,10,ultimatum_windfall_vignette,1,Validation,10.111.221.243,2017-08-18 00:02:16.102006+00:00,0,1,A3QDFV8LK9A1HX,3VBEN272MLEA86MZV113CJEAL10SGS,0.50,$0.75,zg3j6blu,,,3EHIMLB7F7E33Y47B78FR8UP2AG8HP,3MU03ZNWVE417KSB0OOMNMU5K2A5FU,,0,direct_response,$0.25,0.01,,,,,,,,,,,,9,0.00,1,1,2,6788195,0.50,8,0.50,1,1
10,2sk78qpc,,0,9,10,ultimatum_windfall_vignette,1,Results,10.169.197.46,2017-08-18 00:03:15.917231+00:00,0,1,A38R7SIVV118KT,3BDCF01OGY9NQKC95YQ87X7JY3ILY5,0.00,$0.25,zg3j6blu,,,3EHIMLB7F7E33Y47B78FR8UP2AG8HP,3MU03ZNWVE417KSB0OOMNMU5K2A5FU,,0,direct_response,$0.25,0.01,,,,,,,,,,,,10,0.00,1,1,2,,0.00,5,0.50,0,1
11,r11w5l43,,0,11,10,ultimatum_windfall_vignette,1,Validation,10.69.205.24,2017-08-18 00:04:12.729113+00:00,0,1,A1VJN1Y35LDNPE,39RP059MEI8BJU1JVID3ZZO7DZQMBT,0.50,$0.75,zg3j6blu,,,3EHIMLB7F7E33Y47B78FR8UP2AG8HP,3MU03ZNWVE417KSB0OOMNMU5K2A5FU,,0,direct_response,$0.25,0.01,,,,,,,,,,,,11,0.00,1,1,1,4456496,0.50,6,0.50,1,1
12,h258dp0w,,0,11,10,ultimatum_windfall_vignette,1,Validation,10.109.132.249,2017-08-18 00:05:44.174163+00:00,0,1,A4IX0UUC3A3GY,3Y54SXRO1M0USO0946VAQ3BNWSTTUI,0.50,$0.75,zg3j6blu,,,3EHIMLB7F7E33Y47B78FR8UP2AG8HP,3MU03ZNWVE417KSB0OOMNMU5K2A5FU,,0,direct_response,$0.25,0.01,,,,,,,,,,,,12,0.00,1,1,2,316878,0.50,6,0.50,1,1
13,eydpzbpp,,0,3,10,consent_start2_copy,1,Proceed,10.157.112.148,2017-08-18 00:06:21.641289+00:00,0,1,A3891AS26VQIAS,3YZ8UPK3VU1D67YYIK0K1TBJ86TUC0,0.00,$0.25,zg3j6blu,,,3EHIMLB7F7E33Y47B78FR8UP2AG8HP,3MU03ZNWVE417KSB0OOMNMU5K2A5FU,,0,direct_response,$0.25,0.01,,,,,,,,,,,,13,0.00,1,1,13,,0.00,1,,,1
14,s4k7jzda,,0,9,10,ultimatum_windfall_vignette,1,Results,10.143.28.92,2017-08-18 00:06:23.661032+00:00,0,1,A1THXHPVWVEWNZ,30MVJZJNHNS2UTG1U1MFS110L5T9J3,0.00,$0.25,zg3j6blu,,,3EHIMLB7F7E33Y47B78FR8UP2AG8HP,3MU03ZNWVE417KSB0OOMNMU5K2A5FU,,0,direct_response,$0.25,0.01,,,,,,,,,,,,14,0.00,1,1,2,,0.00,9,0.50,0,1
15,f9ri5luv,,0,11,10,ultimatum_windfall_vignette,1,Validation,10.13.194.229,2017-08-18 00:12:07.848696+00:00,0,1,A1G17IJC53N6K3,3VAR3R6G1QGGHZOO5M8601NB0TLO8C,0.50,$0.75,zg3j6blu,,,3EHIMLB7F7E33Y47B78FR8UP2AG8HP,3MU03ZNWVE417KSB0OOMNMU5K2A5FU,,0,direct_response,$0.25,0.01,,,,,,,,,,,,15,0.00,1,1,2,6069504,0.50,7,0.50,1,1
16,y0dzrigk,,0,3,10,consent_start2_copy,1,Proceed,10.141.27.204,2017-08-18 00:12:48.684706+00:00,0,1,A390LJJVHF36FX,3M0NZ3JDP2D9TLJT9XCK4FKOI7NZ5N,0.00,$0.25,zg3j6blu,,,3EHIMLB7F7E33Y47B78FR8UP2AG8HP,3MU03ZNWVE417KSB0OOMNMU5K2A5FU,,0,direct_response,$0.25,0.01,,,,,,,,,,,,16,0.00,1,1,16,,0.00,1,,,1
17,gvbe60sh,,0,11,10,ultimatum_windfall_vignette,1,Validation,10.81.229.55,2017-08-18 00:15:19.586735+00:00,0,1,A2CTUC9T6QF10J,31T4R4OBOTVB8WM25C79R1XZ0VXC7H,0.50,$0.75,zg3j6blu,,,3EHIMLB7F7E33Y47B78FR8UP2AG8HP,3MU03ZNWVE417KSB0OOMNMU5K2A5FU,,0,direct_response,$0.25,0.01,,,,,,,,,,,,17,0.00,1,1,1,271950,0.50,8,0.50,1,1
18,4k8x65p2,,0,3,10,consent_start2_copy,1,Proceed,10.179.204.228,2017-08-18 00:18:22.548531+00:00,0,1,A2YLK83DQ6PA5Y,3RANCT1ZVGWUW26S4K4PQ951QLUBUB,0.00,$0.25,zg3j6blu,,,3EHIMLB7F7E33Y47B78FR8UP2AG8HP,3MU03ZNWVE417KSB0OOMNMU5K2A5FU,,0,direct_response,$0.25,0.01,,,,,,,,,,,,18,0.00,1,1,18,,0.00,1,,,1
19,s6xnuslq,,0,11,10,ultimatum_windfall_vignette,1,Validation,10.187.70.119,2017-08-18 00:18:39.844712+00:00,0,1,A1GRLZL4F72RBJ,3R2PKQ87NXNL62FP1S5KLMSK8PCIM0,0.00,$0.25,zg3j6blu,,,3EHIMLB7F7E33Y47B78FR8UP2AG8HP,3MU03ZNWVE417KSB0OOMNMU5K2A5FU,,0,direct_response,$0.25,0.01,,,,,,,,,,,,19,0.00,1,1,1,5300281,0.00,9,0.50,0,1
20,mo77xtxt,,0,9,10,ultimatum_windfall_vignette,1,Results,10.179.55.98,2017-08-18 00:21:46.176536+00:00,0,1,A2R7GB0KGZQVWY,3Z7ISHFUH1ASG32V7VJNGZUFKXPZ8Q,0.00,$0.25,zg3j6blu,,,3EHIMLB7F7E33Y47B78FR8UP2AG8HP,3MU03ZNWVE417KSB0OOMNMU5K2A5FU,,0,direct_response,$0.25,0.01,,,,,,,,,,,,20,0.00,1,1,1,,0.00,10,0.10,0,1
21,56zu748p,,0,11,10,ultimatum_windfall_vignette,1,Validation,10.167.190.210,2017-08-18 00:25:31.112030+00:00,0,1,A1CD3C4WYCBVL8,338JKRMM27EK86VGY7XUCJW5EV9AHG,0.00,$0.25,zg3j6blu,,,3EHIMLB7F7E33Y47B78FR8UP2AG8HP,3MU03ZNWVE417KSB0OOMNMU5K2A5FU,,0,direct_response,$0.25,0.01,,,,,,,,,,,,21,0.00,1,1,2,9306738,0.00,10,0.10,0,1
22,h0i4ecav,,0,11,10,ultimatum_windfall_vignette,1,Validation,10.109.135.32,2017-08-18 00:26:01.411727+00:00,0,1,A1LEWF3XCAKF39,3Q8GYXHFEQHWLS8JHJSCTHJ39P35CW,0.50,$0.75,zg3j6blu,,,3EHIMLB7F7E33Y47B78FR8UP2AG8HP,3MU03ZNWVE417KSB0OOMNMU5K2A5FU,,0,direct_response,$0.25,0.01,,,,,,,,,,,,22,0.00,1,1,1,6256564,0.50,11,0.50,1,1
23,qkvyck7d,,0,11,10,ultimatum_windfall_vignette,1,Validation,10.143.28.92,2017-08-18 00:27:52.472307+00:00,0,1,AXZZ4FQQWUZ2W,3OS4RQUCRAU5DK929V9Q494YGYHBFE,0.00,$0.25,zg3j6blu,,,3EHIMLB7F7E33Y47B78FR8UP2AG8HP,3MU03ZNWVE417KSB0OOMNMU5K2A5FU,,0,direct_response,$0.25,0.01,,,,,,,,,,,,23,0.00,1,1,2,4042845,0.00,15,0.00,1,1
24,gu2b809t,,0,10,10,ultimatum_windfall_vignette,1,Validation,10.71.211.222,2017-08-18 00:32:49.125625+00:00,0,1,A3BXT78QXFC6F3,3ZQIG0FLQFVMXKT341AQ99K5ETNVW2,0.00,$0.25,zg3j6blu,,,3EHIMLB7F7E33Y47B78FR8UP2AG8HP,3MU03ZNWVE417KSB0OOMNMU5K2A5FU,,0,direct_response,$0.25,0.01,,,,,,,,,,,,24,0.00,1,1,1,,0.00,12,0.00,0,1
25,gb557t1n,,0,11,10,ultimatum_windfall_vignette,1,Validation,10.31.48.247,2017-08-18 00:30:15.928930+00:00,0,1,AB8NQXV998NFM,3DH6GAKTYZ47V9TDKZHHFCIHDCTYZ4,0.50,$0.75,zg3j6blu,,,3EHIMLB7F7E33Y47B78FR8UP2AG8HP,3MU03ZNWVE417KSB0OOMNMU5K2A5FU,,0,direct_response,$0.25,0.01,,,,,,,,,,,,25,0.00,1,1,2,9400657,0.50,11,0.50,1,1
26,lwgdrb4h,,0,9,10,ultimatum_windfall_vignette,1,Results,10.164.78.133,2017-08-18 00:32:44.262884+00:00,0,1,A2TFP54ZE2YC0H,3KRVW3HTZO0A0GIL64ZYPOY7HNFMSX,0.00,$0.25,zg3j6blu,,,3EHIMLB7F7E33Y47B78FR8UP2AG8HP,3MU03ZNWVE417KSB0OOMNMU5K2A5FU,,0,direct_response,$0.25,0.01,,,,,,,,,,,,26,0.00,1,1,2,,0.00,12,0.00,0,1
27,5ht9b5fj,,0,3,10,consent_start2_copy,1,Proceed,10.164.172.163,2017-08-18 00:37:38.041208+00:00,0,1,A3TK7HVFEKB00R,3C44YUNSI24AJUWG1UW1BT62LPHDPR,0.00,$0.25,zg3j6blu,,,3EHIMLB7F7E33Y47B78FR8UP2AG8HP,3MU03ZNWVE417KSB0OOMNMU5K2A5FU,,0,direct_response,$0.25,0.01,,,,,,,,,,,,27,0.00,1,1,27,,0.00,1,,,1
28,6bopez6t,,0,3,10,consent_start2_copy,1,Proceed,10.157.160.84,2017-08-18 00:38:21.693333+00:00,0,1,A1Y0TVTUOA8C61,32Z9ZLUT1MZ9AAPH8Q2CDEGA3CEOHU,0.00,$0.25,zg3j6blu,,,3EHIMLB7F7E33Y47B78FR8UP2AG8HP,3MU03ZNWVE417KSB0OOMNMU5K2A5FU,,0,direct_response,$0.25,0.01,,,,,,,,,,,,28,0.00,1,1,28,,0.00,1,,,1
29,kyxa0bq6,,0,11,10,ultimatum_windfall_vignette,1,Validation,10.152.65.114,2017-08-18 00:39:47.986599+00:00,0,1,A35RFJV8YHZ85U,3X0H8UUIT2365SCZA65LYM0YFPUWSZ,0.50,$0.75,zg3j6blu,,,3EHIMLB7F7E33Y47B78FR8UP2AG8HP,3MU03ZNWVE417KSB0OOMNMU5K2A5FU,,0,direct_response,$0.25,0.01,,,,,,,,,,,,29,0.00,1,1,1,6068077,0.50,13,0.50,1,1
30,61ie764a,,0,11,10,ultimatum_windfall_vignette,1,Validation,10.164.78.133,2017-08-18 00:40:20.952583+00:00,0,1,A3PDU77SEW7L9I,3JMSRU9HQJ9SGK7CJ1GKN3D57PJEV6,0.50,$0.75,zg3j6blu,,,3EHIMLB7F7E33Y47B78FR8UP2AG8HP,3MU03ZNWVE417KSB0OOMNMU5K2A5FU,,0,direct_response,$0.25,0.01,,,,,,,,,,,,30,0.00,1,1,2,969767,0.50,13,0.50,1,1
31,yil5bxpe,,0,9,10,ultimatum_windfall_vignette,1,Results,10.30.24.121,2017-08-18 00:42:01.180463+00:00,0,1,A2F1JTU06CO6VD,39ASUFLU6YMKK9C7JGH2BOAQN0RXES,0.70,$0.95,zg3j6blu,,,3EHIMLB7F7E33Y47B78FR8UP2AG8HP,3MU03ZNWVE417KSB0OOMNMU5K2A5FU,,0,direct_response,$0.25,0.01,,,,,,,,,,,,31,0.00,1,1,1,,0.70,14,0.30,1,1
32,yzt0jsrn,,0,3,10,consent_start2_copy,1,Proceed,10.155.8.85,2017-08-18 00:45:09.430352+00:00,0,1,A10EFQ1YM2LFK6,31IBVUNM9TEKMY78EC0Q5LY5JQYVF5,0.00,$0.25,zg3j6blu,,,3EHIMLB7F7E33Y47B78FR8UP2AG8HP,3MU03ZNWVE417KSB0OOMNMU5K2A5FU,,0,direct_response,$0.25,0.01,,,,,,,,,,,,32,0.00,1,1,32,,0.00,1,,,1
33,52v4svun,,0,11,10,ultimatum_windfall_vignette,1,Validation,10.33.230.36,2017-08-18 00:48:23.046095+00:00,0,1,A1JMJCVG86Y5RT,3IJXV6UZ1YYC3ISH60117LMUECEIRR,0.30,$0.55,zg3j6blu,,,3EHIMLB7F7E33Y47B78FR8UP2AG8HP,3MU03ZNWVE417KSB0OOMNMU5K2A5FU,,0,direct_response,$0.25,0.01,,,,,,,,,,,,33,0.00,1,1,2,6766233,0.30,14,0.30,1,1
34,75nb5b7q,,0,3,10,consent_start2_copy,1,Proceed,10.63.100.77,2017-08-18 00:49:22.771441+00:00,0,1,A1Z2XMXEZ1SEI6,3TYCR1GOTDYNVAME1KSRL4GL4XRLZ1,0.00,$0.25,zg3j6blu,,,3EHIMLB7F7E33Y47B78FR8UP2AG8HP,3MU03ZNWVE417KSB0OOMNMU5K2A5FU,,0,direct_response,$0.25,0.01,,,,,,,,,,,,34,0.00,1,1,34,,0.00,1,,,1
35,qgniyv6y,,0,9,10,ultimatum_windfall_vignette,1,Results,10.13.194.229,2017-08-18 00:49:27.601141+00:00,0,1,A35DZ5AAKNOKQ8,308XBLVESJJ2GAEB0Q9KLYIHJMUBRB,1.00,$1.25,zg3j6blu,,,3EHIMLB7F7E33Y47B78FR8UP2AG8HP,3MU03ZNWVE417KSB0OOMNMU5K2A5FU,,0,direct_response,$0.25,0.01,,,,,,,,,,,,35,0.00,1,1,1,,1.00,15,0.00,1,1
36,p9vegmlj,,0,11,10,ultimatum_windfall_vignette,1,Validation,10.16.227.159,2017-08-18 00:51:30.174518+00:00,0,1,A17KN7NAP48L4B,3TYCR1GOTDYNVAME1KSRL4GL4XRLZ1,0.50,$0.75,zg3j6blu,,,3EHIMLB7F7E33Y47B78FR8UP2AG8HP,3MU03ZNWVE417KSB0OOMNMU5K2A5FU,,0,direct_response,$0.25,0.01,,,,,,,,,,,,36,0.00,1,1,1,9156220,0.50,16,0.50,1,1
37,uuwdsf9n,,0,11,10,ultimatum_windfall_vignette,1,Validation,10.109.135.32,2017-08-18 00:52:07.349909+00:00,0,1,A3HRH787M4P8F0,3VJ40NV2QJ2ZFJGC8KJ1RXJYE6ATOA,0.50,$0.75,zg3j6blu,,,3EHIMLB7F7E33Y47B78FR8UP2AG8HP,3MU03ZNWVE417KSB0OOMNMU5K2A5FU,,0,direct_response,$0.25,0.01,,,,,,,,,,,,37,0.00,1,1,2,,0.50,16,0.50,1,1
38,aoq7a09i,,0,3,10,consent_start2_copy,1,Proceed,10.13.194.229,2017-08-18 00:53:47.929080+00:00,0,1,A2O2BJS2PK29DP,3SEPORI8WOE6ZRVA4T31CQ0AALSZAX,0.00,$0.25,zg3j6blu,,,3EHIMLB7F7E33Y47B78FR8UP2AG8HP,3MU03ZNWVE417KSB0OOMNMU5K2A5FU,,0,direct_response,$0.25,0.01,,,,,,,,,,,,38,0.00,1,1,38,,0.00,1,,,1
39,72e6jra4,,0,11,10,ultimatum_windfall_vignette,1,Validation,10.63.100.77,2017-08-18 01:03:22.452278+00:00,0,1,ALDQRWYZ8KQ9A,3HWRJOOET6HCOSQ8P6BFCGTY8LRSEH,0.50,$0.75,zg3j6blu,,,3EHIMLB7F7E33Y47B78FR8UP2AG8HP,3MU03ZNWVE417KSB0OOMNMU5K2A5FU,,0,direct_response,$0.25,0.01,,,,,,,,,,,,39,0.00,1,1,1,9145702,0.50,17,0.50,1,1
40,7v4zm2b2,,0,11,10,ultimatum_windfall_vignette,1,Validation,10.71.208.240,2017-08-18 01:04:03.709798+00:00,0,1,A1K0S514CEY1UG,3NLZY2D53Q4EHILNEO9EUB4HZU5QLB,0.50,$0.75,zg3j6blu,,,3EHIMLB7F7E33Y47B78FR8UP2AG8HP,3MU03ZNWVE417KSB0OOMNMU5K2A5FU,,0,direct_response,$0.25,0.01,,,,,,,,,,,,40,0.00,1,1,2,6436048,0.50,17,0.50,1,1
41,hss5907p,,0,11,10,ultimatum_windfall_vignette,1,Validation,10.30.24.121,2017-08-18 01:04:28.920496+00:00,0,1,A2LMNFSF3LG9VS,3C2NJ6JBKBWNDZMNOQZSBLA3OJU2NE,0.50,$0.75,zg3j6blu,,,3EHIMLB7F7E33Y47B78FR8UP2AG8HP,3MU03ZNWVE417KSB0OOMNMU5K2A5FU,,0,direct_response,$0.25,0.01,,,,,,,,,,,,41,0.00,1,1,1,4140930,0.50,18,0.50,1,1
42,29h4oang,,0,11,10,ultimatum_windfall_vignette,1,Validation,10.142.142.206,2017-08-18 01:05:18.450376+00:00,0,1,A1JMB9Z7EYHU1O,3NC5L260MP1PWEYBD0ECAT4XNX4FOQ,0.50,$0.75,zg3j6blu,,,3EHIMLB7F7E33Y47B78FR8UP2AG8HP,3MU03ZNWVE417KSB0OOMNMU5K2A5FU,,0,direct_response,$0.25,0.01,,,,,,,,,,,,42,0.00,1,1,2,6631828,0.50,18,0.50,1,1
43,xow9agya,,0,11,10,ultimatum_windfall_vignette,1,Validation,10.179.204.228,2017-08-18 01:06:00.675008+00:00,0,1,A1L3XBD6D9A54J,3YT88D1N09DBQBX3VDLH23YR02P3KL,0.50,$0.75,zg3j6blu,,,3EHIMLB7F7E33Y47B78FR8UP2AG8HP,3MU03ZNWVE417KSB0OOMNMU5K2A5FU,,0,direct_response,$0.25,0.01,,,,,,,,,,,,43,0.00,1,1,1,4657011,0.50,19,0.50,1,1
44,rqtzd6s0,,0,11,10,ultimatum_windfall_vignette,1,Validation,10.157.148.138,2017-08-18 01:06:05.097201+00:00,0,1,A37NZ5CUEO3RX7,3DEL4X4EL70IQETYJHTWIR265CYXY9,0.50,$0.75,zg3j6blu,,,3EHIMLB7F7E33Y47B78FR8UP2AG8HP,3MU03ZNWVE417KSB0OOMNMU5K2A5FU,,0,direct_response,$0.25,0.01,,,,,,,,,,,,44,0.00,1,1,2,,0.50,19,0.50,1,1
45,ag4s7gvh,,0,11,10,ultimatum_windfall_vignette,1,Validation,10.179.16.238,2017-08-18 01:09:49.021154+00:00,0,1,AY1A16F0PV2ES,3UJ1CZ6IZI4CS9XFE5IC8MNLVSTS5H,0.00,$0.25,zg3j6blu,,,3EHIMLB7F7E33Y47B78FR8UP2AG8HP,3MU03ZNWVE417KSB0OOMNMU5K2A5FU,,0,direct_response,$0.25,0.01,,,,,,,,,,,,45,0.00,1,1,1,4021522,0.00,20,0.15,0,1
46,9fvhciq8,,0,3,10,consent_start2_copy,1,Proceed,10.230.176.210,2017-08-18 01:12:51.456294+00:00,0,1,A1Z08W946P7WZJ,3WMOAN2SRCCWAQKPC0J3DQ7ELHNVNF,0.00,$0.25,zg3j6blu,,,3EHIMLB7F7E33Y47B78FR8UP2AG8HP,3MU03ZNWVE417KSB0OOMNMU5K2A5FU,,0,direct_response,$0.25,0.01,,,,,,,,,,,,46,0.00,1,1,46,,0.00,1,,,1
47,bk1etg0d,,0,9,10,ultimatum_windfall_vignette,1,Results,10.147.39.151,2017-08-18 01:14:41.594272+00:00,0,1,A4QETYCZNF6S1,3JWH6J9I9TSH1CMJ7JS3CED7IP8BNQ,0.00,$0.25,zg3j6blu,,,3EHIMLB7F7E33Y47B78FR8UP2AG8HP,3MU03ZNWVE417KSB0OOMNMU5K2A5FU,,0,direct_response,$0.25,0.01,,,,,,,,,,,,47,0.00,1,1,2,,0.00,20,0.15,0,1
48,11kpg14e,,0,11,10,ultimatum_windfall_vignette,1,Validation,10.63.211.204,2017-08-18 01:16:37.873328+00:00,0,1,A12LMSWO1N554W,31EUONYN2WIESBK1DFJGSF7JBRTOVO,0.50,$0.75,zg3j6blu,,,3EHIMLB7F7E33Y47B78FR8UP2AG8HP,3MU03ZNWVE417KSB0OOMNMU5K2A5FU,,0,direct_response,$0.25,0.01,,,,,,,,,,,,48,0.00,1,1,2,9378694,0.50,21,0.50,1,1
49,yzkjxiqe,,0,11,10,ultimatum_windfall_vignette,1,Validation,10.65.88.66,2017-08-18 01:17:11.720749+00:00,0,1,A2M3LVBUZLN8MO,3TY7ZAOG5GZF9JY6CQ3Y050KXQ6K08,0.50,$0.75,zg3j6blu,,,3EHIMLB7F7E33Y47B78FR8UP2AG8HP,3MU03ZNWVE417KSB0OOMNMU5K2A5FU,,0,direct_response,$0.25,0.01,,,,,,,,,,,,49,0.00,1,1,1,8613958,0.50,21,0.50,1,1
50,zep1wdmu,,0,11,10,ultimatum_windfall_vignette,1,Validation,10.146.95.78,2017-08-18 01:18:53.842482+00:00,0,1,A3PYJGRI7FMKQL,37ZHEEHM6X1NVWQJCJW8YYT5UIR37H,0.00,$0.25,zg3j6blu,,,3EHIMLB7F7E33Y47B78FR8UP2AG8HP,3MU03ZNWVE417KSB0OOMNMU5K2A5FU,,0,direct_response,$0.25,0.01,,,,,,,,,,,,50,0.00,1,1,1,7403418,0.00,22,0.50,0,1
51,fj0l0d8g,,0,9,10,ultimatum_windfall_vignette,1,Results,10.231.231.232,2017-08-18 01:26:28.200863+00:00,0,1,AX5RNDHRK9PJ8,35GCEFQ6I636F6WPVEORPIM44B53ZA,0.00,$0.25,zg3j6blu,,,3EHIMLB7F7E33Y47B78FR8UP2AG8HP,3MU03ZNWVE417KSB0OOMNMU5K2A5FU,,0,direct_response,$0.25,0.01,,,,,,,,,,,,51,0.00,1,1,2,,0.00,22,0.50,0,1
52,ubqodrxi,,0,11,10,ultimatum_windfall_vignette,1,Validation,10.63.231.107,2017-08-18 01:27:11.135794+00:00,0,1,A28ZPY6D5AS7GZ,3SPJ033422IHVUO92DEVRIURUEMYJP,0.50,$0.75,zg3j6blu,,,3EHIMLB7F7E33Y47B78FR8UP2AG8HP,3MU03ZNWVE417KSB0OOMNMU5K2A5FU,,0,direct_response,$0.25,0.01,,,,,,,,,,,,52,0.00,1,1,1,3878143,0.50,32,0.50,1,1
53,p4guliw4,,0,9,10,ultimatum_windfall_vignette,1,Results,10.109.163.176,2017-08-18 01:27:17.331443+00:00,0,1,A31RS9OM134YI4,3EFVCAY5L4O2GOXRP9G1S56P1ZKJ8X,0.00,$0.25,zg3j6blu,,,3EHIMLB7F7E33Y47B78FR8UP2AG8HP,3MU03ZNWVE417KSB0OOMNMU5K2A5FU,,0,direct_response,$0.25,0.01,,,,,,,,,,,,53,0.00,1,1,1,,0.00,23,0.50,0,1
54,o6sbx3ij,,0,9,10,ultimatum_windfall_vignette,1,Results,10.33.230.36,2017-08-18 01:34:17.741001+00:00,0,1,A3298CNSQI60HU,30LB5CDZNDPAYEXSCR68NKOX1ZM0ZD,0.00,$0.25,zg3j6blu,,,3EHIMLB7F7E33Y47B78FR8UP2AG8HP,3MU03ZNWVE417KSB0OOMNMU5K2A5FU,,0,direct_response,$0.25,0.01,,,,,,,,,,,,54,0.00,1,1,2,,0.00,23,0.50,0,1
55,xuk79v7q,,0,11,10,ultimatum_windfall_vignette,1,Validation,10.158.162.94,2017-08-18 01:38:14.027115+00:00,0,1,AUW4D4FF87HS0,3MHW492WW1SQS8ZP0Z430BIEGRHMVA,0.50,$0.75,zg3j6blu,,,3EHIMLB7F7E33Y47B78FR8UP2AG8HP,3MU03ZNWVE417KSB0OOMNMU5K2A5FU,,0,direct_response,$0.25,0.01,,,,,,,,,,,,55,0.00,1,1,1,4485495,0.50,24,0.50,1,1
56,mqnnahea,,0,10,10,ultimatum_windfall_vignette,1,Validation,10.179.204.228,2017-08-18 01:38:37.033127+00:00,0,1,A2ZOM62DKMSWDK,3E13VNJ1NOAOADT086MM1U4HAEQI11,0.50,$0.75,zg3j6blu,,,3EHIMLB7F7E33Y47B78FR8UP2AG8HP,3MU03ZNWVE417KSB0OOMNMU5K2A5FU,,0,direct_response,$0.25,0.01,,,,,,,,,,,,56,0.00,1,1,2,,0.50,24,0.50,1,1
57,tpj4jbs0,,0,11,10,ultimatum_windfall_vignette,1,Validation,10.154.45.231,2017-08-18 01:40:05.662428+00:00,0,1,A3Q13VTPRIVFZS,3NAPMVF0ZXUYAEU08JI3FOODO4U278,0.00,$0.25,zg3j6blu,,,3EHIMLB7F7E33Y47B78FR8UP2AG8HP,3MU03ZNWVE417KSB0OOMNMU5K2A5FU,,0,direct_response,$0.25,0.01,,,,,,,,,,,,57,0.00,1,1,1,4628761,0.00,25,1.00,0,1
58,xxoyjkon,,0,11,10,ultimatum_windfall_vignette,1,Validation,10.97.160.245,2017-08-18 01:42:09.091182+00:00,0,1,AKQWJ8Y1TMHX0,39OWYR0EPL61QS2DJNNACK2Z177YFO,0.00,$0.25,zg3j6blu,,,3EHIMLB7F7E33Y47B78FR8UP2AG8HP,3MU03ZNWVE417KSB0OOMNMU5K2A5FU,,0,direct_response,$0.25,0.01,,,,,,,,,,,,58,0.00,1,1,2,4022683,0.00,25,1.00,0,1
59,h5ab43rf,,0,11,10,ultimatum_windfall_vignette,1,Validation,10.150.98.212,2017-08-18 01:44:49.452649+00:00,0,1,A3PB4MIUTS7VUH,333U7HK6IAUEXJTI6HRHEXKQCQJJD5,0.50,$0.75,zg3j6blu,,,3EHIMLB7F7E33Y47B78FR8UP2AG8HP,3MU03ZNWVE417KSB0OOMNMU5K2A5FU,,0,direct_response,$0.25,0.01,,,,,,,,,,,,59,0.00,1,1,1,9716195,0.50,26,0.50,1,1
60,ojky73go,,0,11,10,ultimatum_windfall_vignette,1,Validation,10.79.219.198,2017-08-18 01:45:56.794273+00:00,0,1,ABOEYY9Y0PFRI,3L4D84MIL07V9ZYKSDA75IZO4ICHJC,0.50,$0.75,zg3j6blu,,,3EHIMLB7F7E33Y47B78FR8UP2AG8HP,3MU03ZNWVE417KSB0OOMNMU5K2A5FU,,0,direct_response,$0.25,0.01,,,,,,,,,,,,60,0.00,1,1,2,6386272,0.50,26,0.50,1,1
61,v14ptdi2,,0,9,10,ultimatum_windfall_vignette,1,Results,10.145.25.250,2017-08-18 01:48:19.903862+00:00,0,1,A3R7DBGBVC5W1C,3DR23U6WE6TD3S3NE6G5MLPKA4BTED,1.00,$1.25,zg3j6blu,,,3EHIMLB7F7E33Y47B78FR8UP2AG8HP,3MU03ZNWVE417KSB0OOMNMU5K2A5FU,,0,direct_response,$0.25,0.01,,,,,,,,,,,,61,0.00,1,1,1,,1.00,27,0.00,1,1
62,gl8cuwzo,,0,3,10,consent_start2_copy,1,Proceed,10.31.48.247,2017-08-18 01:53:42.700543+00:00,0,1,A1UMMEJR2M75NJ,3X87C8JFV7Q1LVGDYX6F6XICROMQSY,0.00,$0.25,zg3j6blu,,,3EHIMLB7F7E33Y47B78FR8UP2AG8HP,3MU03ZNWVE417KSB0OOMNMU5K2A5FU,,0,direct_response,$0.25,0.01,,,,,,,,,,,,62,0.00,1,1,62,,0.00,1,,,1
63,h9sr2fiu,,0,9,10,ultimatum_windfall_vignette,1,Results,10.168.65.231,2017-08-18 01:53:44.485723+00:00,0,1,A36CAAD6FXGJ9T,3VNXK88KKDXBLOGVBQ0YVPCUGSCV9M,0.00,$0.25,zg3j6blu,,,3EHIMLB7F7E33Y47B78FR8UP2AG8HP,3MU03ZNWVE417KSB0OOMNMU5K2A5FU,,0,direct_response,$0.25,0.01,,,,,,,,,,,,63,0.00,1,1,2,,0.00,27,0.00,1,1
64,trwq0b7c,,0,11,10,ultimatum_windfall_vignette,1,Validation,10.93.232.18,2017-08-18 01:56:38.559722+00:00,0,1,A2ID5UDW37AV2P,3GD6L00D3TCA6WJRTLKETNBYRODM1Q,0.50,$0.75,zg3j6blu,,,3EHIMLB7F7E33Y47B78FR8UP2AG8HP,3MU03ZNWVE417KSB0OOMNMU5K2A5FU,,0,direct_response,$0.25,0.01,,,,,,,,,,,,64,0.00,1,1,1,208185,0.50,28,0.50,1,1
65,1ka1xijo,,0,11,10,ultimatum_windfall_vignette,1,Validation,10.45.224.229,2017-08-18 01:58:23.457281+00:00,0,1,A394PCJZ22IIHV,3QY5DC2MXSZK9JI89MQL9ZWM5KZFUC,0.50,$0.75,zg3j6blu,,,3EHIMLB7F7E33Y47B78FR8UP2AG8HP,3MU03ZNWVE417KSB0OOMNMU5K2A5FU,,0,direct_response,$0.25,0.01,,,,,,,,,,,,65,0.00,1,1,2,8155218,0.50,28,0.50,1,1
66,mkkh75x0,,0,11,10,ultimatum_windfall_vignette,1,Validation,10.71.208.240,2017-08-18 02:00:36.231049+00:00,0,1,A2IYESFSD1EG9E,3TPWUS5F8AGQYBN3DKFLJHWGTNIWCH,0.50,$0.75,zg3j6blu,,,3EHIMLB7F7E33Y47B78FR8UP2AG8HP,3MU03ZNWVE417KSB0OOMNMU5K2A5FU,,0,direct_response,$0.25,0.01,,,,,,,,,,,,66,0.00,1,1,1,2042685,0.50,29,0.50,1,1
67,y2b8t87r,,0,11,10,ultimatum_windfall_vignette,1,Validation,10.179.86.73,2017-08-18 02:01:37.530053+00:00,0,1,A2FVBM2LXBFCKP,3SUWZRL0MZS71USBIT8CBBX6QX36EK,0.50,$0.75,zg3j6blu,,,3EHIMLB7F7E33Y47B78FR8UP2AG8HP,3MU03ZNWVE417KSB0OOMNMU5K2A5FU,,0,direct_response,$0.25,0.01,,,,,,,,,,,,67,0.00,1,1,1,9336600,0.50,30,0.50,1,1
68,t0owb28t,,0,11,10,ultimatum_windfall_vignette,1,Validation,10.170.176.153,2017-08-18 02:03:37.740211+00:00,0,1,A16J1FEJ33K4X5,3XCC1ODXDMQPKGG0J86AGNDG5N5RQF,0.50,$0.75,zg3j6blu,,,3EHIMLB7F7E33Y47B78FR8UP2AG8HP,3MU03ZNWVE417KSB0OOMNMU5K2A5FU,,0,direct_response,$0.25,0.01,,,,,,,,,,,,68,0.00,1,1,2,7256749,0.50,29,0.50,1,1
69,8vsure7m,,0,11,10,ultimatum_windfall_vignette,1,Validation,10.138.121.5,2017-08-18 02:05:38.331432+00:00,0,1,A3KIZLHCD945UK,3MD9PLUKKJTDJAPZDX86YWKA9T1NZH,0.50,$0.75,zg3j6blu,,,3EHIMLB7F7E33Y47B78FR8UP2AG8HP,3MU03ZNWVE417KSB0OOMNMU5K2A5FU,,0,direct_response,$0.25,0.01,,,,,,,,,,,,69,0.00,1,1,2,6896417,0.50,30,0.50,1,1
70,ri8hlz4g,,0,9,10,ultimatum_windfall_vignette,1,Results,10.183.102.41,2017-08-18 02:07:32.879596+00:00,0,1,ACQ0B1X5APCD5,3M0BCWMB8WB7O6VXZKJQ8XQYB2KBWR,0.00,$0.25,zg3j6blu,,,3EHIMLB7F7E33Y47B78FR8UP2AG8HP,3MU03ZNWVE417KSB0OOMNMU5K2A5FU,,0,direct_response,$0.25,0.01,,,,,,,,,,,,70,0.00,1,1,1,,0.00,31,0.00,0,1
71,rmgprzxf,,0,2,10,consent_start2_copy,1,Introduction,10.7.198.126,2017-08-18 02:07:51.898832+00:00,0,1,ACWO6CQYR5CEO,3AQF3RZ559XZ78S7D4SITTI62YJF6C,0.00,$0.25,zg3j6blu,,,3EHIMLB7F7E33Y47B78FR8UP2AG8HP,3MU03ZNWVE417KSB0OOMNMU5K2A5FU,,0,direct_response,$0.25,0.01,,,,,,,,,,,,71,0.00,1,1,71,,0.00,1,,,1
72,ti519ept,,0,9,10,ultimatum_windfall_vignette,1,Results,10.138.121.5,2017-08-18 02:08:15.086756+00:00,0,1,A3FC0TDAK5QY1G,3A1COHJ8NKA6PI2119DGGSQAO8MH8Y,0.00,$0.25,zg3j6blu,,,3EHIMLB7F7E33Y47B78FR8UP2AG8HP,3MU03ZNWVE417KSB0OOMNMU5K2A5FU,,0,direct_response,$0.25,0.01,,,,,,,,,,,,72,0.00,1,1,2,,0.00,31,0.00,0,1
73,tbsqzb2v,,0,11,10,ultimatum_windfall_vignette,1,Validation,10.158.160.96,2017-08-18 02:08:44.971506+00:00,0,1,A2WAFATWM6RUJO,3N2BF7Y2VR9LA745VANZLAR58DBHMM,0.50,$0.75,zg3j6blu,,,3EHIMLB7F7E33Y47B78FR8UP2AG8HP,3MU03ZNWVE417KSB0OOMNMU5K2A5FU,,0,direct_response,$0.25,0.01,,,,,,,,,,,,73,0.00,1,1,1,9694996,0.50,33,0.50,1,1
74,acqr4fnv,,0,11,10,ultimatum_windfall_vignette,1,Validation,10.147.39.151,2017-08-18 02:08:54.592567+00:00,0,1,A16X1PKSJE5S7,3PQ8K71NHYZ5YJN2S1N2VX9111WAAK,0.50,$0.75,zg3j6blu,,,3EHIMLB7F7E33Y47B78FR8UP2AG8HP,3MU03ZNWVE417KSB0OOMNMU5K2A5FU,,0,direct_response,$0.25,0.01,,,,,,,,,,,,74,0.00,1,1,2,3587403,0.50,32,0.50,1,1
75,e9izshf0,,0,11,10,ultimatum_windfall_vignette,1,Validation,10.13.226.198,2017-08-18 02:09:52.505592+00:00,0,1,A2MX58PSSC7HFV,3NJM2BJS4XL0E2Q21Y1QRNOK0QHPCH,0.50,$0.75,zg3j6blu,,,3EHIMLB7F7E33Y47B78FR8UP2AG8HP,3MU03ZNWVE417KSB0OOMNMU5K2A5FU,,0,direct_response,$0.25,0.01,,,,,,,,,,,,75,0.00,1,1,2,2672627,0.50,33,0.50,1,1
76,foun8c1z,,0,11,10,ultimatum_windfall_vignette,1,Validation,10.179.55.98,2017-08-18 02:10:58.846288+00:00,0,1,A3T1FM3126RW25,3WOKGM4L72VYZAJLAIVR7MHTHWP0OJ,0.50,$0.75,zg3j6blu,,,3EHIMLB7F7E33Y47B78FR8UP2AG8HP,3MU03ZNWVE417KSB0OOMNMU5K2A5FU,,0,direct_response,$0.25,0.01,,,,,,,,,,,,76,0.00,1,1,1,6334458,0.50,34,0.50,1,1
77,3tibmq1w,,0,11,10,ultimatum_windfall_vignette,1,Validation,10.63.231.107,2017-08-18 02:13:04.166460+00:00,0,1,A1KZA8QEYAQ3FD,3HMIGG0U4MLSBDSQB9H42SLDE408YP,0.50,$0.75,zg3j6blu,,,3EHIMLB7F7E33Y47B78FR8UP2AG8HP,3MU03ZNWVE417KSB0OOMNMU5K2A5FU,,0,direct_response,$0.25,0.01,,,,,,,,,,,,77,0.00,1,1,2,8392620,0.50,34,0.50,1,1
78,r6htmixr,,0,11,10,ultimatum_windfall_vignette,1,Validation,10.169.197.46,2017-08-18 02:14:00.847257+00:00,0,1,A2658LN9LNAR1D,3JRJSWSMQI084B5TZRAE48LMG63E3O,0.50,$0.75,zg3j6blu,,,3EHIMLB7F7E33Y47B78FR8UP2AG8HP,3MU03ZNWVE417KSB0OOMNMU5K2A5FU,,0,direct_response,$0.25,0.01,,,,,,,,,,,,78,0.00,1,1,1,2433499,0.50,35,0.50,1,1
79,tjy8oejz,,0,11,10,ultimatum_windfall_vignette,1,Validation,10.7.198.126,2017-08-18 02:16:49.185565+00:00,0,1,A27E92JUOWEUTX,3VA45EW49O2Y6Z4361ZRLR03MOW1OO,0.50,$0.75,zg3j6blu,,,3EHIMLB7F7E33Y47B78FR8UP2AG8HP,3MU03ZNWVE417KSB0OOMNMU5K2A5FU,,0,direct_response,$0.25,0.01,,,,,,,,,,,,79,0.00,1,1,2,4224369,0.50,35,0.50,1,1
80,yd3w11j4,,0,9,10,ultimatum_windfall_vignette,1,Results,10.65.219.125,2017-08-18 02:18:42.324845+00:00,0,1,A1IM8G6UNAGQ7S,3KRVW3HTZO0A0GIL64ZYPOY7HOUMSE,1.00,$1.25,zg3j6blu,,,3EHIMLB7F7E33Y47B78FR8UP2AG8HP,3MU03ZNWVE417KSB0OOMNMU5K2A5FU,,0,direct_response,$0.25,0.01,,,,,,,,,,,,80,0.00,1,1,1,,1.00,36,0.00,1,1
81,ndv4vh2k,,0,2,10,consent_start2_copy,1,Introduction,10.81.229.55,2017-08-18 02:19:36.620393+00:00,0,1,A227DWMX6MWNKY,3Z4XG4ZF4963B82G6DV2JEE4CY7X89,0.00,$0.25,zg3j6blu,,,3EHIMLB7F7E33Y47B78FR8UP2AG8HP,3MU03ZNWVE417KSB0OOMNMU5K2A5FU,,0,direct_response,$0.25,0.01,,,,,,,,,,,,81,0.00,1,1,81,,0.00,1,,,1
82,yc3rmwnk,,0,9,10,ultimatum_windfall_vignette,1,Results,10.16.187.240,2017-08-18 02:21:34.354609+00:00,0,1,A2V4PRG5UBNIX0,36AHBNMV1SR4S8OHSHSKOKZEPVZDY2,0.00,$0.25,zg3j6blu,,,3EHIMLB7F7E33Y47B78FR8UP2AG8HP,3MU03ZNWVE417KSB0OOMNMU5K2A5FU,,0,direct_response,$0.25,0.01,,,,,,,,,,,,82,0.00,1,1,1,,0.00,39,0.00,0,1
83,c70cbzo2,,0,11,10,ultimatum_windfall_vignette,1,Validation,10.145.25.250,2017-08-18 02:27:39.121920+00:00,0,1,A8LOY6RONCI1T,3VD82FOHKR3IT2E1MYOB2NJUQLPCOR,0.50,$0.75,zg3j6blu,,,3EHIMLB7F7E33Y47B78FR8UP2AG8HP,3MU03ZNWVE417KSB0OOMNMU5K2A5FU,,0,direct_response,$0.25,0.01,,,,,,,,,,,,83,0.00,1,1,2,4796397,0.50,37,0.50,1,1
84,wrov4cd4,,0,11,10,ultimatum_windfall_vignette,1,Validation,10.152.233.4,2017-08-18 02:28:23.761527+00:00,0,1,A1BW0LDN45FGQO,39PAAFCODNFU53P99W5FMPD6A0MVTV,0.00,$0.25,zg3j6blu,,,3EHIMLB7F7E33Y47B78FR8UP2AG8HP,3MU03ZNWVE417KSB0OOMNMU5K2A5FU,,0,direct_response,$0.25,0.01,,,,,,,,,,,,84,0.00,1,1,2,2786887,0.00,36,0.00,1,1
85,r7wnkbxu,,0,11,10,ultimatum_windfall_vignette,1,Validation,10.99.212.2,2017-08-18 02:30:08.121155+00:00,0,1,A3MYQEOH992YU7,3IOEN3P9S8Y8HTYZ65DX4REC1O5617,0.50,$0.75,zg3j6blu,,,3EHIMLB7F7E33Y47B78FR8UP2AG8HP,3MU03ZNWVE417KSB0OOMNMU5K2A5FU,,0,direct_response,$0.25,0.01,,,,,,,,,,,,85,0.00,1,1,1,8913628,0.50,37,0.50,1,1
86,x8kar921,,0,11,10,ultimatum_windfall_vignette,1,Validation,10.178.162.66,2017-08-18 02:31:00.272438+00:00,0,1,AIVV4VUFFYHHN,3ZGVPD4G6UWBENUJATUI7VQ2YBSZTZ,0.50,$0.75,zg3j6blu,,,3EHIMLB7F7E33Y47B78FR8UP2AG8HP,3MU03ZNWVE417KSB0OOMNMU5K2A5FU,,0,direct_response,$0.25,0.01,,,,,,,,,,,,86,0.00,1,1,1,586923,0.50,38,0.50,1,1
87,7wgmuk1j,,0,11,10,ultimatum_windfall_vignette,1,Validation,10.109.132.249,2017-08-18 02:31:16.527193+00:00,0,1,A2DP3JH66Q96BR,354GIDR5ZCLDWTR28XTGHLLBJTD00X,0.50,$0.75,zg3j6blu,,,3EHIMLB7F7E33Y47B78FR8UP2AG8HP,3MU03ZNWVE417KSB0OOMNMU5K2A5FU,,0,direct_response,$0.25,0.01,,,,,,,,,,,,87,0.00,1,1,2,3392037,0.50,38,0.50,1,1
88,y7qk0o2b,,0,11,10,ultimatum_windfall_vignette,1,Validation,10.158.160.96,2017-08-18 02:35:01.261277+00:00,0,1,A2DAZ0CJ3VKS80,37QW5D2ZRH1VFRGHC3PFK6XCXJ98SG,0.50,$0.75,zg3j6blu,,,3EHIMLB7F7E33Y47B78FR8UP2AG8HP,3MU03ZNWVE417KSB0OOMNMU5K2A5FU,,0,direct_response,$0.25,0.01,,,,,,,,,,,,88,0.00,1,1,1,9226369,0.50,41,0.50,1,1
89,3m32zuvo,,0,9,10,ultimatum_windfall_vignette,1,Results,10.179.86.73,2017-08-18 02:40:54.630342+00:00,0,1,A1BANTV8HONS2C,34V1S5K3GTGQ6Y1UAISQJXWVZ0V69I,0.00,$0.25,zg3j6blu,,,3EHIMLB7F7E33Y47B78FR8UP2AG8HP,3MU03ZNWVE417KSB0OOMNMU5K2A5FU,,0,direct_response,$0.25,0.01,,,,,,,,,,,,89,0.00,1,1,2,,0.00,39,0.00,0,1
90,1vsb3i5t,,0,9,10,ultimatum_windfall_vignette,1,Results,10.61.164.249,2017-08-18 02:47:50.717942+00:00,0,1,AWYKYM16CB00Z,3CFVK00FWM0L7023ZFVGO6NQZUDL6V,0.00,$0.25,zg3j6blu,,,3EHIMLB7F7E33Y47B78FR8UP2AG8HP,3MU03ZNWVE417KSB0OOMNMU5K2A5FU,,0,direct_response,$0.25,0.01,,,,,,,,,,,,90,0.00,1,1,1,,0.00,40,0.00,0,1
91,dommfmo0,,0,11,10,ultimatum_windfall_vignette,1,Validation,10.178.64.67,2017-08-18 02:51:55.239143+00:00,0,1,A1IZXYBZFZAPAQ,3NL0RFNU0G2W87G7VRQ0C8QXE33K47,0.50,$0.75,zg3j6blu,,,3EHIMLB7F7E33Y47B78FR8UP2AG8HP,3MU03ZNWVE417KSB0OOMNMU5K2A5FU,,0,direct_response,$0.25,0.01,,,,,,,,,,,,91,0.00,1,1,2,908132,0.50,41,0.50,1,1
92,0dveanaq,,0,11,10,ultimatum_windfall_vignette,1,Validation,10.45.224.229,2017-08-18 03:00:09.192321+00:00,0,1,A3QN9B9ZS1CWWM,3LBXNTKX0SA3PDLQB51GJA9FW4XX96,0.00,$0.25,zg3j6blu,,,3EHIMLB7F7E33Y47B78FR8UP2AG8HP,3MU03ZNWVE417KSB0OOMNMU5K2A5FU,,0,direct_response,$0.25,0.01,,,,,,,,,,,,92,0.00,1,1,2,6948178,0.00,40,0.00,0,1
93,crl8mhtl,,0,0,10,,,,,,0,0,,,0.00,$0.25,zg3j6blu,,,3EHIMLB7F7E33Y47B78FR8UP2AG8HP,3MU03ZNWVE417KSB0OOMNMU5K2A5FU,,0,direct_response,$0.25,0.01,,,,,,,,,,,,93,0.00,1,1,93,,0.00,1,,,1
94,6pwcbakg,,0,0,10,,,,,,0,0,,,0.00,$0.25,zg3j6blu,,,3EHIMLB7F7E33Y47B78FR8UP2AG8HP,3MU03ZNWVE417KSB0OOMNMU5K2A5FU,,0,direct_response,$0.25,0.01,,,,,,,,,,,,94,0.00,1,1,94,,0.00,1,,,1
95,gblplhxl,,0,0,10,,,,,,0,0,,,0.00,$0.25,zg3j6blu,,,3EHIMLB7F7E33Y47B78FR8UP2AG8HP,3MU03ZNWVE417KSB0OOMNMU5K2A5FU,,0,direct_response,$0.25,0.01,,,,,,,,,,,,95,0.00,1,1,95,,0.00,1,,,1
96,96ziajoo,,0,0,10,,,,,,0,0,,,0.00,$0.25,zg3j6blu,,,3EHIMLB7F7E33Y47B78FR8UP2AG8HP,3MU03ZNWVE417KSB0OOMNMU5K2A5FU,,0,direct_response,$0.25,0.01,,,,,,,,,,,,96,0.00,1,1,96,,0.00,1,,,1
97,hm1roo0x,,0,0,10,,,,,,0,0,,,0.00,$0.25,zg3j6blu,,,3EHIMLB7F7E33Y47B78FR8UP2AG8HP,3MU03ZNWVE417KSB0OOMNMU5K2A5FU,,0,direct_response,$0.25,0.01,,,,,,,,,,,,97,0.00,1,1,97,,0.00,1,,,1
98,vl7i9cb7,,0,0,10,,,,,,0,0,,,0.00,$0.25,zg3j6blu,,,3EHIMLB7F7E33Y47B78FR8UP2AG8HP,3MU03ZNWVE417KSB0OOMNMU5K2A5FU,,0,direct_response,$0.25,0.01,,,,,,,,,,,,98,0.00,1,1,98,,0.00,1,,,1
99,f2fqun1h,,0,0,10,,,,,,0,0,,,0.00,$0.25,zg3j6blu,,,3EHIMLB7F7E33Y47B78FR8UP2AG8HP,3MU03ZNWVE417KSB0OOMNMU5K2A5FU,,0,direct_response,$0.25,0.01,,,,,,,,,,,,99,0.00,1,1,99,,0.00,1,,,1
100,8vhjmyqa,,0,0,10,,,,,,0,0,,,0.00,$0.25,zg3j6blu,,,3EHIMLB7F7E33Y47B78FR8UP2AG8HP,3MU03ZNWVE417KSB0OOMNMU5K2A5FU,,0,direct_response,$0.25,0.01,,,,,,,,,,,,100,0.00,1,1,100,,0.00,1,,,1
101,lvu4fh12,,0,0,10,,,,,,0,0,,,0.00,$0.25,zg3j6blu,,,3EHIMLB7F7E33Y47B78FR8UP2AG8HP,3MU03ZNWVE417KSB0OOMNMU5K2A5FU,,0,direct_response,$0.25,0.01,,,,,,,,,,,,101,0.00,1,1,101,,0.00,1,,,1
102,3suvgjb1,,0,0,10,,,,,,0,0,,,0.00,$0.25,zg3j6blu,,,3EHIMLB7F7E33Y47B78FR8UP2AG8HP,3MU03ZNWVE417KSB0OOMNMU5K2A5FU,,0,direct_response,$0.25,0.01,,,,,,,,,,,,102,0.00,1,1,102,,0.00,1,,,1
103,rne0gwjp,,0,0,10,,,,,,0,0,,,0.00,$0.25,zg3j6blu,,,3EHIMLB7F7E33Y47B78FR8UP2AG8HP,3MU03ZNWVE417KSB0OOMNMU5K2A5FU,,0,direct_response,$0.25,0.01,,,,,,,,,,,,103,0.00,1,1,103,,0.00,1,,,1
104,z5w1guk0,,0,0,10,,,,,,0,0,,,0.00,$0.25,zg3j6blu,,,3EHIMLB7F7E33Y47B78FR8UP2AG8HP,3MU03ZNWVE417KSB0OOMNMU5K2A5FU,,0,direct_response,$0.25,0.01,,,,,,,,,,,,104,0.00,1,1,104,,0.00,1,,,1
105,d3109kng,,0,0,10,,,,,,0,0,,,0.00,$0.25,zg3j6blu,,,3EHIMLB7F7E33Y47B78FR8UP2AG8HP,3MU03ZNWVE417KSB0OOMNMU5K2A5FU,,0,direct_response,$0.25,0.01,,,,,,,,,,,,105,0.00,1,1,105,,0.00,1,,,1
106,zw22qu6e,,0,0,10,,,,,,0,0,,,0.00,$0.25,zg3j6blu,,,3EHIMLB7F7E33Y47B78FR8UP2AG8HP,3MU03ZNWVE417KSB0OOMNMU5K2A5FU,,0,direct_response,$0.25,0.01,,,,,,,,,,,,106,0.00,1,1,106,,0.00,1,,,1
107,394ng5bj,,0,0,10,,,,,,0,0,,,0.00,$0.25,zg3j6blu,,,3EHIMLB7F7E33Y47B78FR8UP2AG8HP,3MU03ZNWVE417KSB0OOMNMU5K2A5FU,,0,direct_response,$0.25,0.01,,,,,,,,,,,,107,0.00,1,1,107,,0.00,1,,,1
108,th27yy5a,,0,0,10,,,,,,0,0,,,0.00,$0.25,zg3j6blu,,,3EHIMLB7F7E33Y47B78FR8UP2AG8HP,3MU03ZNWVE417KSB0OOMNMU5K2A5FU,,0,direct_response,$0.25,0.01,,,,,,,,,,,,108,0.00,1,1,108,,0.00,1,,,1
109,ugpohdcs,,0,0,10,,,,,,0,0,,,0.00,$0.25,zg3j6blu,,,3EHIMLB7F7E33Y47B78FR8UP2AG8HP,3MU03ZNWVE417KSB0OOMNMU5K2A5FU,,0,direct_response,$0.25,0.01,,,,,,,,,,,,109,0.00,1,1,109,,0.00,1,,,1
110,1mfmrtjp,,0,0,10,,,,,,0,0,,,0.00,$0.25,zg3j6blu,,,3EHIMLB7F7E33Y47B78FR8UP2AG8HP,3MU03ZNWVE417KSB0OOMNMU5K2A5FU,,0,direct_response,$0.25,0.01,,,,,,,,,,,,110,0.00,1,1,110,,0.00,1,,,1
111,nafheaz8,,0,0,10,,,,,,0,0,,,0.00,$0.25,zg3j6blu,,,3EHIMLB7F7E33Y47B78FR8UP2AG8HP,3MU03ZNWVE417KSB0OOMNMU5K2A5FU,,0,direct_response,$0.25,0.01,,,,,,,,,,,,111,0.00,1,1,111,,0.00,1,,,1
112,3sckp8bf,,0,0,10,,,,,,0,0,,,0.00,$0.25,zg3j6blu,,,3EHIMLB7F7E33Y47B78FR8UP2AG8HP,3MU03ZNWVE417KSB0OOMNMU5K2A5FU,,0,direct_response,$0.25,0.01,,,,,,,,,,,,112,0.00,1,1,112,,0.00,1,,,1
113,qy08ffgg,,0,0,10,,,,,,0,0,,,0.00,$0.25,zg3j6blu,,,3EHIMLB7F7E33Y47B78FR8UP2AG8HP,3MU03ZNWVE417KSB0OOMNMU5K2A5FU,,0,direct_response,$0.25,0.01,,,,,,,,,,,,113,0.00,1,1,113,,0.00,1,,,1
114,j4aqgvgi,,0,0,10,,,,,,0,0,,,0.00,$0.25,zg3j6blu,,,3EHIMLB7F7E33Y47B78FR8UP2AG8HP,3MU03ZNWVE417KSB0OOMNMU5K2A5FU,,0,direct_response,$0.25,0.01,,,,,,,,,,,,114,0.00,1,1,114,,0.00,1,,,1
115,pr9l8tr5,,0,0,10,,,,,,0,0,,,0.00,$0.25,zg3j6blu,,,3EHIMLB7F7E33Y47B78FR8UP2AG8HP,3MU03ZNWVE417KSB0OOMNMU5K2A5FU,,0,direct_response,$0.25,0.01,,,,,,,,,,,,115,0.00,1,1,115,,0.00,1,,,1
116,r1ise929,,0,0,10,,,,,,0,0,,,0.00,$0.25,zg3j6blu,,,3EHIMLB7F7E33Y47B78FR8UP2AG8HP,3MU03ZNWVE417KSB0OOMNMU5K2A5FU,,0,direct_response,$0.25,0.01,,,,,,,,,,,,116,0.00,1,1,116,,0.00,1,,,1
117,1osr3rct,,0,0,10,,,,,,0,0,,,0.00,$0.25,zg3j6blu,,,3EHIMLB7F7E33Y47B78FR8UP2AG8HP,3MU03ZNWVE417KSB0OOMNMU5K2A5FU,,0,direct_response,$0.25,0.01,,,,,,,,,,,,117,0.00,1,1,117,,0.00,1,,,1
118,tvl4wnho,,0,0,10,,,,,,0,0,,,0.00,$0.25,zg3j6blu,,,3EHIMLB7F7E33Y47B78FR8UP2AG8HP,3MU03ZNWVE417KSB0OOMNMU5K2A5FU,,0,direct_response,$0.25,0.01,,,,,,,,,,,,118,0.00,1,1,118,,0.00,1,,,1
119,hjoazksx,,0,0,10,,,,,,0,0,,,0.00,$0.25,zg3j6blu,,,3EHIMLB7F7E33Y47B78FR8UP2AG8HP,3MU03ZNWVE417KSB0OOMNMU5K2A5FU,,0,direct_response,$0.25,0.01,,,,,,,,,,,,119,0.00,1,1,119,,0.00,1,,,1
120,0yzke9az,,0,0,10,,,,,,0,0,,,0.00,$0.25,zg3j6blu,,,3EHIMLB7F7E33Y47B78FR8UP2AG8HP,3MU03ZNWVE417KSB0OOMNMU5K2A5FU,,0,direct_response,$0.25,0.01,,,,,,,,,,,,120,0.00,1,1,120,,0.00,1,,,1
