participant.id_in_session,participant.code,participant.label,participant._is_bot,participant._index_in_pages,participant._max_page_index,participant._current_app_name,participant._round_number,participant._current_page_name,participant.ip_address,participant.time_started,participant.exclude_from_data_analysis,participant.visited,participant.mturk_worker_id,participant.mturk_assignment_id,participant.payoff,player.id_in_group,player.payoff,group.id_in_subsession,subsession.round_number,session.code,session.label,session.experimenter_name,session.mturk_HITId,session.mturk_HITGroupId,session.comment,session.is_demo
1,x2kg8vtl,,0,10,10,ultimatum_windfall_vignette,1,Validation,10.138.121.5,2017-08-17 23:47:55.311754+00:00,0,1,,,0.00,1,0.00,1,1,c12dfekx,,,,,,1
2,f560sfy0,,0,10,10,ultimatum_windfall_vignette,1,Validation,10.138.121.5,2017-08-17 23:48:08.088151+00:00,0,1,,,0.00,2,0.00,1,1,c12dfekx,,,,,,1
1,6yntxmvj,,0,4,10,ultimatum_windfall_vignette,1,WaitToStart,10.63.30.96,2017-08-17 23:49:43.330871+00:00,0,1,,,0.00,1,0.00,1,1,4rv6dm89,,,,,,1
2,6fnh5qxl,,0,0,10,,,,,,0,0,,,0.00,2,0.00,1,1,4rv6dm89,,,,,,1
1,q6nbxbkg,,0,9,10,ultimatum_windfall_vignette,1,Results,10.45.73.26,2017-08-17 23:57:14.168223+00:00,0,1,,,0.00,1,0.00,1,1,zqn0u9te,,,,,,1
2,l0xqxfsw,,0,9,10,ultimatum_windfall_vignette,1,Results,10.45.73.26,2017-08-17 23:57:26.590493+00:00,0,1,,,0.00,2,0.00,1,1,zqn0u9te,,,,,,1
1,ktsr7a9u,,0,11,10,ultimatum_windfall_vignette,1,Validation,10.81.172.78,2017-08-17 23:59:31.599674+00:00,0,1,AVOF14300525D,3VHHR074H4W4B0G8IP08UKNMU497LQ,0.50,1,0.00,1,1,zg3j6blu,,,3EHIMLB7F7E33Y47B78FR8UP2AG8HP,3MU03ZNWVE417KSB0OOMNMU5K2A5FU,,0
2,2uru22w3,,0,11,10,ultimatum_windfall_vignette,1,Validation,10.71.204.252,2017-08-17 23:59:38.288476+00:00,0,1,AMB2CMVR8TCXU,33FBRBDW6PEF8ARLFHZF51TUBF1C82,0.60,2,0.00,1,1,zg3j6blu,,,3EHIMLB7F7E33Y47B78FR8UP2AG8HP,3MU03ZNWVE417KSB0OOMNMU5K2A5FU,,0
3,iemzz80e,,0,11,10,ultimatum_windfall_vignette,1,Validation,10.152.65.114,2017-08-18 00:00:01.979161+00:00,0,1,A2GOYSTIL3LOV1,3RJSC4XJ119CR0D353ZSYGH200305V,0.50,3,0.00,1,1,zg3j6blu,,,3EHIMLB7F7E33Y47B78FR8UP2AG8HP,3MU03ZNWVE417KSB0OOMNMU5K2A5FU,,0
4,i70ro8bw,,0,11,10,ultimatum_windfall_vignette,1,Validation,10.186.38.2,2017-08-18 00:00:02.518910+00:00,0,1,A1XAOEDK0Y2KBT,32Z9ZLUT1MZ9AAPH8Q2CDEGA3CAHOJ,0.50,4,0.00,1,1,zg3j6blu,,,3EHIMLB7F7E33Y47B78FR8UP2AG8HP,3MU03ZNWVE417KSB0OOMNMU5K2A5FU,,0
5,l4juhcwz,,0,11,10,ultimatum_windfall_vignette,1,Validation,10.109.132.249,2017-08-18 00:00:12.440603+00:00,0,1,A1LUM8ICNKFUX0,3LRKMWOKB6WHUO06REAM68HCYXV2ZO,0.40,5,0.00,1,1,zg3j6blu,,,3EHIMLB7F7E33Y47B78FR8UP2AG8HP,3MU03ZNWVE417KSB0OOMNMU5K2A5FU,,0
6,70cebnfd,,0,11,10,ultimatum_windfall_vignette,1,Validation,10.13.194.229,2017-08-18 00:00:33.493233+00:00,0,1,AWOLBQZMUHKTU,3G5W44VEU8XCKN9RQSS1LXN047NKG3,0.50,6,0.00,1,1,zg3j6blu,,,3EHIMLB7F7E33Y47B78FR8UP2AG8HP,3MU03ZNWVE417KSB0OOMNMU5K2A5FU,,0
7,vrslga0y,,0,11,10,ultimatum_windfall_vignette,1,Validation,10.150.135.91,2017-08-18 00:00:45.611551+00:00,0,1,ASIBZ1YHF6RQ3,3OS4RQUCRAU5DK929V9Q494YGYEFBF,0.50,7,0.00,1,1,zg3j6blu,,,3EHIMLB7F7E33Y47B78FR8UP2AG8HP,3MU03ZNWVE417KSB0OOMNMU5K2A5FU,,0
8,3v6bz0fw,,0,11,10,ultimatum_windfall_vignette,1,Validation,10.178.64.67,2017-08-18 00:00:45.508360+00:00,0,1,A1LRDHZZUVF9AZ,3NJM2BJS4XL0E2Q21Y1QRNOK0P1CPM,0.00,8,0.00,1,1,zg3j6blu,,,3EHIMLB7F7E33Y47B78FR8UP2AG8HP,3MU03ZNWVE417KSB0OOMNMU5K2A5FU,,0
9,yefusggj,,0,11,10,ultimatum_windfall_vignette,1,Validation,10.111.221.243,2017-08-18 00:02:16.102006+00:00,0,1,A3QDFV8LK9A1HX,3VBEN272MLEA86MZV113CJEAL10SGS,0.50,9,0.00,1,1,zg3j6blu,,,3EHIMLB7F7E33Y47B78FR8UP2AG8HP,3MU03ZNWVE417KSB0OOMNMU5K2A5FU,,0
10,2sk78qpc,,0,9,10,ultimatum_windfall_vignette,1,Results,10.169.197.46,2017-08-18 00:03:15.917231+00:00,0,1,A38R7SIVV118KT,3BDCF01OGY9NQKC95YQ87X7JY3ILY5,0.00,10,0.00,1,1,zg3j6blu,,,3EHIMLB7F7E33Y47B78FR8UP2AG8HP,3MU03ZNWVE417KSB0OOMNMU5K2A5FU,,0
11,r11w5l43,,0,11,10,ultimatum_windfall_vignette,1,Validation,10.69.205.24,2017-08-18 00:04:12.729113+00:00,0,1,A1VJN1Y35LDNPE,39RP059MEI8BJU1JVID3ZZO7DZQMBT,0.50,11,0.00,1,1,zg3j6blu,,,3EHIMLB7F7E33Y47B78FR8UP2AG8HP,3MU03ZNWVE417KSB0OOMNMU5K2A5FU,,0
12,h258dp0w,,0,11,10,ultimatum_windfall_vignette,1,Validation,10.109.132.249,2017-08-18 00:05:44.174163+00:00,0,1,A4IX0UUC3A3GY,3Y54SXRO1M0USO0946VAQ3BNWSTTUI,0.50,12,0.00,1,1,zg3j6blu,,,3EHIMLB7F7E33Y47B78FR8UP2AG8HP,3MU03ZNWVE417KSB0OOMNMU5K2A5FU,,0
13,eydpzbpp,,0,3,10,consent_start2_copy,1,Proceed,10.157.112.148,2017-08-18 00:06:21.641289+00:00,0,1,A3891AS26VQIAS,3YZ8UPK3VU1D67YYIK0K1TBJ86TUC0,0.00,13,0.00,1,1,zg3j6blu,,,3EHIMLB7F7E33Y47B78FR8UP2AG8HP,3MU03ZNWVE417KSB0OOMNMU5K2A5FU,,0
14,s4k7jzda,,0,9,10,ultimatum_windfall_vignette,1,Results,10.143.28.92,2017-08-18 00:06:23.661032+00:00,0,1,A1THXHPVWVEWNZ,30MVJZJNHNS2UTG1U1MFS110L5T9J3,0.00,14,0.00,1,1,zg3j6blu,,,3EHIMLB7F7E33Y47B78FR8UP2AG8HP,3MU03ZNWVE417KSB0OOMNMU5K2A5FU,,0
15,f9ri5luv,,0,11,10,ultimatum_windfall_vignette,1,Validation,10.13.194.229,2017-08-18 00:12:07.848696+00:00,0,1,A1G17IJC53N6K3,3VAR3R6G1QGGHZOO5M8601NB0TLO8C,0.50,15,0.00,1,1,zg3j6blu,,,3EHIMLB7F7E33Y47B78FR8UP2AG8HP,3MU03ZNWVE417KSB0OOMNMU5K2A5FU,,0
16,y0dzrigk,,0,3,10,consent_start2_copy,1,Proceed,10.141.27.204,2017-08-18 00:12:48.684706+00:00,0,1,A390LJJVHF36FX,3M0NZ3JDP2D9TLJT9XCK4FKOI7NZ5N,0.00,16,0.00,1,1,zg3j6blu,,,3EHIMLB7F7E33Y47B78FR8UP2AG8HP,3MU03ZNWVE417KSB0OOMNMU5K2A5FU,,0
17,gvbe60sh,,0,11,10,ultimatum_windfall_vignette,1,Validation,10.81.229.55,2017-08-18 00:15:19.586735+00:00,0,1,A2CTUC9T6QF10J,31T4R4OBOTVB8WM25C79R1XZ0VXC7H,0.50,17,0.00,1,1,zg3j6blu,,,3EHIMLB7F7E33Y47B78FR8UP2AG8HP,3MU03ZNWVE417KSB0OOMNMU5K2A5FU,,0
18,4k8x65p2,,0,3,10,consent_start2_copy,1,Proceed,10.179.204.228,2017-08-18 00:18:22.548531+00:00,0,1,A2YLK83DQ6PA5Y,3RANCT1ZVGWUW26S4K4PQ951QLUBUB,0.00,18,0.00,1,1,zg3j6blu,,,3EHIMLB7F7E33Y47B78FR8UP2AG8HP,3MU03ZNWVE417KSB0OOMNMU5K2A5FU,,0
19,s6xnuslq,,0,11,10,ultimatum_windfall_vignette,1,Validation,10.187.70.119,2017-08-18 00:18:39.844712+00:00,0,1,A1GRLZL4F72RBJ,3R2PKQ87NXNL62FP1S5KLMSK8PCIM0,0.00,19,0.00,1,1,zg3j6blu,,,3EHIMLB7F7E33Y47B78FR8UP2AG8HP,3MU03ZNWVE417KSB0OOMNMU5K2A5FU,,0
20,mo77xtxt,,0,9,10,ultimatum_windfall_vignette,1,Results,10.179.55.98,2017-08-18 00:21:46.176536+00:00,0,1,A2R7GB0KGZQVWY,3Z7ISHFUH1ASG32V7VJNGZUFKXPZ8Q,0.00,20,0.00,1,1,zg3j6blu,,,3EHIMLB7F7E33Y47B78FR8UP2AG8HP,3MU03ZNWVE417KSB0OOMNMU5K2A5FU,,0
21,56zu748p,,0,11,10,ultimatum_windfall_vignette,1,Validation,10.167.190.210,2017-08-18 00:25:31.112030+00:00,0,1,A1CD3C4WYCBVL8,338JKRMM27EK86VGY7XUCJW5EV9AHG,0.00,21,0.00,1,1,zg3j6blu,,,3EHIMLB7F7E33Y47B78FR8UP2AG8HP,3MU03ZNWVE417KSB0OOMNMU5K2A5FU,,0
22,h0i4ecav,,0,11,10,ultimatum_windfall_vignette,1,Validation,10.109.135.32,2017-08-18 00:26:01.411727+00:00,0,1,A1LEWF3XCAKF39,3Q8GYXHFEQHWLS8JHJSCTHJ39P35CW,0.50,22,0.00,1,1,zg3j6blu,,,3EHIMLB7F7E33Y47B78FR8UP2AG8HP,3MU03ZNWVE417KSB0OOMNMU5K2A5FU,,0
23,qkvyck7d,,0,11,10,ultimatum_windfall_vignette,1,Validation,10.143.28.92,2017-08-18 00:27:52.472307+00:00,0,1,AXZZ4FQQWUZ2W,3OS4RQUCRAU5DK929V9Q494YGYHBFE,0.00,23,0.00,1,1,zg3j6blu,,,3EHIMLB7F7E33Y47B78FR8UP2AG8HP,3MU03ZNWVE417KSB0OOMNMU5K2A5FU,,0
24,gu2b809t,,0,10,10,ultimatum_windfall_vignette,1,Validation,10.71.211.222,2017-08-18 00:32:49.125625+00:00,0,1,A3BXT78QXFC6F3,3ZQIG0FLQFVMXKT341AQ99K5ETNVW2,0.00,24,0.00,1,1,zg3j6blu,,,3EHIMLB7F7E33Y47B78FR8UP2AG8HP,3MU03ZNWVE417KSB0OOMNMU5K2A5FU,,0
25,gb557t1n,,0,11,10,ultimatum_windfall_vignette,1,Validation,10.31.48.247,2017-08-18 00:30:15.928930+00:00,0,1,AB8NQXV998NFM,3DH6GAKTYZ47V9TDKZHHFCIHDCTYZ4,0.50,25,0.00,1,1,zg3j6blu,,,3EHIMLB7F7E33Y47B78FR8UP2AG8HP,3MU03ZNWVE417KSB0OOMNMU5K2A5FU,,0
26,lwgdrb4h,,0,9,10,ultimatum_windfall_vignette,1,Results,10.164.78.133,2017-08-18 00:32:44.262884+00:00,0,1,A2TFP54ZE2YC0H,3KRVW3HTZO0A0GIL64ZYPOY7HNFMSX,0.00,26,0.00,1,1,zg3j6blu,,,3EHIMLB7F7E33Y47B78FR8UP2AG8HP,3MU03ZNWVE417KSB0OOMNMU5K2A5FU,,0
27,5ht9b5fj,,0,3,10,consent_start2_copy,1,Proceed,10.164.172.163,2017-08-18 00:37:38.041208+00:00,0,1,A3TK7HVFEKB00R,3C44YUNSI24AJUWG1UW1BT62LPHDPR,0.00,27,0.00,1,1,zg3j6blu,,,3EHIMLB7F7E33Y47B78FR8UP2AG8HP,3MU03ZNWVE417KSB0OOMNMU5K2A5FU,,0
28,6bopez6t,,0,3,10,consent_start2_copy,1,Proceed,10.157.160.84,2017-08-18 00:38:21.693333+00:00,0,1,A1Y0TVTUOA8C61,32Z9ZLUT1MZ9AAPH8Q2CDEGA3CEOHU,0.00,28,0.00,1,1,zg3j6blu,,,3EHIMLB7F7E33Y47B78FR8UP2AG8HP,3MU03ZNWVE417KSB0OOMNMU5K2A5FU,,0
29,kyxa0bq6,,0,11,10,ultimatum_windfall_vignette,1,Validation,10.152.65.114,2017-08-18 00:39:47.986599+00:00,0,1,A35RFJV8YHZ85U,3X0H8UUIT2365SCZA65LYM0YFPUWSZ,0.50,29,0.00,1,1,zg3j6blu,,,3EHIMLB7F7E33Y47B78FR8UP2AG8HP,3MU03ZNWVE417KSB0OOMNMU5K2A5FU,,0
30,61ie764a,,0,11,10,ultimatum_windfall_vignette,1,Validation,10.164.78.133,2017-08-18 00:40:20.952583+00:00,0,1,A3PDU77SEW7L9I,3JMSRU9HQJ9SGK7CJ1GKN3D57PJEV6,0.50,30,0.00,1,1,zg3j6blu,,,3EHIMLB7F7E33Y47B78FR8UP2AG8HP,3MU03ZNWVE417KSB0OOMNMU5K2A5FU,,0
31,yil5bxpe,,0,9,10,ultimatum_windfall_vignette,1,Results,10.30.24.121,2017-08-18 00:42:01.180463+00:00,0,1,A2F1JTU06CO6VD,39ASUFLU6YMKK9C7JGH2BOAQN0RXES,0.70,31,0.00,1,1,zg3j6blu,,,3EHIMLB7F7E33Y47B78FR8UP2AG8HP,3MU03ZNWVE417KSB0OOMNMU5K2A5FU,,0
32,yzt0jsrn,,0,3,10,consent_start2_copy,1,Proceed,10.155.8.85,2017-08-18 00:45:09.430352+00:00,0,1,A10EFQ1YM2LFK6,31IBVUNM9TEKMY78EC0Q5LY5JQYVF5,0.00,32,0.00,1,1,zg3j6blu,,,3EHIMLB7F7E33Y47B78FR8UP2AG8HP,3MU03ZNWVE417KSB0OOMNMU5K2A5FU,,0
33,52v4svun,,0,11,10,ultimatum_windfall_vignette,1,Validation,10.33.230.36,2017-08-18 00:48:23.046095+00:00,0,1,A1JMJCVG86Y5RT,3IJXV6UZ1YYC3ISH60117LMUECEIRR,0.30,33,0.00,1,1,zg3j6blu,,,3EHIMLB7F7E33Y47B78FR8UP2AG8HP,3MU03ZNWVE417KSB0OOMNMU5K2A5FU,,0
34,75nb5b7q,,0,3,10,consent_start2_copy,1,Proceed,10.63.100.77,2017-08-18 00:49:22.771441+00:00,0,1,A1Z2XMXEZ1SEI6,3TYCR1GOTDYNVAME1KSRL4GL4XRLZ1,0.00,34,0.00,1,1,zg3j6blu,,,3EHIMLB7F7E33Y47B78FR8UP2AG8HP,3MU03ZNWVE417KSB0OOMNMU5K2A5FU,,0
35,qgniyv6y,,0,9,10,ultimatum_windfall_vignette,1,Results,10.13.194.229,2017-08-18 00:49:27.601141+00:00,0,1,A35DZ5AAKNOKQ8,308XBLVESJJ2GAEB0Q9KLYIHJMUBRB,1.00,35,0.00,1,1,zg3j6blu,,,3EHIMLB7F7E33Y47B78FR8UP2AG8HP,3MU03ZNWVE417KSB0OOMNMU5K2A5FU,,0
36,p9vegmlj,,0,11,10,ultimatum_windfall_vignette,1,Validation,10.16.227.159,2017-08-18 00:51:30.174518+00:00,0,1,A17KN7NAP48L4B,3TYCR1GOTDYNVAME1KSRL4GL4XRLZ1,0.50,36,0.00,1,1,zg3j6blu,,,3EHIMLB7F7E33Y47B78FR8UP2AG8HP,3MU03ZNWVE417KSB0OOMNMU5K2A5FU,,0
37,uuwdsf9n,,0,11,10,ultimatum_windfall_vignette,1,Validation,10.109.135.32,2017-08-18 00:52:07.349909+00:00,0,1,A3HRH787M4P8F0,3VJ40NV2QJ2ZFJGC8KJ1RXJYE6ATOA,0.50,37,0.00,1,1,zg3j6blu,,,3EHIMLB7F7E33Y47B78FR8UP2AG8HP,3MU03ZNWVE417KSB0OOMNMU5K2A5FU,,0
38,aoq7a09i,,0,3,10,consent_start2_copy,1,Proceed,10.13.194.229,2017-08-18 00:53:47.929080+00:00,0,1,A2O2BJS2PK29DP,3SEPORI8WOE6ZRVA4T31CQ0AALSZAX,0.00,38,0.00,1,1,zg3j6blu,,,3EHIMLB7F7E33Y47B78FR8UP2AG8HP,3MU03ZNWVE417KSB0OOMNMU5K2A5FU,,0
39,72e6jra4,,0,11,10,ultimatum_windfall_vignette,1,Validation,10.63.100.77,2017-08-18 01:03:22.452278+00:00,0,1,ALDQRWYZ8KQ9A,3HWRJOOET6HCOSQ8P6BFCGTY8LRSEH,0.50,39,0.00,1,1,zg3j6blu,,,3EHIMLB7F7E33Y47B78FR8UP2AG8HP,3MU03ZNWVE417KSB0OOMNMU5K2A5FU,,0
40,7v4zm2b2,,0,11,10,ultimatum_windfall_vignette,1,Validation,10.71.208.240,2017-08-18 01:04:03.709798+00:00,0,1,A1K0S514CEY1UG,3NLZY2D53Q4EHILNEO9EUB4HZU5QLB,0.50,40,0.00,1,1,zg3j6blu,,,3EHIMLB7F7E33Y47B78FR8UP2AG8HP,3MU03ZNWVE417KSB0OOMNMU5K2A5FU,,0
41,hss5907p,,0,11,10,ultimatum_windfall_vignette,1,Validation,10.30.24.121,2017-08-18 01:04:28.920496+00:00,0,1,A2LMNFSF3LG9VS,3C2NJ6JBKBWNDZMNOQZSBLA3OJU2NE,0.50,41,0.00,1,1,zg3j6blu,,,3EHIMLB7F7E33Y47B78FR8UP2AG8HP,3MU03ZNWVE417KSB0OOMNMU5K2A5FU,,0
42,29h4oang,,0,11,10,ultimatum_windfall_vignette,1,Validation,10.142.142.206,2017-08-18 01:05:18.450376+00:00,0,1,A1JMB9Z7EYHU1O,3NC5L260MP1PWEYBD0ECAT4XNX4FOQ,0.50,42,0.00,1,1,zg3j6blu,,,3EHIMLB7F7E33Y47B78FR8UP2AG8HP,3MU03ZNWVE417KSB0OOMNMU5K2A5FU,,0
43,xow9agya,,0,11,10,ultimatum_windfall_vignette,1,Validation,10.179.204.228,2017-08-18 01:06:00.675008+00:00,0,1,A1L3XBD6D9A54J,3YT88D1N09DBQBX3VDLH23YR02P3KL,0.50,43,0.00,1,1,zg3j6blu,,,3EHIMLB7F7E33Y47B78FR8UP2AG8HP,3MU03ZNWVE417KSB0OOMNMU5K2A5FU,,0
44,rqtzd6s0,,0,11,10,ultimatum_windfall_vignette,1,Validation,10.157.148.138,2017-08-18 01:06:05.097201+00:00,0,1,A37NZ5CUEO3RX7,3DEL4X4EL70IQETYJHTWIR265CYXY9,0.50,44,0.00,1,1,zg3j6blu,,,3EHIMLB7F7E33Y47B78FR8UP2AG8HP,3MU03ZNWVE417KSB0OOMNMU5K2A5FU,,0
45,ag4s7gvh,,0,11,10,ultimatum_windfall_vignette,1,Validation,10.179.16.238,2017-08-18 01:09:49.021154+00:00,0,1,AY1A16F0PV2ES,3UJ1CZ6IZI4CS9XFE5IC8MNLVSTS5H,0.00,45,0.00,1,1,zg3j6blu,,,3EHIMLB7F7E33Y47B78FR8UP2AG8HP,3MU03ZNWVE417KSB0OOMNMU5K2A5FU,,0
46,9fvhciq8,,0,3,10,consent_start2_copy,1,Proceed,10.230.176.210,2017-08-18 01:12:51.456294+00:00,0,1,A1Z08W946P7WZJ,3WMOAN2SRCCWAQKPC0J3DQ7ELHNVNF,0.00,46,0.00,1,1,zg3j6blu,,,3EHIMLB7F7E33Y47B78FR8UP2AG8HP,3MU03ZNWVE417KSB0OOMNMU5K2A5FU,,0
47,bk1etg0d,,0,9,10,ultimatum_windfall_vignette,1,Results,10.147.39.151,2017-08-18 01:14:41.594272+00:00,0,1,A4QETYCZNF6S1,3JWH6J9I9TSH1CMJ7JS3CED7IP8BNQ,0.00,47,0.00,1,1,zg3j6blu,,,3EHIMLB7F7E33Y47B78FR8UP2AG8HP,3MU03ZNWVE417KSB0OOMNMU5K2A5FU,,0
48,11kpg14e,,0,11,10,ultimatum_windfall_vignette,1,Validation,10.63.211.204,2017-08-18 01:16:37.873328+00:00,0,1,A12LMSWO1N554W,31EUONYN2WIESBK1DFJGSF7JBRTOVO,0.50,48,0.00,1,1,zg3j6blu,,,3EHIMLB7F7E33Y47B78FR8UP2AG8HP,3MU03ZNWVE417KSB0OOMNMU5K2A5FU,,0
49,yzkjxiqe,,0,11,10,ultimatum_windfall_vignette,1,Validation,10.65.88.66,2017-08-18 01:17:11.720749+00:00,0,1,A2M3LVBUZLN8MO,3TY7ZAOG5GZF9JY6CQ3Y050KXQ6K08,0.50,49,0.00,1,1,zg3j6blu,,,3EHIMLB7F7E33Y47B78FR8UP2AG8HP,3MU03ZNWVE417KSB0OOMNMU5K2A5FU,,0
50,zep1wdmu,,0,11,10,ultimatum_windfall_vignette,1,Validation,10.146.95.78,2017-08-18 01:18:53.842482+00:00,0,1,A3PYJGRI7FMKQL,37ZHEEHM6X1NVWQJCJW8YYT5UIR37H,0.00,50,0.00,1,1,zg3j6blu,,,3EHIMLB7F7E33Y47B78FR8UP2AG8HP,3MU03ZNWVE417KSB0OOMNMU5K2A5FU,,0
51,fj0l0d8g,,0,9,10,ultimatum_windfall_vignette,1,Results,10.231.231.232,2017-08-18 01:26:28.200863+00:00,0,1,AX5RNDHRK9PJ8,35GCEFQ6I636F6WPVEORPIM44B53ZA,0.00,51,0.00,1,1,zg3j6blu,,,3EHIMLB7F7E33Y47B78FR8UP2AG8HP,3MU03ZNWVE417KSB0OOMNMU5K2A5FU,,0
52,ubqodrxi,,0,11,10,ultimatum_windfall_vignette,1,Validation,10.63.231.107,2017-08-18 01:27:11.135794+00:00,0,1,A28ZPY6D5AS7GZ,3SPJ033422IHVUO92DEVRIURUEMYJP,0.50,52,0.00,1,1,zg3j6blu,,,3EHIMLB7F7E33Y47B78FR8UP2AG8HP,3MU03ZNWVE417KSB0OOMNMU5K2A5FU,,0
53,p4guliw4,,0,9,10,ultimatum_windfall_vignette,1,Results,10.109.163.176,2017-08-18 01:27:17.331443+00:00,0,1,A31RS9OM134YI4,3EFVCAY5L4O2GOXRP9G1S56P1ZKJ8X,0.00,53,0.00,1,1,zg3j6blu,,,3EHIMLB7F7E33Y47B78FR8UP2AG8HP,3MU03ZNWVE417KSB0OOMNMU5K2A5FU,,0
54,o6sbx3ij,,0,9,10,ultimatum_windfall_vignette,1,Results,10.33.230.36,2017-08-18 01:34:17.741001+00:00,0,1,A3298CNSQI60HU,30LB5CDZNDPAYEXSCR68NKOX1ZM0ZD,0.00,54,0.00,1,1,zg3j6blu,,,3EHIMLB7F7E33Y47B78FR8UP2AG8HP,3MU03ZNWVE417KSB0OOMNMU5K2A5FU,,0
55,xuk79v7q,,0,11,10,ultimatum_windfall_vignette,1,Validation,10.158.162.94,2017-08-18 01:38:14.027115+00:00,0,1,AUW4D4FF87HS0,3MHW492WW1SQS8ZP0Z430BIEGRHMVA,0.50,55,0.00,1,1,zg3j6blu,,,3EHIMLB7F7E33Y47B78FR8UP2AG8HP,3MU03ZNWVE417KSB0OOMNMU5K2A5FU,,0
56,mqnnahea,,0,10,10,ultimatum_windfall_vignette,1,Validation,10.179.204.228,2017-08-18 01:38:37.033127+00:00,0,1,A2ZOM62DKMSWDK,3E13VNJ1NOAOADT086MM1U4HAEQI11,0.50,56,0.00,1,1,zg3j6blu,,,3EHIMLB7F7E33Y47B78FR8UP2AG8HP,3MU03ZNWVE417KSB0OOMNMU5K2A5FU,,0
57,tpj4jbs0,,0,11,10,ultimatum_windfall_vignette,1,Validation,10.154.45.231,2017-08-18 01:40:05.662428+00:00,0,1,A3Q13VTPRIVFZS,3NAPMVF0ZXUYAEU08JI3FOODO4U278,0.00,57,0.00,1,1,zg3j6blu,,,3EHIMLB7F7E33Y47B78FR8UP2AG8HP,3MU03ZNWVE417KSB0OOMNMU5K2A5FU,,0
58,xxoyjkon,,0,11,10,ultimatum_windfall_vignette,1,Validation,10.97.160.245,2017-08-18 01:42:09.091182+00:00,0,1,AKQWJ8Y1TMHX0,39OWYR0EPL61QS2DJNNACK2Z177YFO,0.00,58,0.00,1,1,zg3j6blu,,,3EHIMLB7F7E33Y47B78FR8UP2AG8HP,3MU03ZNWVE417KSB0OOMNMU5K2A5FU,,0
59,h5ab43rf,,0,11,10,ultimatum_windfall_vignette,1,Validation,10.150.98.212,2017-08-18 01:44:49.452649+00:00,0,1,A3PB4MIUTS7VUH,333U7HK6IAUEXJTI6HRHEXKQCQJJD5,0.50,59,0.00,1,1,zg3j6blu,,,3EHIMLB7F7E33Y47B78FR8UP2AG8HP,3MU03ZNWVE417KSB0OOMNMU5K2A5FU,,0
60,ojky73go,,0,11,10,ultimatum_windfall_vignette,1,Validation,10.79.219.198,2017-08-18 01:45:56.794273+00:00,0,1,ABOEYY9Y0PFRI,3L4D84MIL07V9ZYKSDA75IZO4ICHJC,0.50,60,0.00,1,1,zg3j6blu,,,3EHIMLB7F7E33Y47B78FR8UP2AG8HP,3MU03ZNWVE417KSB0OOMNMU5K2A5FU,,0
61,v14ptdi2,,0,9,10,ultimatum_windfall_vignette,1,Results,10.145.25.250,2017-08-18 01:48:19.903862+00:00,0,1,A3R7DBGBVC5W1C,3DR23U6WE6TD3S3NE6G5MLPKA4BTED,1.00,61,0.00,1,1,zg3j6blu,,,3EHIMLB7F7E33Y47B78FR8UP2AG8HP,3MU03ZNWVE417KSB0OOMNMU5K2A5FU,,0
62,gl8cuwzo,,0,3,10,consent_start2_copy,1,Proceed,10.31.48.247,2017-08-18 01:53:42.700543+00:00,0,1,A1UMMEJR2M75NJ,3X87C8JFV7Q1LVGDYX6F6XICROMQSY,0.00,62,0.00,1,1,zg3j6blu,,,3EHIMLB7F7E33Y47B78FR8UP2AG8HP,3MU03ZNWVE417KSB0OOMNMU5K2A5FU,,0
63,h9sr2fiu,,0,9,10,ultimatum_windfall_vignette,1,Results,10.168.65.231,2017-08-18 01:53:44.485723+00:00,0,1,A36CAAD6FXGJ9T,3VNXK88KKDXBLOGVBQ0YVPCUGSCV9M,0.00,63,0.00,1,1,zg3j6blu,,,3EHIMLB7F7E33Y47B78FR8UP2AG8HP,3MU03ZNWVE417KSB0OOMNMU5K2A5FU,,0
64,trwq0b7c,,0,11,10,ultimatum_windfall_vignette,1,Validation,10.93.232.18,2017-08-18 01:56:38.559722+00:00,0,1,A2ID5UDW37AV2P,3GD6L00D3TCA6WJRTLKETNBYRODM1Q,0.50,64,0.00,1,1,zg3j6blu,,,3EHIMLB7F7E33Y47B78FR8UP2AG8HP,3MU03ZNWVE417KSB0OOMNMU5K2A5FU,,0
65,1ka1xijo,,0,11,10,ultimatum_windfall_vignette,1,Validation,10.45.224.229,2017-08-18 01:58:23.457281+00:00,0,1,A394PCJZ22IIHV,3QY5DC2MXSZK9JI89MQL9ZWM5KZFUC,0.50,65,0.00,1,1,zg3j6blu,,,3EHIMLB7F7E33Y47B78FR8UP2AG8HP,3MU03ZNWVE417KSB0OOMNMU5K2A5FU,,0
66,mkkh75x0,,0,11,10,ultimatum_windfall_vignette,1,Validation,10.71.208.240,2017-08-18 02:00:36.231049+00:00,0,1,A2IYESFSD1EG9E,3TPWUS5F8AGQYBN3DKFLJHWGTNIWCH,0.50,66,0.00,1,1,zg3j6blu,,,3EHIMLB7F7E33Y47B78FR8UP2AG8HP,3MU03ZNWVE417KSB0OOMNMU5K2A5FU,,0
67,y2b8t87r,,0,11,10,ultimatum_windfall_vignette,1,Validation,10.179.86.73,2017-08-18 02:01:37.530053+00:00,0,1,A2FVBM2LXBFCKP,3SUWZRL0MZS71USBIT8CBBX6QX36EK,0.50,67,0.00,1,1,zg3j6blu,,,3EHIMLB7F7E33Y47B78FR8UP2AG8HP,3MU03ZNWVE417KSB0OOMNMU5K2A5FU,,0
68,t0owb28t,,0,11,10,ultimatum_windfall_vignette,1,Validation,10.170.176.153,2017-08-18 02:03:37.740211+00:00,0,1,A16J1FEJ33K4X5,3XCC1ODXDMQPKGG0J86AGNDG5N5RQF,0.50,68,0.00,1,1,zg3j6blu,,,3EHIMLB7F7E33Y47B78FR8UP2AG8HP,3MU03ZNWVE417KSB0OOMNMU5K2A5FU,,0
69,8vsure7m,,0,11,10,ultimatum_windfall_vignette,1,Validation,10.138.121.5,2017-08-18 02:05:38.331432+00:00,0,1,A3KIZLHCD945UK,3MD9PLUKKJTDJAPZDX86YWKA9T1NZH,0.50,69,0.00,1,1,zg3j6blu,,,3EHIMLB7F7E33Y47B78FR8UP2AG8HP,3MU03ZNWVE417KSB0OOMNMU5K2A5FU,,0
70,ri8hlz4g,,0,9,10,ultimatum_windfall_vignette,1,Results,10.183.102.41,2017-08-18 02:07:32.879596+00:00,0,1,ACQ0B1X5APCD5,3M0BCWMB8WB7O6VXZKJQ8XQYB2KBWR,0.00,70,0.00,1,1,zg3j6blu,,,3EHIMLB7F7E33Y47B78FR8UP2AG8HP,3MU03ZNWVE417KSB0OOMNMU5K2A5FU,,0
71,rmgprzxf,,0,3,10,consent_start2_copy,1,Proceed,10.7.198.126,2017-08-18 02:07:51.898832+00:00,0,1,ACWO6CQYR5CEO,3AQF3RZ559XZ78S7D4SITTI62YJF6C,0.00,71,0.00,1,1,zg3j6blu,,,3EHIMLB7F7E33Y47B78FR8UP2AG8HP,3MU03ZNWVE417KSB0OOMNMU5K2A5FU,,0
72,ti519ept,,0,9,10,ultimatum_windfall_vignette,1,Results,10.138.121.5,2017-08-18 02:08:15.086756+00:00,0,1,A3FC0TDAK5QY1G,3A1COHJ8NKA6PI2119DGGSQAO8MH8Y,0.00,72,0.00,1,1,zg3j6blu,,,3EHIMLB7F7E33Y47B78FR8UP2AG8HP,3MU03ZNWVE417KSB0OOMNMU5K2A5FU,,0
73,tbsqzb2v,,0,11,10,ultimatum_windfall_vignette,1,Validation,10.158.160.96,2017-08-18 02:08:44.971506+00:00,0,1,A2WAFATWM6RUJO,3N2BF7Y2VR9LA745VANZLAR58DBHMM,0.50,73,0.00,1,1,zg3j6blu,,,3EHIMLB7F7E33Y47B78FR8UP2AG8HP,3MU03ZNWVE417KSB0OOMNMU5K2A5FU,,0
74,acqr4fnv,,0,11,10,ultimatum_windfall_vignette,1,Validation,10.147.39.151,2017-08-18 02:08:54.592567+00:00,0,1,A16X1PKSJE5S7,3PQ8K71NHYZ5YJN2S1N2VX9111WAAK,0.50,74,0.00,1,1,zg3j6blu,,,3EHIMLB7F7E33Y47B78FR8UP2AG8HP,3MU03ZNWVE417KSB0OOMNMU5K2A5FU,,0
75,e9izshf0,,0,11,10,ultimatum_windfall_vignette,1,Validation,10.13.226.198,2017-08-18 02:09:52.505592+00:00,0,1,A2MX58PSSC7HFV,3NJM2BJS4XL0E2Q21Y1QRNOK0QHPCH,0.50,75,0.00,1,1,zg3j6blu,,,3EHIMLB7F7E33Y47B78FR8UP2AG8HP,3MU03ZNWVE417KSB0OOMNMU5K2A5FU,,0
76,foun8c1z,,0,11,10,ultimatum_windfall_vignette,1,Validation,10.179.55.98,2017-08-18 02:10:58.846288+00:00,0,1,A3T1FM3126RW25,3WOKGM4L72VYZAJLAIVR7MHTHWP0OJ,0.50,76,0.00,1,1,zg3j6blu,,,3EHIMLB7F7E33Y47B78FR8UP2AG8HP,3MU03ZNWVE417KSB0OOMNMU5K2A5FU,,0
77,3tibmq1w,,0,11,10,ultimatum_windfall_vignette,1,Validation,10.63.231.107,2017-08-18 02:13:04.166460+00:00,0,1,A1KZA8QEYAQ3FD,3HMIGG0U4MLSBDSQB9H42SLDE408YP,0.50,77,0.00,1,1,zg3j6blu,,,3EHIMLB7F7E33Y47B78FR8UP2AG8HP,3MU03ZNWVE417KSB0OOMNMU5K2A5FU,,0
78,r6htmixr,,0,11,10,ultimatum_windfall_vignette,1,Validation,10.169.197.46,2017-08-18 02:14:00.847257+00:00,0,1,A2658LN9LNAR1D,3JRJSWSMQI084B5TZRAE48LMG63E3O,0.50,78,0.00,1,1,zg3j6blu,,,3EHIMLB7F7E33Y47B78FR8UP2AG8HP,3MU03ZNWVE417KSB0OOMNMU5K2A5FU,,0
79,tjy8oejz,,0,11,10,ultimatum_windfall_vignette,1,Validation,10.7.198.126,2017-08-18 02:16:49.185565+00:00,0,1,A27E92JUOWEUTX,3VA45EW49O2Y6Z4361ZRLR03MOW1OO,0.50,79,0.00,1,1,zg3j6blu,,,3EHIMLB7F7E33Y47B78FR8UP2AG8HP,3MU03ZNWVE417KSB0OOMNMU5K2A5FU,,0
80,yd3w11j4,,0,9,10,ultimatum_windfall_vignette,1,Results,10.65.219.125,2017-08-18 02:18:42.324845+00:00,0,1,A1IM8G6UNAGQ7S,3KRVW3HTZO0A0GIL64ZYPOY7HOUMSE,1.00,80,0.00,1,1,zg3j6blu,,,3EHIMLB7F7E33Y47B78FR8UP2AG8HP,3MU03ZNWVE417KSB0OOMNMU5K2A5FU,,0
81,ndv4vh2k,,0,3,10,consent_start2_copy,1,Proceed,10.81.229.55,2017-08-18 02:19:36.620393+00:00,0,1,A227DWMX6MWNKY,3Z4XG4ZF4963B82G6DV2JEE4CY7X89,0.00,81,0.00,1,1,zg3j6blu,,,3EHIMLB7F7E33Y47B78FR8UP2AG8HP,3MU03ZNWVE417KSB0OOMNMU5K2A5FU,,0
82,yc3rmwnk,,0,9,10,ultimatum_windfall_vignette,1,Results,10.16.187.240,2017-08-18 02:21:34.354609+00:00,0,1,A2V4PRG5UBNIX0,36AHBNMV1SR4S8OHSHSKOKZEPVZDY2,0.00,82,0.00,1,1,zg3j6blu,,,3EHIMLB7F7E33Y47B78FR8UP2AG8HP,3MU03ZNWVE417KSB0OOMNMU5K2A5FU,,0
83,c70cbzo2,,0,11,10,ultimatum_windfall_vignette,1,Validation,10.145.25.250,2017-08-18 02:27:39.121920+00:00,0,1,A8LOY6RONCI1T,3VD82FOHKR3IT2E1MYOB2NJUQLPCOR,0.50,83,0.00,1,1,zg3j6blu,,,3EHIMLB7F7E33Y47B78FR8UP2AG8HP,3MU03ZNWVE417KSB0OOMNMU5K2A5FU,,0
84,wrov4cd4,,0,11,10,ultimatum_windfall_vignette,1,Validation,10.152.233.4,2017-08-18 02:28:23.761527+00:00,0,1,A1BW0LDN45FGQO,39PAAFCODNFU53P99W5FMPD6A0MVTV,0.00,84,0.00,1,1,zg3j6blu,,,3EHIMLB7F7E33Y47B78FR8UP2AG8HP,3MU03ZNWVE417KSB0OOMNMU5K2A5FU,,0
85,r7wnkbxu,,0,11,10,ultimatum_windfall_vignette,1,Validation,10.99.212.2,2017-08-18 02:30:08.121155+00:00,0,1,A3MYQEOH992YU7,3IOEN3P9S8Y8HTYZ65DX4REC1O5617,0.50,85,0.00,1,1,zg3j6blu,,,3EHIMLB7F7E33Y47B78FR8UP2AG8HP,3MU03ZNWVE417KSB0OOMNMU5K2A5FU,,0
86,x8kar921,,0,11,10,ultimatum_windfall_vignette,1,Validation,10.178.162.66,2017-08-18 02:31:00.272438+00:00,0,1,AIVV4VUFFYHHN,3ZGVPD4G6UWBENUJATUI7VQ2YBSZTZ,0.50,86,0.00,1,1,zg3j6blu,,,3EHIMLB7F7E33Y47B78FR8UP2AG8HP,3MU03ZNWVE417KSB0OOMNMU5K2A5FU,,0
87,7wgmuk1j,,0,11,10,ultimatum_windfall_vignette,1,Validation,10.109.132.249,2017-08-18 02:31:16.527193+00:00,0,1,A2DP3JH66Q96BR,354GIDR5ZCLDWTR28XTGHLLBJTD00X,0.50,87,0.00,1,1,zg3j6blu,,,3EHIMLB7F7E33Y47B78FR8UP2AG8HP,3MU03ZNWVE417KSB0OOMNMU5K2A5FU,,0
88,y7qk0o2b,,0,11,10,ultimatum_windfall_vignette,1,Validation,10.158.160.96,2017-08-18 02:35:01.261277+00:00,0,1,A2DAZ0CJ3VKS80,37QW5D2ZRH1VFRGHC3PFK6XCXJ98SG,0.50,88,0.00,1,1,zg3j6blu,,,3EHIMLB7F7E33Y47B78FR8UP2AG8HP,3MU03ZNWVE417KSB0OOMNMU5K2A5FU,,0
89,3m32zuvo,,0,9,10,ultimatum_windfall_vignette,1,Results,10.179.86.73,2017-08-18 02:40:54.630342+00:00,0,1,A1BANTV8HONS2C,34V1S5K3GTGQ6Y1UAISQJXWVZ0V69I,0.00,89,0.00,1,1,zg3j6blu,,,3EHIMLB7F7E33Y47B78FR8UP2AG8HP,3MU03ZNWVE417KSB0OOMNMU5K2A5FU,,0
90,1vsb3i5t,,0,9,10,ultimatum_windfall_vignette,1,Results,10.61.164.249,2017-08-18 02:47:50.717942+00:00,0,1,AWYKYM16CB00Z,3CFVK00FWM0L7023ZFVGO6NQZUDL6V,0.00,90,0.00,1,1,zg3j6blu,,,3EHIMLB7F7E33Y47B78FR8UP2AG8HP,3MU03ZNWVE417KSB0OOMNMU5K2A5FU,,0
91,dommfmo0,,0,11,10,ultimatum_windfall_vignette,1,Validation,10.178.64.67,2017-08-18 02:51:55.239143+00:00,0,1,A1IZXYBZFZAPAQ,3NL0RFNU0G2W87G7VRQ0C8QXE33K47,0.50,91,0.00,1,1,zg3j6blu,,,3EHIMLB7F7E33Y47B78FR8UP2AG8HP,3MU03ZNWVE417KSB0OOMNMU5K2A5FU,,0
92,0dveanaq,,0,11,10,ultimatum_windfall_vignette,1,Validation,10.45.224.229,2017-08-18 03:00:09.192321+00:00,0,1,A3QN9B9ZS1CWWM,3LBXNTKX0SA3PDLQB51GJA9FW4XX96,0.00,92,0.00,1,1,zg3j6blu,,,3EHIMLB7F7E33Y47B78FR8UP2AG8HP,3MU03ZNWVE417KSB0OOMNMU5K2A5FU,,0
93,crl8mhtl,,0,0,10,,,,,,0,0,,,0.00,93,0.00,1,1,zg3j6blu,,,3EHIMLB7F7E33Y47B78FR8UP2AG8HP,3MU03ZNWVE417KSB0OOMNMU5K2A5FU,,0
94,6pwcbakg,,0,0,10,,,,,,0,0,,,0.00,94,0.00,1,1,zg3j6blu,,,3EHIMLB7F7E33Y47B78FR8UP2AG8HP,3MU03ZNWVE417KSB0OOMNMU5K2A5FU,,0
95,gblplhxl,,0,0,10,,,,,,0,0,,,0.00,95,0.00,1,1,zg3j6blu,,,3EHIMLB7F7E33Y47B78FR8UP2AG8HP,3MU03ZNWVE417KSB0OOMNMU5K2A5FU,,0
96,96ziajoo,,0,0,10,,,,,,0,0,,,0.00,96,0.00,1,1,zg3j6blu,,,3EHIMLB7F7E33Y47B78FR8UP2AG8HP,3MU03ZNWVE417KSB0OOMNMU5K2A5FU,,0
97,hm1roo0x,,0,0,10,,,,,,0,0,,,0.00,97,0.00,1,1,zg3j6blu,,,3EHIMLB7F7E33Y47B78FR8UP2AG8HP,3MU03ZNWVE417KSB0OOMNMU5K2A5FU,,0
98,vl7i9cb7,,0,0,10,,,,,,0,0,,,0.00,98,0.00,1,1,zg3j6blu,,,3EHIMLB7F7E33Y47B78FR8UP2AG8HP,3MU03ZNWVE417KSB0OOMNMU5K2A5FU,,0
99,f2fqun1h,,0,0,10,,,,,,0,0,,,0.00,99,0.00,1,1,zg3j6blu,,,3EHIMLB7F7E33Y47B78FR8UP2AG8HP,3MU03ZNWVE417KSB0OOMNMU5K2A5FU,,0
100,8vhjmyqa,,0,0,10,,,,,,0,0,,,0.00,100,0.00,1,1,zg3j6blu,,,3EHIMLB7F7E33Y47B78FR8UP2AG8HP,3MU03ZNWVE417KSB0OOMNMU5K2A5FU,,0
101,lvu4fh12,,0,0,10,,,,,,0,0,,,0.00,101,0.00,1,1,zg3j6blu,,,3EHIMLB7F7E33Y47B78FR8UP2AG8HP,3MU03ZNWVE417KSB0OOMNMU5K2A5FU,,0
102,3suvgjb1,,0,0,10,,,,,,0,0,,,0.00,102,0.00,1,1,zg3j6blu,,,3EHIMLB7F7E33Y47B78FR8UP2AG8HP,3MU03ZNWVE417KSB0OOMNMU5K2A5FU,,0
103,rne0gwjp,,0,0,10,,,,,,0,0,,,0.00,103,0.00,1,1,zg3j6blu,,,3EHIMLB7F7E33Y47B78FR8UP2AG8HP,3MU03ZNWVE417KSB0OOMNMU5K2A5FU,,0
104,z5w1guk0,,0,0,10,,,,,,0,0,,,0.00,104,0.00,1,1,zg3j6blu,,,3EHIMLB7F7E33Y47B78FR8UP2AG8HP,3MU03ZNWVE417KSB0OOMNMU5K2A5FU,,0
105,d3109kng,,0,0,10,,,,,,0,0,,,0.00,105,0.00,1,1,zg3j6blu,,,3EHIMLB7F7E33Y47B78FR8UP2AG8HP,3MU03ZNWVE417KSB0OOMNMU5K2A5FU,,0
106,zw22qu6e,,0,0,10,,,,,,0,0,,,0.00,106,0.00,1,1,zg3j6blu,,,3EHIMLB7F7E33Y47B78FR8UP2AG8HP,3MU03ZNWVE417KSB0OOMNMU5K2A5FU,,0
107,394ng5bj,,0,0,10,,,,,,0,0,,,0.00,107,0.00,1,1,zg3j6blu,,,3EHIMLB7F7E33Y47B78FR8UP2AG8HP,3MU03ZNWVE417KSB0OOMNMU5K2A5FU,,0
108,th27yy5a,,0,0,10,,,,,,0,0,,,0.00,108,0.00,1,1,zg3j6blu,,,3EHIMLB7F7E33Y47B78FR8UP2AG8HP,3MU03ZNWVE417KSB0OOMNMU5K2A5FU,,0
109,ugpohdcs,,0,0,10,,,,,,0,0,,,0.00,109,0.00,1,1,zg3j6blu,,,3EHIMLB7F7E33Y47B78FR8UP2AG8HP,3MU03ZNWVE417KSB0OOMNMU5K2A5FU,,0
110,1mfmrtjp,,0,0,10,,,,,,0,0,,,0.00,110,0.00,1,1,zg3j6blu,,,3EHIMLB7F7E33Y47B78FR8UP2AG8HP,3MU03ZNWVE417KSB0OOMNMU5K2A5FU,,0
111,nafheaz8,,0,0,10,,,,,,0,0,,,0.00,111,0.00,1,1,zg3j6blu,,,3EHIMLB7F7E33Y47B78FR8UP2AG8HP,3MU03ZNWVE417KSB0OOMNMU5K2A5FU,,0
112,3sckp8bf,,0,0,10,,,,,,0,0,,,0.00,112,0.00,1,1,zg3j6blu,,,3EHIMLB7F7E33Y47B78FR8UP2AG8HP,3MU03ZNWVE417KSB0OOMNMU5K2A5FU,,0
113,qy08ffgg,,0,0,10,,,,,,0,0,,,0.00,113,0.00,1,1,zg3j6blu,,,3EHIMLB7F7E33Y47B78FR8UP2AG8HP,3MU03ZNWVE417KSB0OOMNMU5K2A5FU,,0
114,j4aqgvgi,,0,0,10,,,,,,0,0,,,0.00,114,0.00,1,1,zg3j6blu,,,3EHIMLB7F7E33Y47B78FR8UP2AG8HP,3MU03ZNWVE417KSB0OOMNMU5K2A5FU,,0
115,pr9l8tr5,,0,0,10,,,,,,0,0,,,0.00,115,0.00,1,1,zg3j6blu,,,3EHIMLB7F7E33Y47B78FR8UP2AG8HP,3MU03ZNWVE417KSB0OOMNMU5K2A5FU,,0
116,r1ise929,,0,0,10,,,,,,0,0,,,0.00,116,0.00,1,1,zg3j6blu,,,3EHIMLB7F7E33Y47B78FR8UP2AG8HP,3MU03ZNWVE417KSB0OOMNMU5K2A5FU,,0
117,1osr3rct,,0,0,10,,,,,,0,0,,,0.00,117,0.00,1,1,zg3j6blu,,,3EHIMLB7F7E33Y47B78FR8UP2AG8HP,3MU03ZNWVE417KSB0OOMNMU5K2A5FU,,0
118,tvl4wnho,,0,0,10,,,,,,0,0,,,0.00,118,0.00,1,1,zg3j6blu,,,3EHIMLB7F7E33Y47B78FR8UP2AG8HP,3MU03ZNWVE417KSB0OOMNMU5K2A5FU,,0
119,hjoazksx,,0,0,10,,,,,,0,0,,,0.00,119,0.00,1,1,zg3j6blu,,,3EHIMLB7F7E33Y47B78FR8UP2AG8HP,3MU03ZNWVE417KSB0OOMNMU5K2A5FU,,0
120,0yzke9az,,0,0,10,,,,,,0,0,,,0.00,120,0.00,1,1,zg3j6blu,,,3EHIMLB7F7E33Y47B78FR8UP2AG8HP,3MU03ZNWVE417KSB0OOMNMU5K2A5FU,,0
1,t0czi95i,,0,3,10,consent_start2_copy,1,Proceed,10.31.48.247,2017-08-18 13:17:00.883234+00:00,0,1,A2WCDQDLMC6J72,3137ONMDKHK9YNHHU6HYN2AVKCWGEO,0.00,1,0.00,1,1,p5pp8jxg,,,3SMIWMMK61KJYL6999VKO3M1EQSWU2,3MU03ZNWVE417KSB0OOMNMU5K2A5FU,,0
2,wvfi03hc,,0,3,10,consent_start2_copy,1,Proceed,10.13.226.198,2017-08-18 13:17:01.478867+00:00,0,1,A1RT9SQ9D9DLOV,3180JW2OT5RJT6EPRB9YGLWYZBEJ5U,0.00,2,0.00,1,1,p5pp8jxg,,,3SMIWMMK61KJYL6999VKO3M1EQSWU2,3MU03ZNWVE417KSB0OOMNMU5K2A5FU,,0
3,qxq4qq9q,,0,11,10,ultimatum_windfall_vignette,1,Validation,10.16.227.159,2017-08-18 13:17:02.406197+00:00,0,1,A28HB7240OFGEW,388U7OUMF8G1WNB12ACV1HMYSKXR09,0.60,3,0.00,1,1,p5pp8jxg,,,3SMIWMMK61KJYL6999VKO3M1EQSWU2,3MU03ZNWVE417KSB0OOMNMU5K2A5FU,,0
4,f3dbj7ht,,0,3,10,consent_start2_copy,1,Proceed,10.187.70.119,2017-08-18 13:17:05.223478+00:00,0,1,A1JQI98NY1RMNS,3OLQQLKKNT4JPP7I2C21KF2BC4DEJQ,0.00,4,0.00,1,1,p5pp8jxg,,,3SMIWMMK61KJYL6999VKO3M1EQSWU2,3MU03ZNWVE417KSB0OOMNMU5K2A5FU,,0
5,zz8xdzik,,0,11,10,ultimatum_windfall_vignette,1,Validation,10.7.198.126,2017-08-18 13:17:08.792583+00:00,0,1,A25N0K40JAZTN1,35GMH2SV3FWXQ0YFIPU6SBJXBYNOEJ,0.50,5,0.00,1,1,p5pp8jxg,,,3SMIWMMK61KJYL6999VKO3M1EQSWU2,3MU03ZNWVE417KSB0OOMNMU5K2A5FU,,0
6,a3rv4n75,,0,9,10,ultimatum_windfall_vignette,1,Results,10.234.210.245,2017-08-18 13:17:10.415906+00:00,0,1,A3HBMPB74FWI1,3EFVCAY5L4O2GOXRP9G1S56P11FJ8W,0.00,6,0.00,1,1,p5pp8jxg,,,3SMIWMMK61KJYL6999VKO3M1EQSWU2,3MU03ZNWVE417KSB0OOMNMU5K2A5FU,,0
7,2st6249t,,0,3,10,consent_start2_copy,1,Proceed,10.16.227.159,2017-08-18 13:17:27.024093+00:00,0,1,AMSD8C1YGP8F2,31Z0PCVWULUSUDODRY2ZGBX3OJ0T7O,0.00,7,0.00,1,1,p5pp8jxg,,,3SMIWMMK61KJYL6999VKO3M1EQSWU2,3MU03ZNWVE417KSB0OOMNMU5K2A5FU,,0
8,wls0kc5l,,0,3,10,consent_start2_copy,1,Proceed,10.147.39.151,2017-08-18 13:17:30.963383+00:00,0,1,A2UUKFTD0VUX2S,3EFVCAY5L4O2GOXRP9G1S56P11FJ8W,0.00,8,0.00,1,1,p5pp8jxg,,,3SMIWMMK61KJYL6999VKO3M1EQSWU2,3MU03ZNWVE417KSB0OOMNMU5K2A5FU,,0
9,rf1tb7zn,,0,11,10,ultimatum_windfall_vignette,1,Validation,10.63.211.204,2017-08-18 13:17:46.507212+00:00,0,1,ACPQ7NNM1NK3G,3B1NLC6UG0BDVE673KX9HE9ZYJYGP9,0.49,9,0.00,1,1,p5pp8jxg,,,3SMIWMMK61KJYL6999VKO3M1EQSWU2,3MU03ZNWVE417KSB0OOMNMU5K2A5FU,,0
10,xbcbl11b,,0,9,10,ultimatum_windfall_vignette,1,Results,10.45.73.26,2017-08-18 13:17:49.581838+00:00,0,1,A3EL0EEIRKNWZW,3BEFOD78W78RYVGAG33GRLI139EM4W,0.00,10,0.00,1,1,p5pp8jxg,,,3SMIWMMK61KJYL6999VKO3M1EQSWU2,3MU03ZNWVE417KSB0OOMNMU5K2A5FU,,0
11,sml78781,,0,11,10,ultimatum_windfall_vignette,1,Validation,10.16.227.159,2017-08-18 13:17:55.587968+00:00,0,1,A25T92H4YKP4RN,3EO896NRAXALE8PFS7RWJ12CFE0TJV,0.00,11,0.00,1,1,p5pp8jxg,,,3SMIWMMK61KJYL6999VKO3M1EQSWU2,3MU03ZNWVE417KSB0OOMNMU5K2A5FU,,0
12,xwykqjnb,,0,9,10,ultimatum_windfall_vignette,1,Results,10.158.162.94,2017-08-18 13:18:26.434678+00:00,0,1,A2XFO0X6RCS98M,3ZQIG0FLQFVMXKT341AQ99K5EVPVW8,0.00,12,0.00,1,1,p5pp8jxg,,,3SMIWMMK61KJYL6999VKO3M1EQSWU2,3MU03ZNWVE417KSB0OOMNMU5K2A5FU,,0
13,9sp5m140,,0,11,10,ultimatum_windfall_vignette,1,Validation,10.180.71.118,2017-08-18 13:18:37.011613+00:00,0,1,A1YNGE7LM9TQHL,3BEFOD78W78RYVGAG33GRLI139EM4W,0.51,13,0.00,1,1,p5pp8jxg,,,3SMIWMMK61KJYL6999VKO3M1EQSWU2,3MU03ZNWVE417KSB0OOMNMU5K2A5FU,,0
14,pyf6vnxw,,0,11,10,ultimatum_windfall_vignette,1,Validation,10.71.207.7,2017-08-18 13:18:37.458188+00:00,0,1,A38ZGWB47QTEY6,304SM51WA4JEHPEOFF9PB8ND5QDBS3,0.50,14,0.00,1,1,p5pp8jxg,,,3SMIWMMK61KJYL6999VKO3M1EQSWU2,3MU03ZNWVE417KSB0OOMNMU5K2A5FU,,0
15,0b0heb5j,,0,11,10,ultimatum_windfall_vignette,1,Validation,10.81.172.78,2017-08-18 13:18:55.720053+00:00,0,1,A3NMJGCQ5MDTG5,3BF51CHDTWPO7TXY6501NDKS5BZH02,0.50,15,0.00,1,1,p5pp8jxg,,,3SMIWMMK61KJYL6999VKO3M1EQSWU2,3MU03ZNWVE417KSB0OOMNMU5K2A5FU,,0
16,o6zwrk2g,,0,11,10,ultimatum_windfall_vignette,1,Validation,10.152.65.114,2017-08-18 13:19:27.608477+00:00,0,1,AQ4OZLFFA58MV,338JKRMM27EK86VGY7XUCJW5EXBHAT,0.50,16,0.00,1,1,p5pp8jxg,,,3SMIWMMK61KJYL6999VKO3M1EQSWU2,3MU03ZNWVE417KSB0OOMNMU5K2A5FU,,0
17,ehnaztp0,,0,3,10,consent_start2_copy,1,Proceed,10.71.208.240,2017-08-18 13:20:30.810236+00:00,0,1,A389LTO1Q8DAKN,3DR23U6WE6TD3S3NE6G5MLPKA65ETW,0.00,17,0.00,1,1,p5pp8jxg,,,3SMIWMMK61KJYL6999VKO3M1EQSWU2,3MU03ZNWVE417KSB0OOMNMU5K2A5FU,,0
18,57jj7n1y,,0,3,10,consent_start2_copy,1,Proceed,10.236.186.89,2017-08-18 13:20:32.504219+00:00,0,1,AJ1VMW9NT7287,3QAPZX2QN5SKS3UGNKXU09EQGSI206,0.00,18,0.00,1,1,p5pp8jxg,,,3SMIWMMK61KJYL6999VKO3M1EQSWU2,3MU03ZNWVE417KSB0OOMNMU5K2A5FU,,0
19,35pzov91,,0,11,10,ultimatum_windfall_vignette,1,Validation,10.63.211.204,2017-08-18 13:21:05.847456+00:00,0,1,A8PK4C5Y7JK10,3CP1TO84PUGJNAGHKQ36H4AHX0T25R,0.50,19,0.00,1,1,p5pp8jxg,,,3SMIWMMK61KJYL6999VKO3M1EQSWU2,3MU03ZNWVE417KSB0OOMNMU5K2A5FU,,0
20,24zg9tp2,,0,11,10,ultimatum_windfall_vignette,1,Validation,10.169.124.243,2017-08-18 13:21:17.283942+00:00,0,1,A37IBWR55C8V7A,31Z0PCVWULUSUDODRY2ZGBX3OJ0T7O,0.50,20,0.00,1,1,p5pp8jxg,,,3SMIWMMK61KJYL6999VKO3M1EQSWU2,3MU03ZNWVE417KSB0OOMNMU5K2A5FU,,0
21,7ug2u5x8,,0,3,10,consent_start2_copy,1,Proceed,10.152.233.4,2017-08-18 13:21:51.914701+00:00,0,1,AWNDM4Q3FGOER,3DHE4R9OCXQH37511MMXL116N972G9,0.00,21,0.00,1,1,p5pp8jxg,,,3SMIWMMK61KJYL6999VKO3M1EQSWU2,3MU03ZNWVE417KSB0OOMNMU5K2A5FU,,0
22,3nru29nz,,0,11,10,ultimatum_windfall_vignette,1,Validation,10.179.204.228,2017-08-18 13:22:26.022102+00:00,0,1,A35SC4D5YNJGOW,3KMS4QQVK3566NDWF8MJ3CNO3UTFK9,0.50,22,0.00,1,1,p5pp8jxg,,,3SMIWMMK61KJYL6999VKO3M1EQSWU2,3MU03ZNWVE417KSB0OOMNMU5K2A5FU,,0
23,gsctducj,,0,11,10,ultimatum_windfall_vignette,1,Validation,10.81.172.78,2017-08-18 13:22:53.713255+00:00,0,1,A34SLWTNACPBMO,3634BBTX0P9F0SN8F517QW8BBQ4IF1,0.50,23,0.00,1,1,p5pp8jxg,,,3SMIWMMK61KJYL6999VKO3M1EQSWU2,3MU03ZNWVE417KSB0OOMNMU5K2A5FU,,0
24,y3giuxcz,,0,11,10,ultimatum_windfall_vignette,1,Validation,10.145.25.250,2017-08-18 13:23:05.745663+00:00,0,1,AMA18W8F60Y2J,3IKZ72A5B5V7ETYZCLEZV44SXPYFNE,0.50,24,0.00,1,1,p5pp8jxg,,,3SMIWMMK61KJYL6999VKO3M1EQSWU2,3MU03ZNWVE417KSB0OOMNMU5K2A5FU,,0
25,q5jw74f1,,0,11,10,ultimatum_windfall_vignette,1,Validation,10.158.162.94,2017-08-18 13:24:12.171094+00:00,0,1,A37AJI03M37NPJ,3OWEPKL08ARUZ0JTU2GN7CRBZ1FN7I,0.50,25,0.00,1,1,p5pp8jxg,,,3SMIWMMK61KJYL6999VKO3M1EQSWU2,3MU03ZNWVE417KSB0OOMNMU5K2A5FU,,0
26,3asvcvzf,,0,3,10,consent_start2_copy,1,Proceed,10.157.160.84,2017-08-18 13:25:22.821589+00:00,0,1,A37YC7R1H04X9P,337RC3OW06H6MQH40N3O0Y3PGOMVLG,0.00,26,0.00,1,1,p5pp8jxg,,,3SMIWMMK61KJYL6999VKO3M1EQSWU2,3MU03ZNWVE417KSB0OOMNMU5K2A5FU,,0
27,yguquvye,,0,11,10,ultimatum_windfall_vignette,1,Validation,10.65.219.125,2017-08-18 13:25:48.380488+00:00,0,1,A5DSYVNGYLCA5,337RC3OW06H6MQH40N3O0Y3PGOMVLG,0.50,27,0.00,1,1,p5pp8jxg,,,3SMIWMMK61KJYL6999VKO3M1EQSWU2,3MU03ZNWVE417KSB0OOMNMU5K2A5FU,,0
28,ugzl7h5t,,0,9,10,ultimatum_windfall_vignette,1,Results,10.157.112.148,2017-08-18 13:25:51.353096+00:00,0,1,ATDGXYZ1HKFKX,3FK0YFF9P0V9IVTYER5UN71R7MOVVZ,0.00,28,0.00,1,1,p5pp8jxg,,,3SMIWMMK61KJYL6999VKO3M1EQSWU2,3MU03ZNWVE417KSB0OOMNMU5K2A5FU,,0
29,1k6hoarj,,0,3,10,consent_start2_copy,1,Proceed,10.236.186.89,2017-08-18 13:27:24.066316+00:00,0,1,AZ9BZONG644TU,3IXQG4FA2UDWCAIP699YUDIND2P9BR,0.00,29,0.00,1,1,p5pp8jxg,,,3SMIWMMK61KJYL6999VKO3M1EQSWU2,3MU03ZNWVE417KSB0OOMNMU5K2A5FU,,0
30,8ozcbusb,,0,11,10,ultimatum_windfall_vignette,1,Validation,10.171.119.12,2017-08-18 13:27:36.806156+00:00,0,1,A2UF2FRGVW4T89,3N1FSUEFL6FOU1AX3A4D8VV7UVO4DY,0.00,30,0.00,1,1,p5pp8jxg,,,3SMIWMMK61KJYL6999VKO3M1EQSWU2,3MU03ZNWVE417KSB0OOMNMU5K2A5FU,,0
31,8qiykl6q,,0,3,10,consent_start2_copy,1,Proceed,10.164.172.163,2017-08-18 13:27:57.829876+00:00,0,1,A3CHEWGD8P7JIH,3E7TUJ2EGD1PR7G9K504P36NGN29DZ,0.00,31,0.00,1,1,p5pp8jxg,,,3SMIWMMK61KJYL6999VKO3M1EQSWU2,3MU03ZNWVE417KSB0OOMNMU5K2A5FU,,0
32,i4aw5x0s,,0,11,10,ultimatum_windfall_vignette,1,Validation,10.30.39.212,2017-08-18 13:28:18.954361+00:00,0,1,A1CGGZRO2JUQUG,3KXIR214I5V1RRCH6LKWCC43X4Z24N,0.50,32,0.00,1,1,p5pp8jxg,,,3SMIWMMK61KJYL6999VKO3M1EQSWU2,3MU03ZNWVE417KSB0OOMNMU5K2A5FU,,0
33,r83m7ft0,,0,11,10,ultimatum_windfall_vignette,1,Validation,10.81.172.78,2017-08-18 13:28:30.977535+00:00,0,1,A2BO8M77CS3SGZ,31T4R4OBOTVB8WM25C79R1XZ0X27CL,0.50,33,0.00,1,1,p5pp8jxg,,,3SMIWMMK61KJYL6999VKO3M1EQSWU2,3MU03ZNWVE417KSB0OOMNMU5K2A5FU,,0
34,9ww28nqx,,0,11,10,ultimatum_windfall_vignette,1,Validation,10.154.45.231,2017-08-18 13:28:32.400559+00:00,0,1,A3AT9S1CF9QV4K,3FK0YFF9P0V9IVTYER5UN71R7MOVVZ,0.50,34,0.00,1,1,p5pp8jxg,,,3SMIWMMK61KJYL6999VKO3M1EQSWU2,3MU03ZNWVE417KSB0OOMNMU5K2A5FU,,0
35,g2j0qy27,,0,11,10,ultimatum_windfall_vignette,1,Validation,10.69.198.55,2017-08-18 13:30:41.364985+00:00,0,1,A1OSRB1Q63XXWZ,3URFVVM166XQE098AYKSCRC4HQLZUE,0.50,35,0.00,1,1,p5pp8jxg,,,3SMIWMMK61KJYL6999VKO3M1EQSWU2,3MU03ZNWVE417KSB0OOMNMU5K2A5FU,,0
36,z25r2o29,,0,11,10,ultimatum_windfall_vignette,1,Validation,10.93.229.188,2017-08-18 13:31:38.913735+00:00,0,1,A38TZK07ON180S,3TVRFO09GLUYQFMZ0246OJ0AWZUXLL,0.00,36,0.00,1,1,p5pp8jxg,,,3SMIWMMK61KJYL6999VKO3M1EQSWU2,3MU03ZNWVE417KSB0OOMNMU5K2A5FU,,0
37,1k4sy056,,0,10,10,ultimatum_windfall_vignette,1,Validation,10.138.147.190,2017-08-18 13:32:57.595786+00:00,0,1,AY7P2RZY95C44,3Q5ZZ9ZEVPUU9PI607C7RVNKJ0M851,0.00,37,0.00,1,1,p5pp8jxg,,,3SMIWMMK61KJYL6999VKO3M1EQSWU2,3MU03ZNWVE417KSB0OOMNMU5K2A5FU,,0
38,e36km82u,,0,11,10,ultimatum_windfall_vignette,1,Validation,10.234.210.245,2017-08-18 13:33:05.021764+00:00,0,1,A3A29Y6F3RCTCC,3M23Y66PO3M8BDXTJOSH0S1LRP3S60,0.50,38,0.00,1,1,p5pp8jxg,,,3SMIWMMK61KJYL6999VKO3M1EQSWU2,3MU03ZNWVE417KSB0OOMNMU5K2A5FU,,0
39,hipnr81t,,0,3,10,consent_start2_copy,1,Proceed,10.186.38.2,2017-08-18 13:33:28.911981+00:00,0,1,A3Q3YVQONIKZPY,31QNSG6A5S89WTWPO0R4PF1GA6H87G,0.00,39,0.00,1,1,p5pp8jxg,,,3SMIWMMK61KJYL6999VKO3M1EQSWU2,3MU03ZNWVE417KSB0OOMNMU5K2A5FU,,0
40,lx0nvt4u,,0,11,10,ultimatum_windfall_vignette,1,Validation,10.81.172.78,2017-08-18 13:34:09.844850+00:00,0,1,A3U4T9760GF6GS,304SM51WA4JEHPEOFF9PB8ND5QESBL,0.50,40,0.00,1,1,p5pp8jxg,,,3SMIWMMK61KJYL6999VKO3M1EQSWU2,3MU03ZNWVE417KSB0OOMNMU5K2A5FU,,0
41,jel3hspf,,0,11,10,ultimatum_windfall_vignette,1,Validation,10.71.208.122,2017-08-18 13:36:34.037218+00:00,0,1,A3MSAPH8LZHMFL,3NJM2BJS4XL0E2Q21Y1QRNOK0R8CPX,0.50,41,0.00,1,1,p5pp8jxg,,,3SMIWMMK61KJYL6999VKO3M1EQSWU2,3MU03ZNWVE417KSB0OOMNMU5K2A5FU,,0
42,1uogbutu,,0,11,10,ultimatum_windfall_vignette,1,Validation,10.63.5.160,2017-08-18 13:39:52.968370+00:00,0,1,A24YK0MTFM2TRL,3JJVG1YBECCDBNGD3JWHIXDLR67B53,0.50,42,0.00,1,1,p5pp8jxg,,,3SMIWMMK61KJYL6999VKO3M1EQSWU2,3MU03ZNWVE417KSB0OOMNMU5K2A5FU,,0
43,2tlhbawm,,0,3,10,consent_start2_copy,1,Proceed,10.186.38.2,2017-08-18 13:39:54.565824+00:00,0,1,AMHE9ETWE9DN2,39JEC7537VGDJMNYNAAPXFD2MF9CVI,0.00,43,0.00,1,1,p5pp8jxg,,,3SMIWMMK61KJYL6999VKO3M1EQSWU2,3MU03ZNWVE417KSB0OOMNMU5K2A5FU,,0
44,ap7pclbl,,0,11,10,ultimatum_windfall_vignette,1,Validation,10.63.30.96,2017-08-18 13:40:48.899413+00:00,0,1,A1ZX1JWCZ09GXI,3HSYG7LRBKDHM95AGJDGJPFTBQBKKH,0.50,44,0.00,1,1,p5pp8jxg,,,3SMIWMMK61KJYL6999VKO3M1EQSWU2,3MU03ZNWVE417KSB0OOMNMU5K2A5FU,,0
45,u2dwbr6h,,0,11,10,ultimatum_windfall_vignette,1,Validation,10.109.163.176,2017-08-18 13:40:54.970547+00:00,0,1,A2HNP1YL1IBFMU,3TMFV4NEP9TOM8XQW8ZGHV0X3XQ8WI,0.50,45,0.00,1,1,p5pp8jxg,,,3SMIWMMK61KJYL6999VKO3M1EQSWU2,3MU03ZNWVE417KSB0OOMNMU5K2A5FU,,0
46,ygj8db9n,,0,10,10,ultimatum_windfall_vignette,1,Validation,10.43.185.17,2017-08-18 13:41:12.617876+00:00,0,1,A2DODZSPRZN0LX,35LDD5557BJCCX5D1VQWY27X0V6KMM,0.50,46,0.00,1,1,p5pp8jxg,,,3SMIWMMK61KJYL6999VKO3M1EQSWU2,3MU03ZNWVE417KSB0OOMNMU5K2A5FU,,0
47,j4esfrqs,,0,11,10,ultimatum_windfall_vignette,1,Validation,10.30.24.121,2017-08-18 13:41:45.574401+00:00,0,1,A1MJX6Q6BTWA6,3WRFBPLXRB3CYHI6SQDXUVFVUZU3NU,0.50,47,0.00,1,1,p5pp8jxg,,,3SMIWMMK61KJYL6999VKO3M1EQSWU2,3MU03ZNWVE417KSB0OOMNMU5K2A5FU,,0
48,vvlfi6zw,,0,11,10,ultimatum_windfall_vignette,1,Validation,10.63.211.204,2017-08-18 13:42:18.818334+00:00,0,1,A3PV7WYPI9IWRV,3HYA4D452SYBP796Q2GF3G1UMU8F2O,0.50,48,0.00,1,1,p5pp8jxg,,,3SMIWMMK61KJYL6999VKO3M1EQSWU2,3MU03ZNWVE417KSB0OOMNMU5K2A5FU,,0
49,ysth8rcx,,0,11,10,ultimatum_windfall_vignette,1,Validation,10.81.229.55,2017-08-18 13:42:38.053126+00:00,0,1,ASSZE5TBIA18O,3VSOLARPKCOR9FECRGUSCUKBPAD931,0.50,49,0.00,1,1,p5pp8jxg,,,3SMIWMMK61KJYL6999VKO3M1EQSWU2,3MU03ZNWVE417KSB0OOMNMU5K2A5FU,,0
50,iiy7v5lw,,0,11,10,ultimatum_windfall_vignette,1,Validation,10.138.121.5,2017-08-18 13:43:06.175499+00:00,0,1,A1QBZ9RI0X7GFU,3DZQRBDBSMU9EUAB0MUJTPP1HY23S6,0.50,50,0.00,1,1,p5pp8jxg,,,3SMIWMMK61KJYL6999VKO3M1EQSWU2,3MU03ZNWVE417KSB0OOMNMU5K2A5FU,,0
51,6lpc1xzf,,0,11,10,ultimatum_windfall_vignette,1,Validation,10.178.64.67,2017-08-18 13:44:50.536392+00:00,0,1,A25KNPLSO4VJPV,3JNQLM5FT51XPZJ2CDJDYT6EJQUL2Z,0.50,51,0.00,1,1,p5pp8jxg,,,3SMIWMMK61KJYL6999VKO3M1EQSWU2,3MU03ZNWVE417KSB0OOMNMU5K2A5FU,,0
52,og16nfh6,,0,11,10,ultimatum_windfall_vignette,1,Validation,10.154.148.197,2017-08-18 13:44:50.388890+00:00,0,1,A2V5JZ2UMA807J,31IBVUNM9TEKMY78EC0Q5LY5JS0VFB,0.50,52,0.00,1,1,p5pp8jxg,,,3SMIWMMK61KJYL6999VKO3M1EQSWU2,3MU03ZNWVE417KSB0OOMNMU5K2A5FU,,0
53,6tbufw48,,0,10,10,ultimatum_windfall_vignette,1,Validation,10.45.224.229,2017-08-18 13:45:05.415589+00:00,0,1,A33XI8ZN4NZ0SQ,3X08E93BHWX3OFZWCBPEZN5T90766T,0.00,53,0.00,1,1,p5pp8jxg,,,3SMIWMMK61KJYL6999VKO3M1EQSWU2,3MU03ZNWVE417KSB0OOMNMU5K2A5FU,,0
54,9cqv79xe,,0,11,10,ultimatum_windfall_vignette,1,Validation,10.229.95.34,2017-08-18 13:45:29.778165+00:00,0,1,A3RAQZNM5V6A2M,3X1FV8S5JY6Q0Y33PW68N6YHK70VGA,0.50,54,0.00,1,1,p5pp8jxg,,,3SMIWMMK61KJYL6999VKO3M1EQSWU2,3MU03ZNWVE417KSB0OOMNMU5K2A5FU,,0
55,f3xajvz8,,0,11,10,ultimatum_windfall_vignette,1,Validation,10.234.210.245,2017-08-18 13:45:45.877857+00:00,0,1,A1ANF3U25Z0TUI,37FMASSAYD6PNBBSA3FB76HQWSDBID,0.50,55,0.00,1,1,p5pp8jxg,,,3SMIWMMK61KJYL6999VKO3M1EQSWU2,3MU03ZNWVE417KSB0OOMNMU5K2A5FU,,0
56,tsloi7f8,,0,11,10,ultimatum_windfall_vignette,1,Validation,10.7.198.126,2017-08-18 13:45:53.964638+00:00,0,1,A1MIR0TP081SKT,31LM9EDVOM7NJVKVVB5KA2WKQWGNJQ,0.00,56,0.00,1,1,p5pp8jxg,,,3SMIWMMK61KJYL6999VKO3M1EQSWU2,3MU03ZNWVE417KSB0OOMNMU5K2A5FU,,0
57,576l8uoz,,0,3,10,consent_start2_copy,1,Proceed,10.157.148.138,2017-08-18 13:49:23.181920+00:00,0,1,A1J8TVICSRC70W,3K9FOBBF2IYTEL8VYWHXQH9CULLLNQ,0.00,57,0.00,1,1,p5pp8jxg,,,3SMIWMMK61KJYL6999VKO3M1EQSWU2,3MU03ZNWVE417KSB0OOMNMU5K2A5FU,,0
58,y54q3ac1,,0,11,10,ultimatum_windfall_vignette,1,Validation,10.236.23.161,2017-08-18 13:49:23.935444+00:00,0,1,A2KJ983WWTEK4L,33PPO7FECWUI289COZ6H2W5QZDPIDR,0.50,58,0.00,1,1,p5pp8jxg,,,3SMIWMMK61KJYL6999VKO3M1EQSWU2,3MU03ZNWVE417KSB0OOMNMU5K2A5FU,,0
59,0iwge7c1,,0,11,10,ultimatum_windfall_vignette,1,Validation,10.187.70.119,2017-08-18 13:49:40.542024+00:00,0,1,APWBUB0PDRLS5,31IBVUNM9TEKMY78EC0Q5LY5JS1FVW,0.50,59,0.00,1,1,p5pp8jxg,,,3SMIWMMK61KJYL6999VKO3M1EQSWU2,3MU03ZNWVE417KSB0OOMNMU5K2A5FU,,0
60,j1jjn5c0,,0,11,10,ultimatum_windfall_vignette,1,Validation,10.16.218.184,2017-08-18 13:50:54.753819+00:00,0,1,A2NE8QKN6EM55U,36V4Q8R5ZLFYN038E0ATUOJ6Z1YQMK,0.50,60,0.00,1,1,p5pp8jxg,,,3SMIWMMK61KJYL6999VKO3M1EQSWU2,3MU03ZNWVE417KSB0OOMNMU5K2A5FU,,0
61,5v41th5n,,0,11,10,ultimatum_windfall_vignette,1,Validation,10.179.16.238,2017-08-18 13:50:59.348487+00:00,0,1,AKX2W7899TSSJ,3VA45EW49O2Y6Z4361ZRLR03MPLO12,1.00,61,0.00,1,1,p5pp8jxg,,,3SMIWMMK61KJYL6999VKO3M1EQSWU2,3MU03ZNWVE417KSB0OOMNMU5K2A5FU,,0
62,ra2yjhx3,,0,11,10,ultimatum_windfall_vignette,1,Validation,10.31.48.247,2017-08-18 13:51:31.841356+00:00,0,1,A1B2V27QSGPT6W,3K4J6M3CXF868A05E1FCRJK4ZX0GAV,0.50,62,0.00,1,1,p5pp8jxg,,,3SMIWMMK61KJYL6999VKO3M1EQSWU2,3MU03ZNWVE417KSB0OOMNMU5K2A5FU,,0
63,f4um3vp2,,0,3,10,consent_start2_copy,1,Proceed,10.157.160.84,2017-08-18 13:51:50.092570+00:00,0,1,A60GN683BWXWC,3ZQIG0FLQFVMXKT341AQ99K5EVPVW8,0.00,63,0.00,1,1,p5pp8jxg,,,3SMIWMMK61KJYL6999VKO3M1EQSWU2,3MU03ZNWVE417KSB0OOMNMU5K2A5FU,,0
64,7nyfde68,,0,11,10,ultimatum_windfall_vignette,1,Validation,10.71.208.240,2017-08-18 13:52:11.421080+00:00,0,1,AFAR3048Z8JB6,3GLB5JMZFYA46H3HYB6EHKSAK0XGDX,0.00,64,0.00,1,1,p5pp8jxg,,,3SMIWMMK61KJYL6999VKO3M1EQSWU2,3MU03ZNWVE417KSB0OOMNMU5K2A5FU,,0
65,cjy22pnc,,0,11,10,ultimatum_windfall_vignette,1,Validation,10.179.55.98,2017-08-18 13:52:22.901613+00:00,0,1,A2VDGWD0BBMSP2,3OHYZ19UGDKU0NH32KSKWST6QJROAQ,0.50,65,0.00,1,1,p5pp8jxg,,,3SMIWMMK61KJYL6999VKO3M1EQSWU2,3MU03ZNWVE417KSB0OOMNMU5K2A5FU,,0
66,0d1whm7d,,0,11,10,ultimatum_windfall_vignette,1,Validation,10.43.185.17,2017-08-18 13:53:42.576268+00:00,0,1,A1VY5NNP7PAYWT,3BEFOD78W78RYVGAG33GRLI139GM4Y,0.50,66,0.00,1,1,p5pp8jxg,,,3SMIWMMK61KJYL6999VKO3M1EQSWU2,3MU03ZNWVE417KSB0OOMNMU5K2A5FU,,0
67,9aj6ckgk,,0,3,10,consent_start2_copy,1,Proceed,10.178.162.66,2017-08-18 13:55:06.322739+00:00,0,1,A10WG1XD0Q2CHG,3HVVDCPGTF7B9XKEE7SZTOH0SIBTYR,0.00,67,0.00,1,1,p5pp8jxg,,,3SMIWMMK61KJYL6999VKO3M1EQSWU2,3MU03ZNWVE417KSB0OOMNMU5K2A5FU,,0
68,10p4mz2e,,0,9,10,ultimatum_windfall_vignette,1,Results,10.99.212.2,2017-08-18 13:55:32.715938+00:00,0,1,A340UGIDGIF4W6,3VFJCI1K40EY7RMMGC1YM99EZ1OGR3,0.00,68,0.00,1,1,p5pp8jxg,,,3SMIWMMK61KJYL6999VKO3M1EQSWU2,3MU03ZNWVE417KSB0OOMNMU5K2A5FU,,0
69,75jkkfzd,,0,9,10,ultimatum_windfall_vignette,1,Results,10.109.163.176,2017-08-18 13:55:57.590041+00:00,0,1,A2EHKB8T5FPLPU,326O153BMJD6M37QSGGQHH7Y7KIEDE,0.00,69,0.00,1,1,p5pp8jxg,,,3SMIWMMK61KJYL6999VKO3M1EQSWU2,3MU03ZNWVE417KSB0OOMNMU5K2A5FU,,0
70,13pn6c28,,0,11,10,ultimatum_windfall_vignette,1,Validation,10.234.217.130,2017-08-18 13:56:06.938551+00:00,0,1,AP43EYS9D1Z9E,3LRKMWOKB6WHUO06REAM68HCYZ2Z2W,0.40,70,0.00,1,1,p5pp8jxg,,,3SMIWMMK61KJYL6999VKO3M1EQSWU2,3MU03ZNWVE417KSB0OOMNMU5K2A5FU,,0
71,3wweuqmd,,0,10,10,ultimatum_windfall_vignette,1,Validation,10.142.142.206,2017-08-18 13:56:41.038298+00:00,0,1,A2SMROLJ39OR74,3137ONMDKHK9YNHHU6HYN2AVKCYEGO,0.00,71,0.00,1,1,p5pp8jxg,,,3SMIWMMK61KJYL6999VKO3M1EQSWU2,3MU03ZNWVE417KSB0OOMNMU5K2A5FU,,0
72,yf0p45r3,,0,9,10,ultimatum_windfall_vignette,1,Results,10.61.164.249,2017-08-18 13:57:05.706345+00:00,0,1,A2YFG6YP9AP39E,3R2PKQ87NXNL62FP1S5KLMSK8RHMID,0.00,72,0.00,1,1,p5pp8jxg,,,3SMIWMMK61KJYL6999VKO3M1EQSWU2,3MU03ZNWVE417KSB0OOMNMU5K2A5FU,,0
73,9w7amufe,,0,9,10,ultimatum_windfall_vignette,1,Results,10.150.98.212,2017-08-18 13:57:43.304959+00:00,0,1,A17H0BE1NG5FZN,32Q90QCQ1T0E09D0KX2DLU2ORTFEKR,0.00,73,0.00,1,1,p5pp8jxg,,,3SMIWMMK61KJYL6999VKO3M1EQSWU2,3MU03ZNWVE417KSB0OOMNMU5K2A5FU,,0
74,fhk4apei,,0,11,10,ultimatum_windfall_vignette,1,Validation,10.167.190.210,2017-08-18 14:00:22.920581+00:00,0,1,A1QGG767E07WBA,338JKRMM27EK86VGY7XUCJW5EXDHAV,0.50,74,0.00,1,1,p5pp8jxg,,,3SMIWMMK61KJYL6999VKO3M1EQSWU2,3MU03ZNWVE417KSB0OOMNMU5K2A5FU,,0
75,k8fhmp85,,0,11,10,ultimatum_windfall_vignette,1,Validation,10.179.86.73,2017-08-18 14:00:55.076040+00:00,0,1,A3C0LPVN749UF3,3K772S5NP9QNYJCSECZG82MWZCBHEQ,0.00,75,0.00,1,1,p5pp8jxg,,,3SMIWMMK61KJYL6999VKO3M1EQSWU2,3MU03ZNWVE417KSB0OOMNMU5K2A5FU,,0
76,gf1dcu5f,,0,11,10,ultimatum_windfall_vignette,1,Validation,10.111.221.243,2017-08-18 14:02:44.946090+00:00,0,1,A3EGOFTCKJYGW,3OLQQLKKNT4JPP7I2C21KF2BC4FJEX,0.50,76,0.00,1,1,p5pp8jxg,,,3SMIWMMK61KJYL6999VKO3M1EQSWU2,3MU03ZNWVE417KSB0OOMNMU5K2A5FU,,0
77,2x06zwyf,,0,11,10,ultimatum_windfall_vignette,1,Validation,10.146.95.78,2017-08-18 14:04:13.717464+00:00,0,1,ATOPSQ6JDYZ6H,3X73LLYYQ2TRSPP57B2ZYPG5D4CHNF,0.50,77,0.00,1,1,p5pp8jxg,,,3SMIWMMK61KJYL6999VKO3M1EQSWU2,3MU03ZNWVE417KSB0OOMNMU5K2A5FU,,0
78,642b3jbr,,0,3,10,consent_start2_copy,1,Proceed,10.97.160.245,2017-08-18 14:04:23.032089+00:00,0,1,AM47KWCDSFQYG,3L4PIM1GQUVYTI7MAIN4T9GI4XERYC,0.00,78,0.00,1,1,p5pp8jxg,,,3SMIWMMK61KJYL6999VKO3M1EQSWU2,3MU03ZNWVE417KSB0OOMNMU5K2A5FU,,0
79,ix616upa,,0,11,10,ultimatum_windfall_vignette,1,Validation,10.236.12.50,2017-08-18 14:07:20.218350+00:00,0,1,A30CGO77OY7WP0,37ZHEEHM6X1NVWQJCJW8YYT5UKQ73O,0.50,79,0.00,1,1,p5pp8jxg,,,3SMIWMMK61KJYL6999VKO3M1EQSWU2,3MU03ZNWVE417KSB0OOMNMU5K2A5FU,,0
80,ikg33v2r,,0,3,10,consent_start2_copy,1,Proceed,10.168.65.231,2017-08-18 14:07:33.690304+00:00,0,1,A2CJ7F07V9FYD4,3URFVVM166XQE098AYKSCRC4HQMUZA,0.00,80,0.00,1,1,p5pp8jxg,,,3SMIWMMK61KJYL6999VKO3M1EQSWU2,3MU03ZNWVE417KSB0OOMNMU5K2A5FU,,0
81,4e5fbg0j,,0,11,10,ultimatum_windfall_vignette,1,Validation,10.71.208.122,2017-08-18 14:08:22.886335+00:00,0,1,AP1C3ZE41AMH1,37W3JXSD67N31EO89CXAG8OZWCTWYK,0.00,81,0.00,1,1,p5pp8jxg,,,3SMIWMMK61KJYL6999VKO3M1EQSWU2,3MU03ZNWVE417KSB0OOMNMU5K2A5FU,,0
82,tgqkrp8h,,0,11,10,ultimatum_windfall_vignette,1,Validation,10.157.160.84,2017-08-18 14:09:28.254425+00:00,0,1,AW67WUETYF2Y,3QXNC7EIPJAVSNFF8TC9AWM4MYU09Y,0.50,82,0.00,1,1,p5pp8jxg,,,3SMIWMMK61KJYL6999VKO3M1EQSWU2,3MU03ZNWVE417KSB0OOMNMU5K2A5FU,,0
83,i5hzd4zo,,0,11,10,ultimatum_windfall_vignette,1,Validation,10.111.221.243,2017-08-18 14:09:34.815219+00:00,0,1,A2M9D02CIVECE3,34QN5IT0T06VEIW5316VA0RT2SC089,0.50,83,0.00,1,1,p5pp8jxg,,,3SMIWMMK61KJYL6999VKO3M1EQSWU2,3MU03ZNWVE417KSB0OOMNMU5K2A5FU,,0
84,40mnzxx2,,0,11,10,ultimatum_windfall_vignette,1,Validation,10.158.160.96,2017-08-18 14:09:51.697952+00:00,0,1,A1G0W1P43RTBKK,3BEFOD78W78RYVGAG33GRLI139H4MH,0.50,84,0.00,1,1,p5pp8jxg,,,3SMIWMMK61KJYL6999VKO3M1EQSWU2,3MU03ZNWVE417KSB0OOMNMU5K2A5FU,,0
85,psf1jvbr,,0,9,10,ultimatum_windfall_vignette,1,Results,10.65.88.66,2017-08-18 14:10:39.266891+00:00,0,1,A20O44S26VN11P,3G5F9DBFOQC40UYE92OQ86AIZ7EVHA,0.00,85,0.00,1,1,p5pp8jxg,,,3SMIWMMK61KJYL6999VKO3M1EQSWU2,3MU03ZNWVE417KSB0OOMNMU5K2A5FU,,0
86,yxb7inku,,0,11,10,ultimatum_windfall_vignette,1,Validation,10.164.78.133,2017-08-18 14:10:49.622984+00:00,0,1,A1JG1X79240ETT,3PW9OPU9PRZKZSFYJ31UEEX0LKQ21B,0.50,86,0.00,1,1,p5pp8jxg,,,3SMIWMMK61KJYL6999VKO3M1EQSWU2,3MU03ZNWVE417KSB0OOMNMU5K2A5FU,,0
87,acdvxab3,,0,3,10,consent_start2_copy,1,Proceed,10.30.53.152,2017-08-18 14:12:32.678018+00:00,0,1,A6EPQLWC2YZ6N,3U84XHCDIDSRX2FTVSTAZNEAIDZ4ZY,0.00,87,0.00,1,1,p5pp8jxg,,,3SMIWMMK61KJYL6999VKO3M1EQSWU2,3MU03ZNWVE417KSB0OOMNMU5K2A5FU,,0
88,nwwcx4s3,,0,9,10,ultimatum_windfall_vignette,1,Results,10.180.71.118,2017-08-18 14:12:48.159591+00:00,0,1,A1LTV9MGGQCIT3,3H8DHMCCWAQ983Z0O2RTFCK3RHEKD4,0.00,88,0.00,1,1,p5pp8jxg,,,3SMIWMMK61KJYL6999VKO3M1EQSWU2,3MU03ZNWVE417KSB0OOMNMU5K2A5FU,,0
89,es2uqhcw,,0,9,10,ultimatum_windfall_vignette,1,Results,10.30.39.212,2017-08-18 14:13:51.948860+00:00,0,1,A1KQWBK5WHCNYQ,3U84XHCDIDSRX2FTVSTAZNEAIDZ4ZY,0.00,89,0.00,1,1,p5pp8jxg,,,3SMIWMMK61KJYL6999VKO3M1EQSWU2,3MU03ZNWVE417KSB0OOMNMU5K2A5FU,,0
90,ya8zjpcl,,0,3,10,consent_start2_copy,1,Proceed,10.186.81.42,2017-08-18 14:13:54.326966+00:00,0,1,A12TONZZWYN12P,36TFCYNS45PW4J399HP8WR73FINHX0,0.00,90,0.00,1,1,p5pp8jxg,,,3SMIWMMK61KJYL6999VKO3M1EQSWU2,3MU03ZNWVE417KSB0OOMNMU5K2A5FU,,0
91,9pl4lb0g,,0,11,10,ultimatum_windfall_vignette,1,Validation,10.109.135.32,2017-08-18 14:16:46.451080+00:00,0,1,A2OVX9UW5WANQE,3WAKVUDHUXV7UQ32R3S9L7J57XA7UW,0.00,91,0.00,1,1,p5pp8jxg,,,3SMIWMMK61KJYL6999VKO3M1EQSWU2,3MU03ZNWVE417KSB0OOMNMU5K2A5FU,,0
92,4gqtqmg8,,0,9,10,ultimatum_windfall_vignette,1,Results,10.169.197.46,2017-08-18 14:18:49.938124+00:00,0,1,A28HQQPBN2MUNR,3PM8NZGV8ZV9HC2CS7C255Z465IXQB,0.00,92,0.00,1,1,p5pp8jxg,,,3SMIWMMK61KJYL6999VKO3M1EQSWU2,3MU03ZNWVE417KSB0OOMNMU5K2A5FU,,0
93,9gvnij0h,,0,9,10,ultimatum_windfall_vignette,1,Results,10.146.95.78,2017-08-18 14:23:42.864499+00:00,0,1,A1U5XWG0ZC2FUV,3R3YRB5GRGIPDS10Y64TVYLV85GAUQ,0.00,93,0.00,1,1,p5pp8jxg,,,3SMIWMMK61KJYL6999VKO3M1EQSWU2,3MU03ZNWVE417KSB0OOMNMU5K2A5FU,,0
94,ufremuwo,,0,11,10,ultimatum_windfall_vignette,1,Validation,10.234.210.245,2017-08-18 14:26:10.036028+00:00,0,1,A2PCZA7943EB5,3R3YRB5GRGIPDS10Y64TVYLV85GAUQ,0.50,94,0.00,1,1,p5pp8jxg,,,3SMIWMMK61KJYL6999VKO3M1EQSWU2,3MU03ZNWVE417KSB0OOMNMU5K2A5FU,,0
95,z7duxq1m,,0,11,10,ultimatum_windfall_vignette,1,Validation,10.170.176.153,2017-08-18 14:26:11.483941+00:00,0,1,A1XD4WLRDH2M98,3S96KQ6I9NJ8BMPNIB5LG37ZAU6TDK,0.50,95,0.00,1,1,p5pp8jxg,,,3SMIWMMK61KJYL6999VKO3M1EQSWU2,3MU03ZNWVE417KSB0OOMNMU5K2A5FU,,0
96,6xf0ip8h,,0,9,10,ultimatum_windfall_vignette,1,Results,10.43.185.17,2017-08-18 14:30:25.508198+00:00,0,1,A15WL6OOX6094S,39N5ACM9HF2YG4JZPERZPXNCU66P9U,0.00,96,0.00,1,1,p5pp8jxg,,,3SMIWMMK61KJYL6999VKO3M1EQSWU2,3MU03ZNWVE417KSB0OOMNMU5K2A5FU,,0
97,sqd2e6m9,,0,11,10,ultimatum_windfall_vignette,1,Validation,10.65.219.125,2017-08-18 14:30:31.718976+00:00,0,1,A3ET9X8TXMGXDI,3O6CYIULEEGMK543ZB0LDNIM0OIWUM,0.00,97,0.00,1,1,p5pp8jxg,,,3SMIWMMK61KJYL6999VKO3M1EQSWU2,3MU03ZNWVE417KSB0OOMNMU5K2A5FU,,0
98,bmra1jmm,,0,11,10,ultimatum_windfall_vignette,1,Validation,10.234.210.245,2017-08-18 14:33:16.035077+00:00,0,1,A1BH6H9WRK49I,3PEIJLRY6U8E19YY4GB8XUHQU60XWG,0.00,98,0.00,1,1,p5pp8jxg,,,3SMIWMMK61KJYL6999VKO3M1EQSWU2,3MU03ZNWVE417KSB0OOMNMU5K2A5FU,,0
99,ctaa80rk,,0,3,10,consent_start2_copy,1,Proceed,10.234.217.130,2017-08-18 14:43:36.950292+00:00,0,1,A1RB8XDXXXD2QQ,3U5NZHP4LSHRVA1INQFR2EL0DJFPHL,0.00,99,0.00,1,1,p5pp8jxg,,,3SMIWMMK61KJYL6999VKO3M1EQSWU2,3MU03ZNWVE417KSB0OOMNMU5K2A5FU,,0
100,b523yudg,,0,11,10,ultimatum_windfall_vignette,1,Validation,10.33.230.36,2017-08-18 14:44:09.029988+00:00,0,1,A5A9873OXOGW1,37ZHEEHM6X1NVWQJCJW8YYT5UKS73Q,0.00,100,0.00,1,1,p5pp8jxg,,,3SMIWMMK61KJYL6999VKO3M1EQSWU2,3MU03ZNWVE417KSB0OOMNMU5K2A5FU,,0
101,jy7y5j3f,,0,3,10,consent_start2_copy,1,Proceed,10.236.186.89,2017-08-18 14:46:02.627073+00:00,0,1,A13U6AYPZ6QENK,3CFJTT4SXU52LZ82XM3V24VUD2P7IQ,0.00,101,0.00,1,1,p5pp8jxg,,,3SMIWMMK61KJYL6999VKO3M1EQSWU2,3MU03ZNWVE417KSB0OOMNMU5K2A5FU,,0
102,a2yph4es,,0,10,10,ultimatum_windfall_vignette,1,Validation,10.138.147.190,2017-08-18 14:49:35.182389+00:00,0,1,AITY0PTUTW9HW,3OS4RQUCRAU5DK929V9Q494YG0OFBT,0.50,102,0.00,1,1,p5pp8jxg,,,3SMIWMMK61KJYL6999VKO3M1EQSWU2,3MU03ZNWVE417KSB0OOMNMU5K2A5FU,,0
103,1afu6q9h,,0,3,10,consent_start2_copy,1,Proceed,10.179.16.238,2017-08-18 14:50:13.508062+00:00,0,1,A37ULP15WVK2H6,3JZQSN0I3RP141HDPH145KVVWDGFGA,0.00,103,0.00,1,1,p5pp8jxg,,,3SMIWMMK61KJYL6999VKO3M1EQSWU2,3MU03ZNWVE417KSB0OOMNMU5K2A5FU,,0
104,f0mane2j,,0,11,10,ultimatum_windfall_vignette,1,Validation,10.81.229.55,2017-08-18 14:51:35.392052+00:00,0,1,A1C3JZP9IXG52Q,3RXCAC0YIS4SPM7QH3VYVSE99938GM,0.50,104,0.00,1,1,p5pp8jxg,,,3SMIWMMK61KJYL6999VKO3M1EQSWU2,3MU03ZNWVE417KSB0OOMNMU5K2A5FU,,0
105,ajfdr5ok,,0,4,10,ultimatum_windfall_vignette,1,WaitToStart,10.65.88.66,2017-08-18 14:56:20.195222+00:00,0,1,A2BNOEYZ3VRW2R,3BV8HQ2ZZXG4BHBZ2O6QFS7F5J06AM,0.00,105,0.00,1,1,p5pp8jxg,,,3SMIWMMK61KJYL6999VKO3M1EQSWU2,3MU03ZNWVE417KSB0OOMNMU5K2A5FU,,0
106,t8qjow4x,,0,9,10,ultimatum_windfall_vignette,1,Results,10.169.124.243,2017-08-18 14:57:31.502109+00:00,0,1,A2GZDIIKSTJ6OD,3X65QVEQI12ANHB4968JA6F0VHALCB,0.00,106,0.00,1,1,p5pp8jxg,,,3SMIWMMK61KJYL6999VKO3M1EQSWU2,3MU03ZNWVE417KSB0OOMNMU5K2A5FU,,0
107,iu5d6f5k,,0,11,10,ultimatum_windfall_vignette,1,Validation,10.150.98.212,2017-08-18 15:06:52.171724+00:00,0,1,A2O40SAIASDTPT,34BBWHLWHBQHBE935UB7UKUB6TYWIH,0.75,107,0.00,1,1,p5pp8jxg,,,3SMIWMMK61KJYL6999VKO3M1EQSWU2,3MU03ZNWVE417KSB0OOMNMU5K2A5FU,,0
108,ojtljo1m,,0,11,10,ultimatum_windfall_vignette,1,Validation,10.138.121.5,2017-08-18 15:07:39.911206+00:00,0,1,A3UYHP1IKCNN7K,3H8DHMCCWAQ983Z0O2RTFCK3RHHKD7,0.25,108,0.00,1,1,p5pp8jxg,,,3SMIWMMK61KJYL6999VKO3M1EQSWU2,3MU03ZNWVE417KSB0OOMNMU5K2A5FU,,0
109,kbm4fxgd,,0,0,10,,,,,,0,0,,,0.00,109,0.00,1,1,p5pp8jxg,,,3SMIWMMK61KJYL6999VKO3M1EQSWU2,3MU03ZNWVE417KSB0OOMNMU5K2A5FU,,0
110,o6kxaexo,,0,0,10,,,,,,0,0,,,0.00,110,0.00,1,1,p5pp8jxg,,,3SMIWMMK61KJYL6999VKO3M1EQSWU2,3MU03ZNWVE417KSB0OOMNMU5K2A5FU,,0
111,yww8a9zp,,0,0,10,,,,,,0,0,,,0.00,111,0.00,1,1,p5pp8jxg,,,3SMIWMMK61KJYL6999VKO3M1EQSWU2,3MU03ZNWVE417KSB0OOMNMU5K2A5FU,,0
112,7a8r6cig,,0,0,10,,,,,,0,0,,,0.00,112,0.00,1,1,p5pp8jxg,,,3SMIWMMK61KJYL6999VKO3M1EQSWU2,3MU03ZNWVE417KSB0OOMNMU5K2A5FU,,0
113,xpylt91o,,0,0,10,,,,,,0,0,,,0.00,113,0.00,1,1,p5pp8jxg,,,3SMIWMMK61KJYL6999VKO3M1EQSWU2,3MU03ZNWVE417KSB0OOMNMU5K2A5FU,,0
114,upinqt8t,,0,0,10,,,,,,0,0,,,0.00,114,0.00,1,1,p5pp8jxg,,,3SMIWMMK61KJYL6999VKO3M1EQSWU2,3MU03ZNWVE417KSB0OOMNMU5K2A5FU,,0
115,e0qwo848,,0,0,10,,,,,,0,0,,,0.00,115,0.00,1,1,p5pp8jxg,,,3SMIWMMK61KJYL6999VKO3M1EQSWU2,3MU03ZNWVE417KSB0OOMNMU5K2A5FU,,0
116,4da9hjbs,,0,0,10,,,,,,0,0,,,0.00,116,0.00,1,1,p5pp8jxg,,,3SMIWMMK61KJYL6999VKO3M1EQSWU2,3MU03ZNWVE417KSB0OOMNMU5K2A5FU,,0
117,vvhgvw07,,0,0,10,,,,,,0,0,,,0.00,117,0.00,1,1,p5pp8jxg,,,3SMIWMMK61KJYL6999VKO3M1EQSWU2,3MU03ZNWVE417KSB0OOMNMU5K2A5FU,,0
118,xjxnyrs3,,0,0,10,,,,,,0,0,,,0.00,118,0.00,1,1,p5pp8jxg,,,3SMIWMMK61KJYL6999VKO3M1EQSWU2,3MU03ZNWVE417KSB0OOMNMU5K2A5FU,,0
119,ucqvu9e8,,0,0,10,,,,,,0,0,,,0.00,119,0.00,1,1,p5pp8jxg,,,3SMIWMMK61KJYL6999VKO3M1EQSWU2,3MU03ZNWVE417KSB0OOMNMU5K2A5FU,,0
120,8pye7efd,,0,0,10,,,,,,0,0,,,0.00,120,0.00,1,1,p5pp8jxg,,,3SMIWMMK61KJYL6999VKO3M1EQSWU2,3MU03ZNWVE417KSB0OOMNMU5K2A5FU,,0
121,phvxyz7a,,0,0,10,,,,,,0,0,,,0.00,121,0.00,1,1,p5pp8jxg,,,3SMIWMMK61KJYL6999VKO3M1EQSWU2,3MU03ZNWVE417KSB0OOMNMU5K2A5FU,,0
122,kqej18bi,,0,0,10,,,,,,0,0,,,0.00,122,0.00,1,1,p5pp8jxg,,,3SMIWMMK61KJYL6999VKO3M1EQSWU2,3MU03ZNWVE417KSB0OOMNMU5K2A5FU,,0
123,sh6g5nwo,,0,0,10,,,,,,0,0,,,0.00,123,0.00,1,1,p5pp8jxg,,,3SMIWMMK61KJYL6999VKO3M1EQSWU2,3MU03ZNWVE417KSB0OOMNMU5K2A5FU,,0
124,0ink2wcp,,0,0,10,,,,,,0,0,,,0.00,124,0.00,1,1,p5pp8jxg,,,3SMIWMMK61KJYL6999VKO3M1EQSWU2,3MU03ZNWVE417KSB0OOMNMU5K2A5FU,,0
125,k34r9eqf,,0,0,10,,,,,,0,0,,,0.00,125,0.00,1,1,p5pp8jxg,,,3SMIWMMK61KJYL6999VKO3M1EQSWU2,3MU03ZNWVE417KSB0OOMNMU5K2A5FU,,0
126,e62zfcoq,,0,0,10,,,,,,0,0,,,0.00,126,0.00,1,1,p5pp8jxg,,,3SMIWMMK61KJYL6999VKO3M1EQSWU2,3MU03ZNWVE417KSB0OOMNMU5K2A5FU,,0
127,3b4hcm4s,,0,0,10,,,,,,0,0,,,0.00,127,0.00,1,1,p5pp8jxg,,,3SMIWMMK61KJYL6999VKO3M1EQSWU2,3MU03ZNWVE417KSB0OOMNMU5K2A5FU,,0
128,zfgznexj,,0,0,10,,,,,,0,0,,,0.00,128,0.00,1,1,p5pp8jxg,,,3SMIWMMK61KJYL6999VKO3M1EQSWU2,3MU03ZNWVE417KSB0OOMNMU5K2A5FU,,0
129,xk0jobl5,,0,0,10,,,,,,0,0,,,0.00,129,0.00,1,1,p5pp8jxg,,,3SMIWMMK61KJYL6999VKO3M1EQSWU2,3MU03ZNWVE417KSB0OOMNMU5K2A5FU,,0
130,a0fxvlwt,,0,0,10,,,,,,0,0,,,0.00,130,0.00,1,1,p5pp8jxg,,,3SMIWMMK61KJYL6999VKO3M1EQSWU2,3MU03ZNWVE417KSB0OOMNMU5K2A5FU,,0
131,wswb8h23,,0,0,10,,,,,,0,0,,,0.00,131,0.00,1,1,p5pp8jxg,,,3SMIWMMK61KJYL6999VKO3M1EQSWU2,3MU03ZNWVE417KSB0OOMNMU5K2A5FU,,0
132,yt9bwplw,,0,0,10,,,,,,0,0,,,0.00,132,0.00,1,1,p5pp8jxg,,,3SMIWMMK61KJYL6999VKO3M1EQSWU2,3MU03ZNWVE417KSB0OOMNMU5K2A5FU,,0
