session_id,participant__id_in_session,participant__code,page_index,app_name,page_name,time_stamp,seconds_on_page,subsession_pk,auto_submitted
1,1,3fdy8hve,1,consent_start,Consent,1503013601,5,1,False
1,1,3fdy8hve,2,consent_start,Introduction,1503013615,14,1,False
1,1,3fdy8hve,3,ultimatum_t1,WaitToStart,1503013631,16,1,False
1,1,3fdy8hve,4,ultimatum_t1,Offer,1503013638,7,1,False
1,1,3fdy8hve,5,ultimatum_t1,WaitForProposer,1503013638,0,1,False
1,1,3fdy8hve,7,ultimatum_t1,ResultsWaitPage,1503013646,8,1,False
1,1,3fdy8hve,8,ultimatum_t1,Results,1503013664,18,1,False
1,2,9th0578r,1,consent_start,Consent,1503013624,4,1,False
1,2,9th0578r,2,consent_start,Introduction,1503013630,6,1,False
1,2,9th0578r,3,ultimatum_t1,WaitToStart,1503013631,1,1,False
1,2,9th0578r,5,ultimatum_t1,WaitForProposer,1503013638,7,1,False
1,2,9th0578r,6,ultimatum_t1,Accept,1503013645,7,1,False
1,2,9th0578r,7,ultimatum_t1,ResultsWaitPage,1503013646,1,1,False
1,2,9th0578r,8,ultimatum_t1,Results,1503013658,12,1,False
2,1,x2kg8vtl,1,consent_start2_copy,Consent,1503013678,3,1,False
2,1,x2kg8vtl,2,consent_start2_copy,Introduction,1503013683,5,1,False
2,1,x2kg8vtl,3,consent_start2_copy,Proceed,1503013685,2,1,False
2,1,x2kg8vtl,4,ultimatum_windfall_vignette,WaitToStart,1503013694,9,1,False
2,1,x2kg8vtl,5,ultimatum_windfall_vignette,Offer,1503013711,17,1,False
2,1,x2kg8vtl,6,ultimatum_windfall_vignette,WaitForProposer,1503013711,0,1,False
2,1,x2kg8vtl,8,ultimatum_windfall_vignette,ResultsWaitPage,1503013728,17,1,False
2,1,x2kg8vtl,9,ultimatum_windfall_vignette,Results,1503013747,19,1,False
2,2,f560sfy0,1,consent_start2_copy,Consent,1503013690,2,1,False
2,2,f560sfy0,2,consent_start2_copy,Introduction,1503013692,2,1,False
2,2,f560sfy0,3,consent_start2_copy,Proceed,1503013694,2,1,False
2,2,f560sfy0,4,ultimatum_windfall_vignette,WaitToStart,1503013694,0,1,False
2,2,f560sfy0,6,ultimatum_windfall_vignette,WaitForProposer,1503013711,17,1,False
2,2,f560sfy0,7,ultimatum_windfall_vignette,Accept,1503013727,16,1,False
2,2,f560sfy0,8,ultimatum_windfall_vignette,ResultsWaitPage,1503013727,0,1,False
2,2,f560sfy0,9,ultimatum_windfall_vignette,Results,1503013742,15,1,False
3,1,ldtye5q2,1,consent_start,Consent,1503013773,10,2,False
3,1,ldtye5q2,2,consent_start,Introduction,1503013775,2,2,False
4,1,6yntxmvj,1,consent_start2_copy,Consent,1503013786,3,2,False
4,1,6yntxmvj,2,consent_start2_copy,Introduction,1503013789,3,2,False
4,1,6yntxmvj,3,consent_start2_copy,Proceed,1503013790,1,2,False
5,1,y783iimt,1,consent_start,Consent,1503014213,6,3,False
5,1,y783iimt,2,consent_start,Introduction,1503014216,3,3,False
5,1,y783iimt,3,ultimatum_t1,WaitToStart,1503014227,11,3,False
5,1,y783iimt,4,ultimatum_t1,Offer,1503014536,309,3,True
5,1,y783iimt,5,ultimatum_t1,WaitForProposer,1503014538,2,3,False
5,1,y783iimt,7,ultimatum_t1,ResultsWaitPage,1503014872,334,3,False
5,2,dzmw8zsf,1,consent_start,Consent,1503014223,3,3,False
5,2,dzmw8zsf,2,consent_start,Introduction,1503014226,3,3,False
5,2,dzmw8zsf,3,ultimatum_t1,WaitToStart,1503014226,0,3,False
5,2,dzmw8zsf,5,ultimatum_t1,WaitForProposer,1503014551,325,3,False
5,2,dzmw8zsf,6,ultimatum_t1,Accept,1503014861,310,3,True
5,2,dzmw8zsf,7,ultimatum_t1,ResultsWaitPage,1503014861,0,3,False
6,1,q6nbxbkg,1,consent_start2_copy,Consent,1503014237,3,3,False
6,1,q6nbxbkg,2,consent_start2_copy,Introduction,1503014239,2,3,False
6,1,q6nbxbkg,3,consent_start2_copy,Proceed,1503014241,2,3,False
6,1,q6nbxbkg,4,ultimatum_windfall_vignette,WaitToStart,1503014254,13,3,False
6,1,q6nbxbkg,5,ultimatum_windfall_vignette,Offer,1503014566,312,3,True
6,1,q6nbxbkg,6,ultimatum_windfall_vignette,WaitForProposer,1503014566,0,3,False
6,1,q6nbxbkg,8,ultimatum_windfall_vignette,ResultsWaitPage,1503014902,336,3,False
6,2,l0xqxfsw,1,consent_start2_copy,Consent,1503014250,4,3,False
6,2,l0xqxfsw,2,consent_start2_copy,Introduction,1503014252,2,3,False
6,2,l0xqxfsw,3,consent_start2_copy,Proceed,1503014254,2,3,False
6,2,l0xqxfsw,4,ultimatum_windfall_vignette,WaitToStart,1503014254,0,3,False
6,2,l0xqxfsw,6,ultimatum_windfall_vignette,WaitForProposer,1503014581,327,3,False
6,2,l0xqxfsw,7,ultimatum_windfall_vignette,Accept,1503014891,310,3,True
6,2,l0xqxfsw,8,ultimatum_windfall_vignette,ResultsWaitPage,1503014891,0,3,False
7,1,pw44vr85,1,consent_start,Consent,1503014340,16,4,False
7,1,pw44vr85,2,consent_start,Introduction,1503014366,26,4,False
7,1,pw44vr85,3,ultimatum_t1,WaitToStart,1503014383,17,4,False
7,1,pw44vr85,4,ultimatum_t1,Offer,1503014395,12,4,False
7,1,pw44vr85,5,ultimatum_t1,WaitForProposer,1503014396,1,4,False
7,1,pw44vr85,7,ultimatum_t1,ResultsWaitPage,1503014401,5,4,False
7,1,pw44vr85,8,ultimatum_t1,Results,1503014575,174,4,False
7,1,pw44vr85,9,ultimatum_t1,Validation,1503014583,8,4,False
7,2,yfo7tm5t,1,consent_start,Consent,1503014339,5,4,False
7,2,yfo7tm5t,2,consent_start,Introduction,1503014353,14,4,False
7,2,yfo7tm5t,3,ultimatum_t1,WaitToStart,1503014357,4,4,False
7,2,yfo7tm5t,4,ultimatum_t1,Offer,1503014386,29,4,False
7,2,yfo7tm5t,5,ultimatum_t1,WaitForProposer,1503014386,0,4,False
7,2,yfo7tm5t,7,ultimatum_t1,ResultsWaitPage,1503014404,18,4,False
7,2,yfo7tm5t,8,ultimatum_t1,Results,1503015354,950,4,False
7,2,yfo7tm5t,9,ultimatum_t1,Validation,1503015357,3,4,False
7,3,u2tgfy5m,1,consent_start,Consent,1503015774,1434,4,False
7,3,u2tgfy5m,2,consent_start,Introduction,1503015899,125,4,False
7,3,u2tgfy5m,3,ultimatum_t1,WaitToStart,1503015899,0,4,False
7,3,u2tgfy5m,5,ultimatum_t1,WaitForProposer,1503016224,325,4,False
7,3,u2tgfy5m,6,ultimatum_t1,Accept,1503016241,17,4,False
7,3,u2tgfy5m,7,ultimatum_t1,ResultsWaitPage,1503016242,1,4,False
7,3,u2tgfy5m,8,ultimatum_t1,Results,1503016356,114,4,False
7,3,u2tgfy5m,9,ultimatum_t1,Validation,1503016363,7,4,False
7,4,x681qu0x,1,consent_start,Consent,1503014354,5,4,False
7,4,x681qu0x,2,consent_start,Introduction,1503014357,3,4,False
7,4,x681qu0x,3,ultimatum_t1,WaitToStart,1503014357,0,4,False
7,4,x681qu0x,5,ultimatum_t1,WaitForProposer,1503014387,30,4,False
7,4,x681qu0x,6,ultimatum_t1,Accept,1503014404,17,4,False
7,4,x681qu0x,7,ultimatum_t1,ResultsWaitPage,1503014404,0,4,False
7,4,x681qu0x,8,ultimatum_t1,Results,1503014518,114,4,False
7,4,x681qu0x,9,ultimatum_t1,Validation,1503014520,2,4,False
7,5,bfw3o7va,1,consent_start,Consent,1503014369,20,4,False
7,5,bfw3o7va,2,consent_start,Introduction,1503014382,13,4,False
7,5,bfw3o7va,3,ultimatum_t1,WaitToStart,1503014383,1,4,False
7,5,bfw3o7va,5,ultimatum_t1,WaitForProposer,1503014396,13,4,False
7,5,bfw3o7va,6,ultimatum_t1,Accept,1503014401,5,4,False
7,5,bfw3o7va,7,ultimatum_t1,ResultsWaitPage,1503014401,0,4,False
7,5,bfw3o7va,8,ultimatum_t1,Results,1503014480,79,4,False
7,5,bfw3o7va,9,ultimatum_t1,Validation,1503014484,4,4,False
7,6,ajsgfz60,1,consent_start,Consent,1503014374,24,4,False
7,6,ajsgfz60,2,consent_start,Introduction,1503014419,45,4,False
7,6,ajsgfz60,3,ultimatum_t1,WaitToStart,1503014420,1,4,False
7,6,ajsgfz60,5,ultimatum_t1,WaitForProposer,1503014430,10,4,False
7,6,ajsgfz60,6,ultimatum_t1,Accept,1503014442,12,4,False
7,6,ajsgfz60,7,ultimatum_t1,ResultsWaitPage,1503014443,1,4,False
7,6,ajsgfz60,8,ultimatum_t1,Results,1503014619,176,4,False
7,6,ajsgfz60,9,ultimatum_t1,Validation,1503014626,7,4,False
7,7,b5hmb0yk,1,consent_start,Consent,1503014967,616,4,False
7,7,b5hmb0yk,2,consent_start,Introduction,1503014979,12,4,False
7,7,b5hmb0yk,3,ultimatum_t1,WaitToStart,1503014983,4,4,False
7,7,b5hmb0yk,4,ultimatum_t1,Offer,1503015003,20,4,False
7,7,b5hmb0yk,5,ultimatum_t1,WaitForProposer,1503015004,1,4,False
7,7,b5hmb0yk,7,ultimatum_t1,ResultsWaitPage,1503015022,18,4,False
7,8,md6immh8,1,consent_start,Consent,1503014359,9,4,False
7,8,md6immh8,2,consent_start,Introduction,1503014395,36,4,False
7,8,md6immh8,3,ultimatum_t1,WaitToStart,1503014395,0,4,False
7,8,md6immh8,5,ultimatum_t1,WaitForProposer,1503014421,26,4,False
7,8,md6immh8,6,ultimatum_t1,Accept,1503014429,8,4,False
7,8,md6immh8,7,ultimatum_t1,ResultsWaitPage,1503014430,1,4,False
7,8,md6immh8,8,ultimatum_t1,Results,1503014536,106,4,False
7,8,md6immh8,9,ultimatum_t1,Validation,1503014542,6,4,False
7,9,c7xb3pop,1,consent_start,Consent,1503014365,9,4,False
7,9,c7xb3pop,2,consent_start,Introduction,1503014403,38,4,False
7,9,c7xb3pop,3,ultimatum_t1,WaitToStart,1503014420,17,4,False
7,9,c7xb3pop,4,ultimatum_t1,Offer,1503014430,10,4,False
7,9,c7xb3pop,5,ultimatum_t1,WaitForProposer,1503014430,0,4,False
7,9,c7xb3pop,7,ultimatum_t1,ResultsWaitPage,1503014443,13,4,False
7,9,c7xb3pop,8,ultimatum_t1,Results,1503014577,134,4,False
7,9,c7xb3pop,9,ultimatum_t1,Validation,1503014582,5,4,False
7,10,agku1j95,1,consent_start,Consent,1503014378,11,4,False
7,10,agku1j95,2,consent_start,Introduction,1503014390,12,4,False
7,10,agku1j95,3,ultimatum_t1,WaitToStart,1503014395,5,4,False
7,10,agku1j95,4,ultimatum_t1,Offer,1503014421,26,4,False
7,10,agku1j95,5,ultimatum_t1,WaitForProposer,1503014421,0,4,False
7,10,agku1j95,7,ultimatum_t1,ResultsWaitPage,1503014430,9,4,False
7,10,agku1j95,8,ultimatum_t1,Results,1503014614,184,4,False
7,10,agku1j95,9,ultimatum_t1,Validation,1503014619,5,4,False
7,11,90dc1m24,1,consent_start,Consent,1503014407,28,4,False
7,11,90dc1m24,2,consent_start,Introduction,1503014446,39,4,False
7,11,90dc1m24,3,ultimatum_t1,WaitToStart,1503014472,26,4,False
7,11,90dc1m24,4,ultimatum_t1,Offer,1503014499,27,4,False
7,11,90dc1m24,5,ultimatum_t1,WaitForProposer,1503014499,0,4,False
7,11,90dc1m24,7,ultimatum_t1,ResultsWaitPage,1503014773,274,4,False
7,11,90dc1m24,8,ultimatum_t1,Results,1503014990,217,4,False
7,11,90dc1m24,9,ultimatum_t1,Validation,1503015003,13,4,False
7,12,6wcj9pe1,1,consent_start,Consent,1503014393,6,4,False
7,12,6wcj9pe1,2,consent_start,Introduction,1503014421,28,4,False
7,12,6wcj9pe1,3,ultimatum_t1,WaitToStart,1503014437,16,4,False
7,12,6wcj9pe1,4,ultimatum_t1,Offer,1503014444,7,4,False
7,12,6wcj9pe1,5,ultimatum_t1,WaitForProposer,1503014444,0,4,False
7,12,6wcj9pe1,7,ultimatum_t1,ResultsWaitPage,1503014757,313,4,False
7,12,6wcj9pe1,8,ultimatum_t1,Results,1503014823,66,4,False
7,12,6wcj9pe1,9,ultimatum_t1,Validation,1503014826,3,4,False
7,13,qazh8h6v,1,consent_start,Consent,1503014431,7,4,False
7,13,qazh8h6v,2,consent_start,Introduction,1503014436,5,4,False
7,13,qazh8h6v,3,ultimatum_t1,WaitToStart,1503014437,1,4,False
7,13,qazh8h6v,5,ultimatum_t1,WaitForProposer,1503014445,8,4,False
7,13,qazh8h6v,6,ultimatum_t1,Accept,1503014756,311,4,True
7,13,qazh8h6v,7,ultimatum_t1,ResultsWaitPage,1503014756,0,4,False
7,14,6zbl0rd0,1,consent_start,Consent,1503014443,11,4,False
7,14,6zbl0rd0,2,consent_start,Introduction,1503014472,29,4,False
7,14,6zbl0rd0,3,ultimatum_t1,WaitToStart,1503014472,0,4,False
7,14,6zbl0rd0,5,ultimatum_t1,WaitForProposer,1503014500,28,4,False
7,14,6zbl0rd0,6,ultimatum_t1,Accept,1503014773,273,4,False
7,14,6zbl0rd0,7,ultimatum_t1,ResultsWaitPage,1503014773,0,4,False
7,14,6zbl0rd0,8,ultimatum_t1,Results,1503014842,69,4,False
7,14,6zbl0rd0,9,ultimatum_t1,Validation,1503014845,3,4,False
7,15,hfxrshbv,1,consent_start,Consent,1503018049,3610,4,True
7,15,hfxrshbv,2,consent_start,Introduction,1503019862,1813,4,True
7,15,hfxrshbv,3,ultimatum_t1,WaitToStart,1503019906,44,4,False
7,15,hfxrshbv,4,ultimatum_t1,Offer,1503020215,309,4,True
7,15,hfxrshbv,5,ultimatum_t1,WaitForProposer,1503020215,0,4,False
7,15,hfxrshbv,7,ultimatum_t1,ResultsWaitPage,1503020241,26,4,False
7,16,uhwvx91p,1,consent_start,Consent,1503015268,815,4,False
7,16,uhwvx91p,2,consent_start,Introduction,1503015280,12,4,False
7,16,uhwvx91p,3,ultimatum_t1,WaitToStart,1503015281,1,4,False
7,16,uhwvx91p,5,ultimatum_t1,WaitForProposer,1503015298,17,4,False
7,16,uhwvx91p,6,ultimatum_t1,Accept,1503015317,19,4,False
7,16,uhwvx91p,7,ultimatum_t1,ResultsWaitPage,1503015318,1,4,False
7,16,uhwvx91p,8,ultimatum_t1,Results,1503015406,88,4,False
7,16,uhwvx91p,9,ultimatum_t1,Validation,1503015409,3,4,False
7,17,jiy9wmoj,1,consent_start,Consent,1503014487,7,4,False
7,17,jiy9wmoj,2,consent_start,Introduction,1503014504,17,4,False
7,17,jiy9wmoj,3,ultimatum_t1,WaitToStart,1503014569,65,4,False
7,17,jiy9wmoj,4,ultimatum_t1,Offer,1503014608,39,4,False
7,17,jiy9wmoj,5,ultimatum_t1,WaitForProposer,1503014608,0,4,False
7,17,jiy9wmoj,7,ultimatum_t1,ResultsWaitPage,1503014624,16,4,False
7,17,jiy9wmoj,8,ultimatum_t1,Results,1503014734,110,4,False
7,17,jiy9wmoj,9,ultimatum_t1,Validation,1503014737,3,4,False
7,18,ertf3css,1,consent_start,Consent,1503018099,3609,4,True
7,18,ertf3css,2,consent_start,Introduction,1503019910,1811,4,True
7,18,ertf3css,3,ultimatum_t1,WaitToStart,1503019911,1,4,False
7,18,ertf3css,5,ultimatum_t1,WaitForProposer,1503019925,14,4,False
7,18,ertf3css,6,ultimatum_t1,Accept,1503020236,311,4,True
7,18,ertf3css,7,ultimatum_t1,ResultsWaitPage,1503020236,0,4,False
7,19,8v5p3jkn,1,consent_start,Consent,1503015475,943,4,False
7,19,8v5p3jkn,2,consent_start,Introduction,1503015478,3,4,False
7,19,8v5p3jkn,3,ultimatum_t1,WaitToStart,1503015914,436,4,False
7,19,8v5p3jkn,4,ultimatum_t1,Offer,1503016223,309,4,True
7,19,8v5p3jkn,5,ultimatum_t1,WaitForProposer,1503016223,0,4,False
7,19,8v5p3jkn,7,ultimatum_t1,ResultsWaitPage,1503016252,29,4,False
7,20,sbhd8opz,1,consent_start,Consent,1503014549,7,4,False
7,20,sbhd8opz,2,consent_start,Introduction,1503014568,19,4,False
7,20,sbhd8opz,3,ultimatum_t1,WaitToStart,1503014568,0,4,False
7,20,sbhd8opz,5,ultimatum_t1,WaitForProposer,1503014608,40,4,False
7,20,sbhd8opz,6,ultimatum_t1,Accept,1503014624,16,4,False
7,20,sbhd8opz,7,ultimatum_t1,ResultsWaitPage,1503014624,0,4,False
7,20,sbhd8opz,8,ultimatum_t1,Results,1503014678,54,4,False
7,20,sbhd8opz,9,ultimatum_t1,Validation,1503014681,3,4,False
7,21,xyxm9mlw,1,consent_start,Consent,1503014667,14,4,False
7,21,xyxm9mlw,2,consent_start,Introduction,1503014689,22,4,False
7,21,xyxm9mlw,3,ultimatum_t1,WaitToStart,1503014699,10,4,False
7,21,xyxm9mlw,4,ultimatum_t1,Offer,1503014706,7,4,False
7,21,xyxm9mlw,5,ultimatum_t1,WaitForProposer,1503014707,1,4,False
7,21,xyxm9mlw,7,ultimatum_t1,ResultsWaitPage,1503014715,8,4,False
7,21,xyxm9mlw,8,ultimatum_t1,Results,1503014811,96,4,False
7,21,xyxm9mlw,9,ultimatum_t1,Validation,1503014814,3,4,False
7,22,y8crdd1o,1,consent_start,Consent,1503014688,13,4,False
7,22,y8crdd1o,2,consent_start,Introduction,1503014698,10,4,False
7,22,y8crdd1o,3,ultimatum_t1,WaitToStart,1503014698,0,4,False
7,22,y8crdd1o,5,ultimatum_t1,WaitForProposer,1503014707,9,4,False
7,22,y8crdd1o,6,ultimatum_t1,Accept,1503014714,7,4,False
7,22,y8crdd1o,7,ultimatum_t1,ResultsWaitPage,1503014714,0,4,False
7,22,y8crdd1o,8,ultimatum_t1,Results,1503014826,112,4,False
7,23,7yont13r,1,consent_start,Consent,1503014764,21,4,False
7,23,7yont13r,2,consent_start,Introduction,1503014798,34,4,False
7,23,7yont13r,3,ultimatum_t1,WaitToStart,1503014981,183,4,False
7,23,7yont13r,4,ultimatum_t1,Offer,1503015012,31,4,False
7,23,7yont13r,5,ultimatum_t1,WaitForProposer,1503015012,0,4,False
7,23,7yont13r,7,ultimatum_t1,ResultsWaitPage,1503015021,9,4,False
7,23,7yont13r,8,ultimatum_t1,Results,1503015221,200,4,False
7,23,7yont13r,9,ultimatum_t1,Validation,1503015232,11,4,False
7,24,zlwg3lfz,1,consent_start,Consent,1503018434,3609,4,True
7,24,zlwg3lfz,2,consent_start,Introduction,1503020246,1812,4,True
7,24,zlwg3lfz,3,ultimatum_t1,WaitToStart,1503020581,335,4,False
7,24,zlwg3lfz,4,ultimatum_t1,Offer,1503020893,312,4,True
7,24,zlwg3lfz,5,ultimatum_t1,WaitForProposer,1503020893,0,4,False
7,24,zlwg3lfz,7,ultimatum_t1,ResultsWaitPage,1503021231,338,4,False
7,25,x5g12oh9,1,consent_start,Consent,1503014929,45,4,False
7,25,x5g12oh9,2,consent_start,Introduction,1503014993,64,4,False
7,25,x5g12oh9,3,ultimatum_t1,WaitToStart,1503015030,37,4,False
7,25,x5g12oh9,4,ultimatum_t1,Offer,1503015047,17,4,False
7,25,x5g12oh9,5,ultimatum_t1,WaitForProposer,1503015047,0,4,False
7,25,x5g12oh9,7,ultimatum_t1,ResultsWaitPage,1503015051,4,4,False
7,25,x5g12oh9,8,ultimatum_t1,Results,1503015276,225,4,False
7,25,x5g12oh9,9,ultimatum_t1,Validation,1503015293,17,4,False
7,26,qqryiinl,1,consent_start,Consent,1503014926,25,4,False
7,26,qqryiinl,2,consent_start,Introduction,1503014982,56,4,False
7,26,qqryiinl,3,ultimatum_t1,WaitToStart,1503014983,1,4,False
7,26,qqryiinl,5,ultimatum_t1,WaitForProposer,1503015005,22,4,False
7,26,qqryiinl,6,ultimatum_t1,Accept,1503015021,16,4,False
7,26,qqryiinl,7,ultimatum_t1,ResultsWaitPage,1503015021,0,4,False
7,26,qqryiinl,8,ultimatum_t1,Results,1503015243,222,4,False
7,26,qqryiinl,9,ultimatum_t1,Validation,1503015254,11,4,False
7,27,50dgnjx2,1,consent_start,Consent,1503014963,16,4,False
7,27,50dgnjx2,2,consent_start,Introduction,1503014979,16,4,False
7,27,50dgnjx2,3,ultimatum_t1,WaitToStart,1503014980,1,4,False
7,27,50dgnjx2,5,ultimatum_t1,WaitForProposer,1503015013,33,4,False
7,27,50dgnjx2,6,ultimatum_t1,Accept,1503015020,7,4,False
7,27,50dgnjx2,7,ultimatum_t1,ResultsWaitPage,1503015020,0,4,False
7,27,50dgnjx2,8,ultimatum_t1,Results,1503015233,213,4,False
7,27,50dgnjx2,9,ultimatum_t1,Validation,1503015239,6,4,False
7,28,4cxmc2ek,1,consent_start,Consent,1503015150,195,4,False
7,28,4cxmc2ek,2,consent_start,Introduction,1503015180,30,4,False
7,28,4cxmc2ek,3,ultimatum_t1,WaitToStart,1503015181,1,4,False
7,28,4cxmc2ek,5,ultimatum_t1,WaitForProposer,1503015502,321,4,False
7,28,4cxmc2ek,6,ultimatum_t1,Accept,1503015508,6,4,False
7,28,4cxmc2ek,7,ultimatum_t1,ResultsWaitPage,1503015508,0,4,False
7,28,4cxmc2ek,8,ultimatum_t1,Results,1503015579,71,4,False
7,29,en4l7vk0,1,consent_start,Consent,1503015013,11,4,False
7,29,en4l7vk0,2,consent_start,Introduction,1503015029,16,4,False
7,29,en4l7vk0,3,ultimatum_t1,WaitToStart,1503015030,1,4,False
7,29,en4l7vk0,5,ultimatum_t1,WaitForProposer,1503015047,17,4,False
7,29,en4l7vk0,6,ultimatum_t1,Accept,1503015051,4,4,False
7,29,en4l7vk0,7,ultimatum_t1,ResultsWaitPage,1503015051,0,4,False
7,29,en4l7vk0,8,ultimatum_t1,Results,1503015141,90,4,False
7,29,en4l7vk0,9,ultimatum_t1,Validation,1503015145,4,4,False
7,30,7275ixuz,1,consent_start,Consent,1503015102,9,4,False
7,30,7275ixuz,2,consent_start,Introduction,1503015108,6,4,False
7,30,7275ixuz,3,ultimatum_t1,WaitToStart,1503015192,84,4,False
7,30,7275ixuz,4,ultimatum_t1,Offer,1503015501,309,4,True
7,30,7275ixuz,5,ultimatum_t1,WaitForProposer,1503015502,1,4,False
7,30,7275ixuz,7,ultimatum_t1,ResultsWaitPage,1503015516,14,4,False
7,31,ra9nvsn5,1,consent_start,Consent,1503018761,3613,4,True
7,31,ra9nvsn5,2,consent_start,Introduction,1503020571,1810,4,True
7,31,ra9nvsn5,3,ultimatum_t1,WaitToStart,1503020571,0,4,False
7,31,ra9nvsn5,5,ultimatum_t1,WaitForProposer,1503020907,336,4,False
7,31,ra9nvsn5,6,ultimatum_t1,Accept,1503021218,311,4,True
7,31,ra9nvsn5,7,ultimatum_t1,ResultsWaitPage,1503021218,0,4,False
7,32,pe6grr7b,1,consent_start,Consent,1503015223,13,4,False
7,32,pe6grr7b,2,consent_start,Introduction,1503015235,12,4,False
7,32,pe6grr7b,3,ultimatum_t1,WaitToStart,1503015282,47,4,False
7,32,pe6grr7b,4,ultimatum_t1,Offer,1503015298,16,4,False
7,32,pe6grr7b,5,ultimatum_t1,WaitForProposer,1503015298,0,4,False
7,32,pe6grr7b,7,ultimatum_t1,ResultsWaitPage,1503015319,21,4,False
7,32,pe6grr7b,8,ultimatum_t1,Results,1503015468,149,4,False
7,32,pe6grr7b,9,ultimatum_t1,Validation,1503015472,4,4,False
7,33,p29j30nr,1,consent_start,Consent,1503016185,874,4,False
7,33,p29j30nr,2,consent_start,Introduction,1503016198,13,4,False
7,33,p29j30nr,3,ultimatum_t1,WaitToStart,1503016199,1,4,False
7,33,p29j30nr,5,ultimatum_t1,WaitForProposer,1503016212,13,4,False
7,33,p29j30nr,6,ultimatum_t1,Accept,1503016523,311,4,True
7,33,p29j30nr,7,ultimatum_t1,ResultsWaitPage,1503016523,0,4,False
7,34,yk1330eq,1,consent_start,Consent,1503016056,529,4,False
7,34,yk1330eq,2,consent_start,Introduction,1503016083,27,4,False
7,34,yk1330eq,3,ultimatum_t1,WaitToStart,1503016199,116,4,False
7,34,yk1330eq,4,ultimatum_t1,Offer,1503016210,11,4,False
7,34,yk1330eq,5,ultimatum_t1,WaitForProposer,1503016211,1,4,False
7,34,yk1330eq,7,ultimatum_t1,ResultsWaitPage,1503016530,319,4,False
7,34,yk1330eq,8,ultimatum_t1,Results,1503016687,157,4,False
7,34,yk1330eq,9,ultimatum_t1,Validation,1503016695,8,4,False
7,35,2wtj4shw,1,consent_start,Consent,1503015816,4,4,False
7,35,2wtj4shw,2,consent_start,Introduction,1503015921,105,4,False
7,35,2wtj4shw,3,ultimatum_t1,WaitToStart,1503015921,0,4,False
7,35,2wtj4shw,5,ultimatum_t1,WaitForProposer,1503015932,11,4,False
7,35,2wtj4shw,6,ultimatum_t1,Accept,1503015935,3,4,False
7,35,2wtj4shw,7,ultimatum_t1,ResultsWaitPage,1503015935,0,4,False
7,35,2wtj4shw,8,ultimatum_t1,Results,1503016036,101,4,False
7,35,2wtj4shw,9,ultimatum_t1,Validation,1503016039,3,4,False
7,36,3aygdhy3,1,consent_start,Consent,1503015889,11,4,False
7,36,3aygdhy3,2,consent_start,Introduction,1503015903,14,4,False
7,36,3aygdhy3,3,ultimatum_t1,WaitToStart,1503015921,18,4,False
7,36,3aygdhy3,4,ultimatum_t1,Offer,1503015931,10,4,False
7,36,3aygdhy3,5,ultimatum_t1,WaitForProposer,1503015932,1,4,False
7,36,3aygdhy3,7,ultimatum_t1,ResultsWaitPage,1503015935,3,4,False
7,36,3aygdhy3,8,ultimatum_t1,Results,1503016050,115,4,False
7,36,3aygdhy3,9,ultimatum_t1,Validation,1503016053,3,4,False
7,37,4otghjpy,1,consent_start,Consent,1503016199,11,4,False
7,37,4otghjpy,2,consent_start,Introduction,1503016212,13,4,False
7,37,4otghjpy,3,ultimatum_t1,WaitToStart,1503016653,441,4,False
7,37,4otghjpy,4,ultimatum_t1,Offer,1503016966,313,4,True
7,37,4otghjpy,5,ultimatum_t1,WaitForProposer,1503016966,0,4,False
7,37,4otghjpy,7,ultimatum_t1,ResultsWaitPage,1503017029,63,4,False
7,38,dgdbveoj,1,consent_start,Consent,1503016232,18,4,False
7,38,dgdbveoj,2,consent_start,Introduction,1503018045,1813,4,True
7,38,dgdbveoj,3,ultimatum_t1,WaitToStart,1503018045,0,4,False
7,38,dgdbveoj,5,ultimatum_t1,WaitForProposer,1503018085,40,4,False
7,38,dgdbveoj,6,ultimatum_t1,Accept,1503018394,309,4,True
7,38,dgdbveoj,7,ultimatum_t1,ResultsWaitPage,1503018394,0,4,False
7,39,dwdeekt6,1,consent_start,Consent,1503016488,47,4,False
7,39,dwdeekt6,2,consent_start,Introduction,1503016625,137,4,False
7,39,dwdeekt6,3,ultimatum_t1,WaitToStart,1503016639,14,4,False
7,39,dwdeekt6,5,ultimatum_t1,WaitForProposer,1503016972,333,4,False
7,39,dwdeekt6,6,ultimatum_t1,Accept,1503017014,42,4,False
7,39,dwdeekt6,7,ultimatum_t1,ResultsWaitPage,1503017015,1,4,False
7,40,4drep75r,1,consent_start,Consent,1503016800,26,4,False
7,40,4drep75r,2,consent_start,Introduction,1503016825,25,4,False
7,40,4drep75r,3,ultimatum_t1,WaitToStart,1503016841,16,4,False
7,40,4drep75r,4,ultimatum_t1,Offer,1503016865,24,4,False
7,40,4drep75r,5,ultimatum_t1,WaitForProposer,1503016866,1,4,False
7,40,4drep75r,7,ultimatum_t1,ResultsWaitPage,1503016884,18,4,False
7,40,4drep75r,8,ultimatum_t1,Results,1503017177,293,4,False
7,40,4drep75r,9,ultimatum_t1,Validation,1503017193,16,4,False
7,41,ahoq04hx,1,consent_start,Consent,1503016807,15,4,False
7,41,ahoq04hx,2,consent_start,Introduction,1503016838,31,4,False
7,41,ahoq04hx,3,ultimatum_t1,WaitToStart,1503016839,1,4,False
7,41,ahoq04hx,5,ultimatum_t1,WaitForProposer,1503016867,28,4,False
7,41,ahoq04hx,6,ultimatum_t1,Accept,1503016881,14,4,False
7,41,ahoq04hx,7,ultimatum_t1,ResultsWaitPage,1503016882,1,4,False
7,41,ahoq04hx,8,ultimatum_t1,Results,1503017043,161,4,False
7,41,ahoq04hx,9,ultimatum_t1,Validation,1503017050,7,4,False
7,42,16ijrdrf,1,consent_start,Consent,1503017052,151,4,False
7,42,16ijrdrf,2,consent_start,Introduction,1503017085,33,4,False
7,42,16ijrdrf,3,ultimatum_t1,WaitToStart,1503017236,151,4,False
7,42,16ijrdrf,4,ultimatum_t1,Offer,1503017250,14,4,False
7,42,16ijrdrf,5,ultimatum_t1,WaitForProposer,1503017251,1,4,False
7,42,16ijrdrf,7,ultimatum_t1,ResultsWaitPage,1503017260,9,4,False
7,42,16ijrdrf,8,ultimatum_t1,Results,1503017383,123,4,False
7,42,16ijrdrf,9,ultimatum_t1,Validation,1503017388,5,4,False
7,43,i1yg71jt,1,consent_start,Consent,1503017153,49,4,False
7,43,i1yg71jt,2,consent_start,Introduction,1503017235,82,4,False
7,43,i1yg71jt,3,ultimatum_t1,WaitToStart,1503017236,1,4,False
7,43,i1yg71jt,5,ultimatum_t1,WaitForProposer,1503017251,15,4,False
7,43,i1yg71jt,6,ultimatum_t1,Accept,1503017259,8,4,False
7,43,i1yg71jt,7,ultimatum_t1,ResultsWaitPage,1503017259,0,4,False
7,43,i1yg71jt,8,ultimatum_t1,Results,1503017449,190,4,False
7,43,i1yg71jt,9,ultimatum_t1,Validation,1503017455,6,4,False
7,44,vtctpbro,1,consent_start,Consent,1503017715,18,4,False
7,44,vtctpbro,2,consent_start,Introduction,1503017721,6,4,False
7,44,vtctpbro,3,ultimatum_t1,WaitToStart,1503017854,133,4,False
7,44,vtctpbro,4,ultimatum_t1,Offer,1503017904,50,4,False
7,44,vtctpbro,5,ultimatum_t1,WaitForProposer,1503017905,1,4,False
7,44,vtctpbro,7,ultimatum_t1,ResultsWaitPage,1503017924,19,4,False
7,44,vtctpbro,8,ultimatum_t1,Results,1503018025,101,4,False
7,44,vtctpbro,9,ultimatum_t1,Validation,1503018028,3,4,False
7,45,y43ukk73,1,consent_start,Consent,1503017817,19,4,False
7,45,y43ukk73,2,consent_start,Introduction,1503017854,37,4,False
7,45,y43ukk73,3,ultimatum_t1,WaitToStart,1503017854,0,4,False
7,45,y43ukk73,5,ultimatum_t1,WaitForProposer,1503017905,51,4,False
7,45,y43ukk73,6,ultimatum_t1,Accept,1503017923,18,4,False
7,45,y43ukk73,7,ultimatum_t1,ResultsWaitPage,1503017923,0,4,False
7,45,y43ukk73,8,ultimatum_t1,Results,1503018026,103,4,False
7,45,y43ukk73,9,ultimatum_t1,Validation,1503018030,4,4,False
7,46,m1w4v2t4,1,consent_start,Consent,1503017839,26,4,False
7,46,m1w4v2t4,2,consent_start,Introduction,1503017872,33,4,False
7,46,m1w4v2t4,3,ultimatum_t1,WaitToStart,1503018046,174,4,False
7,46,m1w4v2t4,4,ultimatum_t1,Offer,1503018068,22,4,False
7,46,m1w4v2t4,5,ultimatum_t1,WaitForProposer,1503018069,1,4,False
7,46,m1w4v2t4,7,ultimatum_t1,ResultsWaitPage,1503018405,336,4,False
7,47,gfd22tcy,1,consent_start,Consent,1503021887,3613,4,True
7,47,gfd22tcy,2,consent_start,Introduction,1503023699,1812,4,True
7,47,gfd22tcy,3,ultimatum_t1,WaitToStart,1503023699,0,4,False
7,47,gfd22tcy,5,ultimatum_t1,WaitForProposer,1503023934,235,4,False
7,47,gfd22tcy,6,ultimatum_t1,Accept,1503024244,310,4,True
7,47,gfd22tcy,7,ultimatum_t1,ResultsWaitPage,1503024244,0,4,False
7,48,6s4c2dmh,1,consent_start,Consent,1503018427,12,4,False
7,48,6s4c2dmh,2,consent_start,Introduction,1503018466,39,4,False
7,48,6s4c2dmh,3,ultimatum_t1,WaitToStart,1503018469,3,4,False
7,48,6s4c2dmh,5,ultimatum_t1,WaitForProposer,1503018479,10,4,False
7,48,6s4c2dmh,6,ultimatum_t1,Accept,1503018488,9,4,False
7,48,6s4c2dmh,7,ultimatum_t1,ResultsWaitPage,1503018488,0,4,False
7,48,6s4c2dmh,8,ultimatum_t1,Results,1503018687,199,4,False
7,48,6s4c2dmh,9,ultimatum_t1,Validation,1503018693,6,4,False
7,49,gcs3j3wt,1,consent_start,Consent,1503018444,16,4,False
7,49,gcs3j3wt,2,consent_start,Introduction,1503018467,23,4,False
7,49,gcs3j3wt,3,ultimatum_t1,WaitToStart,1503018469,2,4,False
7,49,gcs3j3wt,4,ultimatum_t1,Offer,1503018477,8,4,False
7,49,gcs3j3wt,5,ultimatum_t1,WaitForProposer,1503018477,0,4,False
7,49,gcs3j3wt,7,ultimatum_t1,ResultsWaitPage,1503018488,11,4,False
7,49,gcs3j3wt,8,ultimatum_t1,Results,1503018649,161,4,False
7,49,gcs3j3wt,9,ultimatum_t1,Validation,1503018652,3,4,False
7,50,vswaue3q,1,consent_start,Consent,1503018788,18,4,False
7,50,vswaue3q,2,consent_start,Introduction,1503018819,31,4,False
7,50,vswaue3q,3,ultimatum_t1,WaitToStart,1503019005,186,4,False
7,50,vswaue3q,4,ultimatum_t1,Offer,1503019017,12,4,False
7,50,vswaue3q,5,ultimatum_t1,WaitForProposer,1503019017,0,4,False
7,50,vswaue3q,7,ultimatum_t1,ResultsWaitPage,1503019023,6,4,False
7,50,vswaue3q,8,ultimatum_t1,Results,1503019147,124,4,False
7,50,vswaue3q,9,ultimatum_t1,Validation,1503019154,7,4,False
7,51,zakoqcit,1,consent_start,Consent,1503019056,271,4,False
7,51,zakoqcit,2,consent_start,Introduction,1503019111,55,4,False
7,51,zakoqcit,3,ultimatum_t1,WaitToStart,1503019234,123,4,False
7,51,zakoqcit,4,ultimatum_t1,Offer,1503019267,33,4,False
7,51,zakoqcit,5,ultimatum_t1,WaitForProposer,1503019269,2,4,False
7,51,zakoqcit,7,ultimatum_t1,ResultsWaitPage,1503019288,19,4,False
7,51,zakoqcit,8,ultimatum_t1,Results,1503019465,177,4,False
7,51,zakoqcit,9,ultimatum_t1,Validation,1503019469,4,4,False
7,52,qubpq5lf,1,consent_start,Consent,1503022413,3614,4,True
7,52,qubpq5lf,2,consent_start,Introduction,1503024225,1812,4,True
7,52,qubpq5lf,3,ultimatum_t1,WaitToStart,1503024225,0,4,False
7,52,qubpq5lf,5,ultimatum_t1,WaitForProposer,1503024564,339,4,False
7,52,qubpq5lf,6,ultimatum_t1,Accept,1503024875,311,4,True
7,52,qubpq5lf,7,ultimatum_t1,ResultsWaitPage,1503024875,0,4,False
7,53,1g1t01ti,1,consent_start,Consent,1503018988,8,4,False
7,53,1g1t01ti,2,consent_start,Introduction,1503019004,16,4,False
7,53,1g1t01ti,3,ultimatum_t1,WaitToStart,1503019005,1,4,False
7,53,1g1t01ti,5,ultimatum_t1,WaitForProposer,1503019017,12,4,False
7,53,1g1t01ti,6,ultimatum_t1,Accept,1503019023,6,4,False
7,53,1g1t01ti,7,ultimatum_t1,ResultsWaitPage,1503019023,0,4,False
7,53,1g1t01ti,8,ultimatum_t1,Results,1503019097,74,4,False
7,53,1g1t01ti,9,ultimatum_t1,Validation,1503019102,5,4,False
7,54,jvbcdvta,1,consent_start,Consent,1503019209,7,4,False
7,54,jvbcdvta,2,consent_start,Introduction,1503019233,24,4,False
7,54,jvbcdvta,3,ultimatum_t1,WaitToStart,1503019233,0,4,False
7,54,jvbcdvta,5,ultimatum_t1,WaitForProposer,1503019270,37,4,False
7,54,jvbcdvta,6,ultimatum_t1,Accept,1503019284,14,4,False
7,54,jvbcdvta,7,ultimatum_t1,ResultsWaitPage,1503019286,2,4,False
7,54,jvbcdvta,8,ultimatum_t1,Results,1503019408,122,4,False
7,54,jvbcdvta,9,ultimatum_t1,Validation,1503019419,11,4,False
7,55,2wx1jhyo,1,consent_start,Consent,1503019243,9,4,False
7,55,2wx1jhyo,2,consent_start,Introduction,1503019288,45,4,False
7,55,2wx1jhyo,3,ultimatum_t1,WaitToStart,1503019290,2,4,False
7,55,2wx1jhyo,5,ultimatum_t1,WaitForProposer,1503019305,15,4,False
7,55,2wx1jhyo,6,ultimatum_t1,Accept,1503019312,7,4,False
7,55,2wx1jhyo,7,ultimatum_t1,ResultsWaitPage,1503019313,1,4,False
7,55,2wx1jhyo,8,ultimatum_t1,Results,1503019430,117,4,False
7,55,2wx1jhyo,9,ultimatum_t1,Validation,1503019433,3,4,False
7,56,g6xyy41e,1,consent_start,Consent,1503019253,16,4,False
7,56,g6xyy41e,2,consent_start,Introduction,1503019285,32,4,False
7,56,g6xyy41e,3,ultimatum_t1,WaitToStart,1503019292,7,4,False
7,56,g6xyy41e,4,ultimatum_t1,Offer,1503019305,13,4,False
7,56,g6xyy41e,5,ultimatum_t1,WaitForProposer,1503019305,0,4,False
7,56,g6xyy41e,7,ultimatum_t1,ResultsWaitPage,1503019314,9,4,False
7,56,g6xyy41e,8,ultimatum_t1,Results,1503019458,144,4,False
7,56,g6xyy41e,9,ultimatum_t1,Validation,1503019462,4,4,False
7,57,r8ewgenh,1,consent_start,Consent,1503021930,2629,4,False
7,57,r8ewgenh,2,consent_start,Introduction,1503021963,33,4,False
7,57,r8ewgenh,3,ultimatum_t1,WaitToStart,1503022443,480,4,False
7,57,r8ewgenh,4,ultimatum_t1,Offer,1503022584,141,4,False
7,57,r8ewgenh,5,ultimatum_t1,WaitForProposer,1503022585,1,4,False
7,57,r8ewgenh,7,ultimatum_t1,ResultsWaitPage,1503022919,334,4,False
7,58,dm2bm6ng,1,consent_start,Consent,1503020093,646,4,False
7,58,dm2bm6ng,2,consent_start,Introduction,1503020117,24,4,False
7,58,dm2bm6ng,3,ultimatum_t1,WaitToStart,1503020228,111,4,False
7,58,dm2bm6ng,4,ultimatum_t1,Offer,1503020248,20,4,False
7,58,dm2bm6ng,5,ultimatum_t1,WaitForProposer,1503020249,1,4,False
7,58,dm2bm6ng,7,ultimatum_t1,ResultsWaitPage,1503020259,10,4,False
7,58,dm2bm6ng,8,ultimatum_t1,Results,1503020402,143,4,False
7,58,dm2bm6ng,9,ultimatum_t1,Validation,1503020406,4,4,False
7,59,g8uddnpv,1,consent_start,Consent,1503019523,15,4,False
7,59,g8uddnpv,2,consent_start,Introduction,1503019566,43,4,False
7,59,g8uddnpv,3,ultimatum_t1,WaitToStart,1503019704,138,4,False
7,59,g8uddnpv,4,ultimatum_t1,Offer,1503019719,15,4,False
7,59,g8uddnpv,5,ultimatum_t1,WaitForProposer,1503019719,0,4,False
7,59,g8uddnpv,7,ultimatum_t1,ResultsWaitPage,1503019725,6,4,False
7,59,g8uddnpv,8,ultimatum_t1,Results,1503019864,139,4,False
7,59,g8uddnpv,9,ultimatum_t1,Validation,1503019871,7,4,False
7,60,r1vwncj7,1,consent_start,Consent,1503022298,2781,4,False
7,60,r1vwncj7,2,consent_start,Introduction,1503024109,1811,4,True
7,60,r1vwncj7,3,ultimatum_t1,WaitToStart,1503024240,131,4,False
7,60,r1vwncj7,4,ultimatum_t1,Offer,1503024550,310,4,True
7,60,r1vwncj7,5,ultimatum_t1,WaitForProposer,1503024550,0,4,False
7,60,r1vwncj7,7,ultimatum_t1,ResultsWaitPage,1503024891,341,4,False
7,61,kpxpghmf,1,consent_start,Consent,1503019652,12,4,False
7,61,kpxpghmf,2,consent_start,Introduction,1503019703,51,4,False
7,61,kpxpghmf,3,ultimatum_t1,WaitToStart,1503019703,0,4,False
7,61,kpxpghmf,5,ultimatum_t1,WaitForProposer,1503019720,17,4,False
7,61,kpxpghmf,6,ultimatum_t1,Accept,1503019724,4,4,False
7,61,kpxpghmf,7,ultimatum_t1,ResultsWaitPage,1503019725,1,4,False
7,61,kpxpghmf,8,ultimatum_t1,Results,1503019829,104,4,False
7,61,kpxpghmf,9,ultimatum_t1,Validation,1503019832,3,4,False
7,62,k13mp1cm,1,consent_start,Consent,1503021063,1421,4,False
7,62,k13mp1cm,2,consent_start,Introduction,1503021089,26,4,False
7,62,k13mp1cm,3,ultimatum_t1,WaitToStart,1503021099,10,4,False
7,62,k13mp1cm,4,ultimatum_t1,Offer,1503021106,7,4,False
7,62,k13mp1cm,5,ultimatum_t1,WaitForProposer,1503021106,0,4,False
7,62,k13mp1cm,7,ultimatum_t1,ResultsWaitPage,1503021111,5,4,False
7,62,k13mp1cm,8,ultimatum_t1,Results,1503021194,83,4,False
7,62,k13mp1cm,9,ultimatum_t1,Validation,1503021197,3,4,False
7,63,jte66tk4,1,consent_start,Consent,1503019737,64,4,False
7,63,jte66tk4,2,consent_start,Introduction,1503019752,15,4,False
7,63,jte66tk4,3,ultimatum_t1,WaitToStart,1503019829,77,4,False
7,63,jte66tk4,4,ultimatum_t1,Offer,1503019848,19,4,False
7,63,jte66tk4,5,ultimatum_t1,WaitForProposer,1503019848,0,4,False
7,63,jte66tk4,7,ultimatum_t1,ResultsWaitPage,1503019867,19,4,False
7,63,jte66tk4,8,ultimatum_t1,Results,1503020014,147,4,False
7,63,jte66tk4,9,ultimatum_t1,Validation,1503020018,4,4,False
7,64,z75oc04k,1,consent_start,Consent,1503019781,9,4,False
7,64,z75oc04k,2,consent_start,Introduction,1503019828,47,4,False
7,64,z75oc04k,3,ultimatum_t1,WaitToStart,1503019828,0,4,False
7,64,z75oc04k,5,ultimatum_t1,WaitForProposer,1503019849,21,4,False
7,64,z75oc04k,6,ultimatum_t1,Accept,1503019867,18,4,False
7,64,z75oc04k,7,ultimatum_t1,ResultsWaitPage,1503019867,0,4,False
7,64,z75oc04k,8,ultimatum_t1,Results,1503019996,129,4,False
7,64,z75oc04k,9,ultimatum_t1,Validation,1503020000,4,4,False
7,65,sh166xg8,1,consent_start,Consent,1503019845,23,4,False
7,65,sh166xg8,2,consent_start,Introduction,1503019894,49,4,False
7,65,sh166xg8,3,ultimatum_t1,WaitToStart,1503019895,1,4,False
7,65,sh166xg8,5,ultimatum_t1,WaitForProposer,1503020218,323,4,False
7,65,sh166xg8,6,ultimatum_t1,Accept,1503020229,11,4,False
7,65,sh166xg8,7,ultimatum_t1,ResultsWaitPage,1503020229,0,4,False
7,65,sh166xg8,8,ultimatum_t1,Results,1503020452,223,4,False
7,65,sh166xg8,9,ultimatum_t1,Validation,1503020459,7,4,False
7,66,l9562p18,1,consent_start,Consent,1503019862,13,4,False
7,66,l9562p18,2,consent_start,Introduction,1503019895,33,4,False
7,66,l9562p18,3,ultimatum_t1,WaitToStart,1503019912,17,4,False
7,66,l9562p18,4,ultimatum_t1,Offer,1503019923,11,4,False
7,66,l9562p18,5,ultimatum_t1,WaitForProposer,1503019924,1,4,False
7,66,l9562p18,7,ultimatum_t1,ResultsWaitPage,1503020250,326,4,False
7,67,g9xr5hsr,1,consent_start,Consent,1503019943,65,4,False
7,67,g9xr5hsr,2,consent_start,Introduction,1503019964,21,4,False
7,67,g9xr5hsr,3,ultimatum_t1,WaitToStart,1503019973,9,4,False
7,67,g9xr5hsr,4,ultimatum_t1,Offer,1503019984,11,4,False
7,67,g9xr5hsr,5,ultimatum_t1,WaitForProposer,1503019984,0,4,False
7,67,g9xr5hsr,7,ultimatum_t1,ResultsWaitPage,1503020007,23,4,False
7,67,g9xr5hsr,8,ultimatum_t1,Results,1503020128,121,4,False
7,67,g9xr5hsr,9,ultimatum_t1,Validation,1503020133,5,4,False
7,68,n9mst2vq,1,consent_start,Consent,1503019911,19,4,False
7,68,n9mst2vq,2,consent_start,Introduction,1503019972,61,4,False
7,68,n9mst2vq,3,ultimatum_t1,WaitToStart,1503019973,1,4,False
7,68,n9mst2vq,5,ultimatum_t1,WaitForProposer,1503019985,12,4,False
7,68,n9mst2vq,6,ultimatum_t1,Accept,1503020005,20,4,False
7,68,n9mst2vq,7,ultimatum_t1,ResultsWaitPage,1503020006,1,4,False
7,68,n9mst2vq,8,ultimatum_t1,Results,1503020374,368,4,False
7,68,n9mst2vq,9,ultimatum_t1,Validation,1503020379,5,4,False
7,69,go0jkvbx,1,consent_start,Consent,1503020184,11,4,False
7,69,go0jkvbx,2,consent_start,Introduction,1503020227,43,4,False
7,69,go0jkvbx,3,ultimatum_t1,WaitToStart,1503020228,1,4,False
7,69,go0jkvbx,5,ultimatum_t1,WaitForProposer,1503020249,21,4,False
7,69,go0jkvbx,6,ultimatum_t1,Accept,1503020257,8,4,False
7,69,go0jkvbx,7,ultimatum_t1,ResultsWaitPage,1503020258,1,4,False
7,69,go0jkvbx,8,ultimatum_t1,Results,1503020388,130,4,False
7,69,go0jkvbx,9,ultimatum_t1,Validation,1503020391,3,4,False
7,70,2xt7w7yp,1,consent_start,Consent,1503020870,266,4,False
7,70,2xt7w7yp,2,consent_start,Introduction,1503022679,1809,4,True
7,70,2xt7w7yp,3,ultimatum_t1,WaitToStart,1503022709,30,4,False
7,70,2xt7w7yp,4,ultimatum_t1,Offer,1503023020,311,4,True
7,70,2xt7w7yp,5,ultimatum_t1,WaitForProposer,1503023020,0,4,False
7,70,2xt7w7yp,7,ultimatum_t1,ResultsWaitPage,1503023353,333,4,False
7,71,sh62t34s,1,consent_start,Consent,1503020709,62,4,False
7,71,sh62t34s,2,consent_start,Introduction,1503020775,66,4,False
7,71,sh62t34s,3,ultimatum_t1,WaitToStart,1503020900,125,4,False
7,71,sh62t34s,4,ultimatum_t1,Offer,1503020916,16,4,False
7,71,sh62t34s,5,ultimatum_t1,WaitForProposer,1503020916,0,4,False
7,71,sh62t34s,7,ultimatum_t1,ResultsWaitPage,1503020924,8,4,False
7,71,sh62t34s,8,ultimatum_t1,Results,1503021134,210,4,False
7,71,sh62t34s,9,ultimatum_t1,Validation,1503021140,6,4,False
7,72,1iypciou,1,consent_start,Consent,1503024304,3612,4,True
7,72,1iypciou,2,consent_start,Introduction,1503026118,1814,4,True
7,73,m82s3sh7,1,consent_start,Consent,1503020873,17,4,False
7,73,m82s3sh7,2,consent_start,Introduction,1503020898,25,4,False
7,73,m82s3sh7,3,ultimatum_t1,WaitToStart,1503020899,1,4,False
7,73,m82s3sh7,5,ultimatum_t1,WaitForProposer,1503020917,18,4,False
7,73,m82s3sh7,6,ultimatum_t1,Accept,1503020923,6,4,False
7,73,m82s3sh7,7,ultimatum_t1,ResultsWaitPage,1503020924,1,4,False
7,73,m82s3sh7,8,ultimatum_t1,Results,1503021117,193,4,False
7,73,m82s3sh7,9,ultimatum_t1,Validation,1503021122,5,4,False
7,74,zyeinmnw,1,consent_start,Consent,1503021086,11,4,False
7,74,zyeinmnw,2,consent_start,Introduction,1503021099,13,4,False
7,74,zyeinmnw,3,ultimatum_t1,WaitToStart,1503021099,0,4,False
7,74,zyeinmnw,5,ultimatum_t1,WaitForProposer,1503021106,7,4,False
7,74,zyeinmnw,6,ultimatum_t1,Accept,1503021111,5,4,False
7,74,zyeinmnw,7,ultimatum_t1,ResultsWaitPage,1503021111,0,4,False
7,74,zyeinmnw,8,ultimatum_t1,Results,1503021209,98,4,False
7,74,zyeinmnw,9,ultimatum_t1,Validation,1503021211,2,4,False
7,75,choq8rz5,1,consent_start,Consent,1503021150,13,4,False
7,75,choq8rz5,2,consent_start,Introduction,1503021196,46,4,False
7,75,choq8rz5,3,ultimatum_t1,WaitToStart,1503021541,345,4,False
7,75,choq8rz5,4,ultimatum_t1,Offer,1503021852,311,4,True
7,75,choq8rz5,5,ultimatum_t1,WaitForProposer,1503021852,0,4,False
7,75,choq8rz5,7,ultimatum_t1,ResultsWaitPage,1503021882,30,4,False
7,76,c0uu2wr0,1,consent_start,Consent,1503022761,1506,4,False
7,76,c0uu2wr0,2,consent_start,Introduction,1503022800,39,4,False
7,76,c0uu2wr0,3,ultimatum_t1,WaitToStart,1503023198,398,4,False
7,76,c0uu2wr0,4,ultimatum_t1,Offer,1503023226,28,4,False
7,76,c0uu2wr0,5,ultimatum_t1,WaitForProposer,1503023226,0,4,False
7,76,c0uu2wr0,7,ultimatum_t1,ResultsWaitPage,1503023237,11,4,False
7,76,c0uu2wr0,8,ultimatum_t1,Results,1503023383,146,4,False
7,76,c0uu2wr0,9,ultimatum_t1,Validation,1503023389,6,4,False
7,77,g8719r3o,1,consent_start,Consent,1503021460,107,4,False
7,77,g8719r3o,2,consent_start,Introduction,1503021527,67,4,False
7,77,g8719r3o,3,ultimatum_t1,WaitToStart,1503021527,0,4,False
7,77,g8719r3o,5,ultimatum_t1,WaitForProposer,1503021858,331,4,False
7,77,g8719r3o,6,ultimatum_t1,Accept,1503021871,13,4,False
7,77,g8719r3o,7,ultimatum_t1,ResultsWaitPage,1503021872,1,4,False
7,77,g8719r3o,8,ultimatum_t1,Results,1503022024,152,4,False
7,77,g8719r3o,9,ultimatum_t1,Validation,1503022031,7,4,False
7,78,3l2f32z6,1,consent_start,Consent,1503021520,74,4,False
7,78,3l2f32z6,2,consent_start,Introduction,1503021596,76,4,False
7,78,3l2f32z6,3,ultimatum_t1,WaitToStart,1503021776,180,4,False
7,78,3l2f32z6,4,ultimatum_t1,Offer,1503021824,48,4,False
7,78,3l2f32z6,5,ultimatum_t1,WaitForProposer,1503021824,0,4,False
7,78,3l2f32z6,7,ultimatum_t1,ResultsWaitPage,1503021856,32,4,False
7,78,3l2f32z6,8,ultimatum_t1,Results,1503022050,194,4,False
7,78,3l2f32z6,9,ultimatum_t1,Validation,1503022053,3,4,False
7,79,j3bftcx4,1,consent_start,Consent,1503021751,26,4,False
7,79,j3bftcx4,2,consent_start,Introduction,1503021775,24,4,False
7,79,j3bftcx4,3,ultimatum_t1,WaitToStart,1503021776,1,4,False
7,79,j3bftcx4,5,ultimatum_t1,WaitForProposer,1503021825,49,4,False
7,79,j3bftcx4,6,ultimatum_t1,Accept,1503021855,30,4,False
7,79,j3bftcx4,7,ultimatum_t1,ResultsWaitPage,1503021856,1,4,False
7,79,j3bftcx4,8,ultimatum_t1,Results,1503022173,317,4,False
7,79,j3bftcx4,9,ultimatum_t1,Validation,1503022179,6,4,False
7,80,wccgsdyf,1,consent_start,Consent,1503022465,61,4,False
7,80,wccgsdyf,2,consent_start,Introduction,1503022491,26,4,False
7,80,wccgsdyf,3,ultimatum_t1,WaitToStart,1503022573,82,4,False
7,80,wccgsdyf,4,ultimatum_t1,Offer,1503022586,13,4,False
7,80,wccgsdyf,5,ultimatum_t1,WaitForProposer,1503022587,1,4,False
7,80,wccgsdyf,7,ultimatum_t1,ResultsWaitPage,1503022595,8,4,False
7,80,wccgsdyf,8,ultimatum_t1,Results,1503022845,250,4,False
7,80,wccgsdyf,9,ultimatum_t1,Validation,1503022851,6,4,False
7,81,6rn5oxu3,1,consent_start,Consent,1503022427,6,4,False
7,81,6rn5oxu3,2,consent_start,Introduction,1503022430,3,4,False
7,81,6rn5oxu3,3,ultimatum_t1,WaitToStart,1503022430,0,4,False
7,81,6rn5oxu3,5,ultimatum_t1,WaitForProposer,1503022598,168,4,False
7,81,6rn5oxu3,6,ultimatum_t1,Accept,1503022908,310,4,True
7,81,6rn5oxu3,7,ultimatum_t1,ResultsWaitPage,1503022908,0,4,False
7,82,ag7o0rbe,1,consent_start,Consent,1503022519,65,4,False
7,82,ag7o0rbe,2,consent_start,Introduction,1503022572,53,4,False
7,82,ag7o0rbe,3,ultimatum_t1,WaitToStart,1503022572,0,4,False
7,82,ag7o0rbe,5,ultimatum_t1,WaitForProposer,1503022587,15,4,False
7,82,ag7o0rbe,6,ultimatum_t1,Accept,1503022594,7,4,False
7,82,ag7o0rbe,7,ultimatum_t1,ResultsWaitPage,1503022595,1,4,False
7,82,ag7o0rbe,8,ultimatum_t1,Results,1503022749,154,4,False
7,82,ag7o0rbe,9,ultimatum_t1,Validation,1503022755,6,4,False
7,83,d1dxq5wm,1,consent_start,Consent,1503022651,42,4,False
7,83,d1dxq5wm,2,consent_start,Introduction,1503022695,44,4,False
7,83,d1dxq5wm,3,ultimatum_t1,WaitToStart,1503022696,1,4,False
7,83,d1dxq5wm,5,ultimatum_t1,WaitForProposer,1503023034,338,4,False
7,83,d1dxq5wm,6,ultimatum_t1,Accept,1503023343,309,4,True
7,83,d1dxq5wm,7,ultimatum_t1,ResultsWaitPage,1503023343,0,4,False
7,84,wvp9rjg8,1,consent_start,Consent,1503023041,106,4,False
7,84,wvp9rjg8,2,consent_start,Introduction,1503023186,145,4,False
7,84,wvp9rjg8,3,ultimatum_t1,WaitToStart,1503023186,0,4,False
7,84,wvp9rjg8,5,ultimatum_t1,WaitForProposer,1503023226,40,4,False
7,84,wvp9rjg8,6,ultimatum_t1,Accept,1503023236,10,4,False
7,84,wvp9rjg8,7,ultimatum_t1,ResultsWaitPage,1503023237,1,4,False
7,84,wvp9rjg8,8,ultimatum_t1,Results,1503023467,230,4,False
7,84,wvp9rjg8,9,ultimatum_t1,Validation,1503023487,20,4,False
7,85,92kip9og,1,consent_start,Consent,1503023235,31,4,False
7,85,92kip9og,2,consent_start,Introduction,1503023252,17,4,False
7,85,92kip9og,3,ultimatum_t1,WaitToStart,1503023715,463,4,False
7,85,92kip9og,4,ultimatum_t1,Offer,1503023920,205,4,False
7,85,92kip9og,5,ultimatum_t1,WaitForProposer,1503023920,0,4,False
7,85,92kip9og,7,ultimatum_t1,ResultsWaitPage,1503024254,334,4,False
7,85,92kip9og,8,ultimatum_t1,Results,1503024342,88,4,False
7,85,92kip9og,9,ultimatum_t1,Validation,1503024366,24,4,False
8,1,ktsr7a9u,1,consent_start2_copy,Consent,1503014387,16,4,False
8,1,ktsr7a9u,2,consent_start2_copy,Introduction,1503014397,10,4,False
8,1,ktsr7a9u,3,consent_start2_copy,Proceed,1503014406,9,4,False
8,1,ktsr7a9u,4,ultimatum_windfall_vignette,WaitToStart,1503014430,24,4,False
8,1,ktsr7a9u,5,ultimatum_windfall_vignette,Offer,1503014474,44,4,False
8,1,ktsr7a9u,6,ultimatum_windfall_vignette,WaitForProposer,1503014474,0,4,False
8,1,ktsr7a9u,8,ultimatum_windfall_vignette,ResultsWaitPage,1503014491,17,4,False
8,1,ktsr7a9u,9,ultimatum_windfall_vignette,Results,1503014659,168,4,False
8,1,ktsr7a9u,10,ultimatum_windfall_vignette,Validation,1503014666,7,4,False
8,2,2uru22w3,1,consent_start2_copy,Consent,1503014417,39,4,False
8,2,2uru22w3,2,consent_start2_copy,Introduction,1503014425,8,4,False
8,2,2uru22w3,3,consent_start2_copy,Proceed,1503014439,14,4,False
8,2,2uru22w3,4,ultimatum_windfall_vignette,WaitToStart,1503014474,35,4,False
8,2,2uru22w3,5,ultimatum_windfall_vignette,Offer,1503014504,30,4,False
8,2,2uru22w3,6,ultimatum_windfall_vignette,WaitForProposer,1503014504,0,4,False
8,2,2uru22w3,8,ultimatum_windfall_vignette,ResultsWaitPage,1503014531,27,4,False
8,2,2uru22w3,9,ultimatum_windfall_vignette,Results,1503014670,139,4,False
8,2,2uru22w3,10,ultimatum_windfall_vignette,Validation,1503014676,6,4,False
8,3,iemzz80e,1,consent_start2_copy,Consent,1503014456,55,4,False
8,3,iemzz80e,2,consent_start2_copy,Introduction,1503014470,14,4,False
8,3,iemzz80e,3,consent_start2_copy,Proceed,1503014484,14,4,False
8,3,iemzz80e,4,ultimatum_windfall_vignette,WaitToStart,1503014498,14,4,False
8,3,iemzz80e,5,ultimatum_windfall_vignette,Offer,1503014529,31,4,False
8,3,iemzz80e,6,ultimatum_windfall_vignette,WaitForProposer,1503014529,0,4,False
8,3,iemzz80e,8,ultimatum_windfall_vignette,ResultsWaitPage,1503014548,19,4,False
8,3,iemzz80e,9,ultimatum_windfall_vignette,Results,1503014692,144,4,False
8,3,iemzz80e,10,ultimatum_windfall_vignette,Validation,1503014696,4,4,False
8,4,i70ro8bw,1,consent_start2_copy,Consent,1503014415,13,4,False
8,4,i70ro8bw,2,consent_start2_copy,Introduction,1503014423,8,4,False
8,4,i70ro8bw,3,consent_start2_copy,Proceed,1503014430,7,4,False
8,4,i70ro8bw,4,ultimatum_windfall_vignette,WaitToStart,1503014430,0,4,False
8,4,i70ro8bw,6,ultimatum_windfall_vignette,WaitForProposer,1503014474,44,4,False
8,4,i70ro8bw,7,ultimatum_windfall_vignette,Accept,1503014490,16,4,False
8,4,i70ro8bw,8,ultimatum_windfall_vignette,ResultsWaitPage,1503014490,0,4,False
8,4,i70ro8bw,9,ultimatum_windfall_vignette,Results,1503014551,61,4,False
8,4,i70ro8bw,10,ultimatum_windfall_vignette,Validation,1503014553,2,4,False
8,5,l4juhcwz,1,consent_start2_copy,Consent,1503014440,28,4,False
8,5,l4juhcwz,2,consent_start2_copy,Introduction,1503014463,23,4,False
8,5,l4juhcwz,3,consent_start2_copy,Proceed,1503014474,11,4,False
8,5,l4juhcwz,4,ultimatum_windfall_vignette,WaitToStart,1503014474,0,4,False
8,5,l4juhcwz,6,ultimatum_windfall_vignette,WaitForProposer,1503014505,31,4,False
8,5,l4juhcwz,7,ultimatum_windfall_vignette,Accept,1503014531,26,4,False
8,5,l4juhcwz,8,ultimatum_windfall_vignette,ResultsWaitPage,1503014531,0,4,False
8,5,l4juhcwz,9,ultimatum_windfall_vignette,Results,1503014689,158,4,False
8,5,l4juhcwz,10,ultimatum_windfall_vignette,Validation,1503014696,7,4,False
8,6,70cebnfd,1,consent_start2_copy,Consent,1503014475,42,4,False
8,6,70cebnfd,2,consent_start2_copy,Introduction,1503014487,12,4,False
8,6,70cebnfd,3,consent_start2_copy,Proceed,1503014498,11,4,False
8,6,70cebnfd,4,ultimatum_windfall_vignette,WaitToStart,1503014498,0,4,False
8,6,70cebnfd,6,ultimatum_windfall_vignette,WaitForProposer,1503014530,32,4,False
8,6,70cebnfd,7,ultimatum_windfall_vignette,Accept,1503014548,18,4,False
8,6,70cebnfd,8,ultimatum_windfall_vignette,ResultsWaitPage,1503014548,0,4,False
8,6,70cebnfd,9,ultimatum_windfall_vignette,Results,1503014690,142,4,False
8,6,70cebnfd,10,ultimatum_windfall_vignette,Validation,1503014694,4,4,False
8,7,vrslga0y,1,consent_start2_copy,Consent,1503014816,371,4,False
8,7,vrslga0y,2,consent_start2_copy,Introduction,1503014834,18,4,False
8,7,vrslga0y,3,consent_start2_copy,Proceed,1503014854,20,4,False
8,7,vrslga0y,4,ultimatum_windfall_vignette,WaitToStart,1503015222,368,4,False
8,7,vrslga0y,5,ultimatum_windfall_vignette,Offer,1503015286,64,4,False
8,7,vrslga0y,6,ultimatum_windfall_vignette,WaitForProposer,1503015287,1,4,False
8,7,vrslga0y,8,ultimatum_windfall_vignette,ResultsWaitPage,1503015318,31,4,False
8,7,vrslga0y,9,ultimatum_windfall_vignette,Results,1503015411,93,4,False
8,7,vrslga0y,10,ultimatum_windfall_vignette,Validation,1503015417,6,4,False
8,8,3v6bz0fw,1,consent_start2_copy,Consent,1503014511,66,4,False
8,8,3v6bz0fw,2,consent_start2_copy,Introduction,1503014518,7,4,False
8,8,3v6bz0fw,3,consent_start2_copy,Proceed,1503014522,4,4,False
8,8,3v6bz0fw,4,ultimatum_windfall_vignette,WaitToStart,1503014616,94,4,False
8,8,3v6bz0fw,5,ultimatum_windfall_vignette,Offer,1503014640,24,4,False
8,8,3v6bz0fw,6,ultimatum_windfall_vignette,WaitForProposer,1503014641,1,4,False
8,8,3v6bz0fw,8,ultimatum_windfall_vignette,ResultsWaitPage,1503014967,326,4,False
8,8,3v6bz0fw,9,ultimatum_windfall_vignette,Results,1503015112,145,4,False
8,8,3v6bz0fw,10,ultimatum_windfall_vignette,Validation,1503015115,3,4,False
8,9,yefusggj,1,consent_start2_copy,Consent,1503015460,924,4,False
8,9,yefusggj,2,consent_start2_copy,Introduction,1503015462,2,4,False
8,9,yefusggj,3,consent_start2_copy,Proceed,1503015464,2,4,False
8,9,yefusggj,4,ultimatum_windfall_vignette,WaitToStart,1503015464,0,4,False
8,9,yefusggj,6,ultimatum_windfall_vignette,WaitForProposer,1503015498,34,4,False
8,9,yefusggj,7,ultimatum_windfall_vignette,Accept,1503015501,3,4,False
8,9,yefusggj,8,ultimatum_windfall_vignette,ResultsWaitPage,1503015501,0,4,False
8,9,yefusggj,9,ultimatum_windfall_vignette,Results,1503015539,38,4,False
8,9,yefusggj,10,ultimatum_windfall_vignette,Validation,1503015550,11,4,False
8,10,2sk78qpc,1,consent_start2_copy,Consent,1503014610,15,4,False
8,10,2sk78qpc,2,consent_start2_copy,Introduction,1503014614,4,4,False
8,10,2sk78qpc,3,consent_start2_copy,Proceed,1503014615,1,4,False
8,10,2sk78qpc,4,ultimatum_windfall_vignette,WaitToStart,1503014616,1,4,False
8,10,2sk78qpc,6,ultimatum_windfall_vignette,WaitForProposer,1503014656,40,4,False
8,10,2sk78qpc,7,ultimatum_windfall_vignette,Accept,1503014966,310,4,True
8,10,2sk78qpc,8,ultimatum_windfall_vignette,ResultsWaitPage,1503014966,0,4,False
8,11,r11w5l43,1,consent_start2_copy,Consent,1503014657,5,4,False
8,11,r11w5l43,2,consent_start2_copy,Introduction,1503014664,7,4,False
8,11,r11w5l43,3,consent_start2_copy,Proceed,1503014669,5,4,False
8,11,r11w5l43,4,ultimatum_windfall_vignette,WaitToStart,1503014787,118,4,False
8,11,r11w5l43,5,ultimatum_windfall_vignette,Offer,1503014813,26,4,False
8,11,r11w5l43,6,ultimatum_windfall_vignette,WaitForProposer,1503014813,0,4,False
8,11,r11w5l43,8,ultimatum_windfall_vignette,ResultsWaitPage,1503014839,26,4,False
8,11,r11w5l43,9,ultimatum_windfall_vignette,Results,1503014893,54,4,False
8,11,r11w5l43,10,ultimatum_windfall_vignette,Validation,1503014896,3,4,False
8,12,h258dp0w,1,consent_start2_copy,Consent,1503014765,21,4,False
8,12,h258dp0w,2,consent_start2_copy,Introduction,1503014776,11,4,False
8,12,h258dp0w,3,consent_start2_copy,Proceed,1503014785,9,4,False
8,12,h258dp0w,4,ultimatum_windfall_vignette,WaitToStart,1503014785,0,4,False
8,12,h258dp0w,6,ultimatum_windfall_vignette,WaitForProposer,1503014813,28,4,False
8,12,h258dp0w,7,ultimatum_windfall_vignette,Accept,1503014839,26,4,False
8,12,h258dp0w,8,ultimatum_windfall_vignette,ResultsWaitPage,1503014839,0,4,False
8,12,h258dp0w,9,ultimatum_windfall_vignette,Results,1503015116,277,4,False
8,12,h258dp0w,10,ultimatum_windfall_vignette,Validation,1503015121,5,4,False
8,13,eydpzbpp,1,consent_start2_copy,Consent,1503018389,3608,4,True
8,13,eydpzbpp,2,consent_start2_copy,Introduction,1503020200,1811,4,True
8,14,s4k7jzda,1,consent_start2_copy,Consent,1503015879,1096,4,False
8,14,s4k7jzda,2,consent_start2_copy,Introduction,1503015892,13,4,False
8,14,s4k7jzda,3,consent_start2_copy,Proceed,1503015897,5,4,False
8,14,s4k7jzda,4,ultimatum_windfall_vignette,WaitToStart,1503015897,0,4,False
8,14,s4k7jzda,6,ultimatum_windfall_vignette,WaitForProposer,1503016173,276,4,False
8,14,s4k7jzda,7,ultimatum_windfall_vignette,Accept,1503016482,309,4,True
8,14,s4k7jzda,8,ultimatum_windfall_vignette,ResultsWaitPage,1503016482,0,4,False
8,15,f9ri5luv,1,consent_start2_copy,Consent,1503015159,32,4,False
8,15,f9ri5luv,2,consent_start2_copy,Introduction,1503015186,27,4,False
8,15,f9ri5luv,3,consent_start2_copy,Proceed,1503015208,22,4,False
8,15,f9ri5luv,4,ultimatum_windfall_vignette,WaitToStart,1503015209,1,4,False
8,15,f9ri5luv,6,ultimatum_windfall_vignette,WaitForProposer,1503015288,79,4,False
8,15,f9ri5luv,7,ultimatum_windfall_vignette,Accept,1503015317,29,4,False
8,15,f9ri5luv,8,ultimatum_windfall_vignette,ResultsWaitPage,1503015317,0,4,False
8,15,f9ri5luv,9,ultimatum_windfall_vignette,Results,1503015490,173,4,False
8,15,f9ri5luv,10,ultimatum_windfall_vignette,Validation,1503015495,5,4,False
8,16,y0dzrigk,1,consent_start2_copy,Consent,1503018780,3612,4,True
8,16,y0dzrigk,2,consent_start2_copy,Introduction,1503020591,1811,4,True
8,17,gvbe60sh,1,consent_start2_copy,Consent,1503015344,25,4,False
8,17,gvbe60sh,2,consent_start2_copy,Introduction,1503015366,22,4,False
8,17,gvbe60sh,3,consent_start2_copy,Proceed,1503015377,11,4,False
8,17,gvbe60sh,4,ultimatum_windfall_vignette,WaitToStart,1503015465,88,4,False
8,17,gvbe60sh,5,ultimatum_windfall_vignette,Offer,1503015497,32,4,False
8,17,gvbe60sh,6,ultimatum_windfall_vignette,WaitForProposer,1503015497,0,4,False
8,17,gvbe60sh,8,ultimatum_windfall_vignette,ResultsWaitPage,1503015501,4,4,False
8,17,gvbe60sh,9,ultimatum_windfall_vignette,Results,1503015635,134,4,False
8,17,gvbe60sh,10,ultimatum_windfall_vignette,Validation,1503015640,5,4,False
8,18,4k8x65p2,1,consent_start2_copy,Consent,1503019115,3613,4,True
8,18,4k8x65p2,2,consent_start2_copy,Introduction,1503020926,1811,4,True
8,19,s6xnuslq,1,consent_start2_copy,Consent,1503015527,8,4,False
8,19,s6xnuslq,2,consent_start2_copy,Introduction,1503015538,11,4,False
8,19,s6xnuslq,3,consent_start2_copy,Proceed,1503015542,4,4,False
8,19,s6xnuslq,4,ultimatum_windfall_vignette,WaitToStart,1503015913,371,4,False
8,19,s6xnuslq,5,ultimatum_windfall_vignette,Offer,1503016159,246,4,False
8,19,s6xnuslq,6,ultimatum_windfall_vignette,WaitForProposer,1503016159,0,4,False
8,19,s6xnuslq,8,ultimatum_windfall_vignette,ResultsWaitPage,1503016493,334,4,False
8,19,s6xnuslq,9,ultimatum_windfall_vignette,Results,1503016769,276,4,False
8,19,s6xnuslq,10,ultimatum_windfall_vignette,Validation,1503016771,2,4,False
8,20,mo77xtxt,1,consent_start2_copy,Consent,1503015933,227,4,False
8,20,mo77xtxt,2,consent_start2_copy,Introduction,1503015938,5,4,False
8,20,mo77xtxt,3,consent_start2_copy,Proceed,1503015945,7,4,False
8,20,mo77xtxt,4,ultimatum_windfall_vignette,WaitToStart,1503015985,40,4,False
8,20,mo77xtxt,5,ultimatum_windfall_vignette,Offer,1503016010,25,4,False
8,20,mo77xtxt,6,ultimatum_windfall_vignette,WaitForProposer,1503016010,0,4,False
8,20,mo77xtxt,8,ultimatum_windfall_vignette,ResultsWaitPage,1503016041,31,4,False
8,21,56zu748p,1,consent_start2_copy,Consent,1503015938,7,4,False
8,21,56zu748p,2,consent_start2_copy,Introduction,1503015969,31,4,False
8,21,56zu748p,3,consent_start2_copy,Proceed,1503015984,15,4,False
8,21,56zu748p,4,ultimatum_windfall_vignette,WaitToStart,1503015985,1,4,False
8,21,56zu748p,6,ultimatum_windfall_vignette,WaitForProposer,1503016010,25,4,False
8,21,56zu748p,7,ultimatum_windfall_vignette,Accept,1503016041,31,4,False
8,21,56zu748p,8,ultimatum_windfall_vignette,ResultsWaitPage,1503016041,0,4,False
8,21,56zu748p,9,ultimatum_windfall_vignette,Results,1503016151,110,4,False
8,21,56zu748p,10,ultimatum_windfall_vignette,Validation,1503016154,3,4,False
8,22,h0i4ecav,1,consent_start2_copy,Consent,1503015968,7,4,False
8,22,h0i4ecav,2,consent_start2_copy,Introduction,1503015994,26,4,False
8,22,h0i4ecav,3,consent_start2_copy,Proceed,1503016020,26,4,False
8,22,h0i4ecav,4,ultimatum_windfall_vignette,WaitToStart,1503016247,227,4,False
8,22,h0i4ecav,5,ultimatum_windfall_vignette,Offer,1503016275,28,4,False
8,22,h0i4ecav,6,ultimatum_windfall_vignette,WaitForProposer,1503016275,0,4,False
8,22,h0i4ecav,8,ultimatum_windfall_vignette,ResultsWaitPage,1503016295,20,4,False
8,22,h0i4ecav,9,ultimatum_windfall_vignette,Results,1503016412,117,4,False
8,22,h0i4ecav,10,ultimatum_windfall_vignette,Validation,1503016418,6,4,False
8,23,qkvyck7d,1,consent_start2_copy,Consent,1503017429,1357,4,False
8,23,qkvyck7d,2,consent_start2_copy,Introduction,1503017434,5,4,False
8,23,qkvyck7d,3,consent_start2_copy,Proceed,1503017436,2,4,False
8,23,qkvyck7d,4,ultimatum_windfall_vignette,WaitToStart,1503017436,0,4,False
8,23,qkvyck7d,6,ultimatum_windfall_vignette,WaitForProposer,1503017759,323,4,False
8,23,qkvyck7d,7,ultimatum_windfall_vignette,Accept,1503017870,111,4,False
8,23,qkvyck7d,8,ultimatum_windfall_vignette,ResultsWaitPage,1503017870,0,4,False
8,23,qkvyck7d,9,ultimatum_windfall_vignette,Results,1503017959,89,4,False
8,23,qkvyck7d,10,ultimatum_windfall_vignette,Validation,1503017962,3,4,False
8,24,gu2b809t,1,consent_start2_copy,Consent,1503016388,19,4,False
8,24,gu2b809t,2,consent_start2_copy,Introduction,1503016401,13,4,False
8,24,gu2b809t,3,consent_start2_copy,Proceed,1503016409,8,4,False
8,24,gu2b809t,4,ultimatum_windfall_vignette,WaitToStart,1503016451,42,4,False
8,24,gu2b809t,5,ultimatum_windfall_vignette,Offer,1503016756,305,4,True
8,24,gu2b809t,6,ultimatum_windfall_vignette,WaitForProposer,1503016757,1,4,False
8,24,gu2b809t,8,ultimatum_windfall_vignette,ResultsWaitPage,1503017080,323,4,False
8,24,gu2b809t,9,ultimatum_windfall_vignette,Results,1503017535,455,4,False
8,25,gb557t1n,1,consent_start2_copy,Consent,1503016234,19,4,False
8,25,gb557t1n,2,consent_start2_copy,Introduction,1503016244,10,4,False
8,25,gb557t1n,3,consent_start2_copy,Proceed,1503016246,2,4,False
8,25,gb557t1n,4,ultimatum_windfall_vignette,WaitToStart,1503016247,1,4,False
8,25,gb557t1n,6,ultimatum_windfall_vignette,WaitForProposer,1503016276,29,4,False
8,25,gb557t1n,7,ultimatum_windfall_vignette,Accept,1503016294,18,4,False
8,25,gb557t1n,8,ultimatum_windfall_vignette,ResultsWaitPage,1503016295,1,4,False
8,25,gb557t1n,9,ultimatum_windfall_vignette,Results,1503016557,262,4,False
8,25,gb557t1n,10,ultimatum_windfall_vignette,Validation,1503016689,132,4,False
8,26,lwgdrb4h,1,consent_start2_copy,Consent,1503016402,38,4,False
8,26,lwgdrb4h,2,consent_start2_copy,Introduction,1503016417,15,4,False
8,26,lwgdrb4h,3,consent_start2_copy,Proceed,1503016436,19,4,False
8,26,lwgdrb4h,4,ultimatum_windfall_vignette,WaitToStart,1503016443,7,4,False
8,26,lwgdrb4h,6,ultimatum_windfall_vignette,WaitForProposer,1503016768,325,4,False
8,26,lwgdrb4h,7,ultimatum_windfall_vignette,Accept,1503017079,311,4,True
8,26,lwgdrb4h,8,ultimatum_windfall_vignette,ResultsWaitPage,1503017079,0,4,False
8,27,5ht9b5fj,1,consent_start2_copy,Consent,1503020271,3613,4,True
8,27,5ht9b5fj,2,consent_start2_copy,Introduction,1503022083,1812,4,True
8,28,6bopez6t,1,consent_start2_copy,Consent,1503020311,3610,4,True
8,28,6bopez6t,2,consent_start2_copy,Introduction,1503022123,1812,4,True
8,29,kyxa0bq6,1,consent_start2_copy,Consent,1503016803,16,4,False
8,29,kyxa0bq6,2,consent_start2_copy,Introduction,1503016816,13,4,False
8,29,kyxa0bq6,3,consent_start2_copy,Proceed,1503016829,13,4,False
8,29,kyxa0bq6,4,ultimatum_windfall_vignette,WaitToStart,1503016863,34,4,False
8,29,kyxa0bq6,5,ultimatum_windfall_vignette,Offer,1503016892,29,4,False
8,29,kyxa0bq6,6,ultimatum_windfall_vignette,WaitForProposer,1503016893,1,4,False
8,29,kyxa0bq6,8,ultimatum_windfall_vignette,ResultsWaitPage,1503016922,29,4,False
8,29,kyxa0bq6,9,ultimatum_windfall_vignette,Results,1503017034,112,4,False
8,29,kyxa0bq6,10,ultimatum_windfall_vignette,Validation,1503017036,2,4,False
8,30,61ie764a,1,consent_start2_copy,Consent,1503016840,20,4,False
8,30,61ie764a,2,consent_start2_copy,Introduction,1503016852,12,4,False
8,30,61ie764a,3,consent_start2_copy,Proceed,1503016862,10,4,False
8,30,61ie764a,4,ultimatum_windfall_vignette,WaitToStart,1503016862,0,4,False
8,30,61ie764a,6,ultimatum_windfall_vignette,WaitForProposer,1503016894,32,4,False
8,30,61ie764a,7,ultimatum_windfall_vignette,Accept,1503016919,25,4,False
8,30,61ie764a,8,ultimatum_windfall_vignette,ResultsWaitPage,1503016921,2,4,False
8,30,61ie764a,9,ultimatum_windfall_vignette,Results,1503017103,182,4,False
8,30,61ie764a,10,ultimatum_windfall_vignette,Validation,1503017108,5,4,False
8,31,yil5bxpe,1,consent_start2_copy,Consent,1503016927,6,4,False
8,31,yil5bxpe,2,consent_start2_copy,Introduction,1503016938,11,4,False
8,31,yil5bxpe,3,consent_start2_copy,Proceed,1503016981,43,4,False
8,31,yil5bxpe,4,ultimatum_windfall_vignette,WaitToStart,1503017368,387,4,False
8,31,yil5bxpe,5,ultimatum_windfall_vignette,Offer,1503017605,237,4,False
8,31,yil5bxpe,6,ultimatum_windfall_vignette,WaitForProposer,1503017606,1,4,False
8,31,yil5bxpe,8,ultimatum_windfall_vignette,ResultsWaitPage,1503017885,279,4,False
8,32,yzt0jsrn,1,consent_start2_copy,Consent,1503017120,11,4,False
8,32,yzt0jsrn,2,consent_start2_copy,Introduction,1503017127,7,4,False
8,33,52v4svun,1,consent_start2_copy,Consent,1503017329,26,4,False
8,33,52v4svun,2,consent_start2_copy,Introduction,1503017343,14,4,False
8,33,52v4svun,3,consent_start2_copy,Proceed,1503017354,11,4,False
8,33,52v4svun,4,ultimatum_windfall_vignette,WaitToStart,1503017355,1,4,False
8,33,52v4svun,6,ultimatum_windfall_vignette,WaitForProposer,1503017606,251,4,False
8,33,52v4svun,7,ultimatum_windfall_vignette,Accept,1503017872,266,4,False
8,33,52v4svun,8,ultimatum_windfall_vignette,ResultsWaitPage,1503017873,1,4,False
8,33,52v4svun,9,ultimatum_windfall_vignette,Results,1503017957,84,4,False
8,33,52v4svun,10,ultimatum_windfall_vignette,Validation,1503017961,4,4,False
8,34,75nb5b7q,1,consent_start2_copy,Consent,1503017416,54,4,False
8,34,75nb5b7q,2,consent_start2_copy,Introduction,1503019231,1815,4,True
8,35,qgniyv6y,1,consent_start2_copy,Consent,1503017379,12,4,False
8,35,qgniyv6y,2,consent_start2_copy,Introduction,1503017384,5,4,False
8,35,qgniyv6y,3,consent_start2_copy,Proceed,1503017390,6,4,False
8,35,qgniyv6y,4,ultimatum_windfall_vignette,WaitToStart,1503017449,59,4,False
8,35,qgniyv6y,5,ultimatum_windfall_vignette,Offer,1503017759,310,4,True
8,35,qgniyv6y,6,ultimatum_windfall_vignette,WaitForProposer,1503017759,0,4,False
8,35,qgniyv6y,8,ultimatum_windfall_vignette,ResultsWaitPage,1503017885,126,4,False
8,36,p9vegmlj,1,consent_start2_copy,Consent,1503017510,20,4,False
8,36,p9vegmlj,2,consent_start2_copy,Introduction,1503017523,13,4,False
8,36,p9vegmlj,3,consent_start2_copy,Proceed,1503017536,13,4,False
8,36,p9vegmlj,4,ultimatum_windfall_vignette,WaitToStart,1503017547,11,4,False
8,36,p9vegmlj,5,ultimatum_windfall_vignette,Offer,1503017574,27,4,False
8,36,p9vegmlj,6,ultimatum_windfall_vignette,WaitForProposer,1503017574,0,4,False
8,36,p9vegmlj,8,ultimatum_windfall_vignette,ResultsWaitPage,1503017630,56,4,False
8,36,p9vegmlj,9,ultimatum_windfall_vignette,Results,1503017756,126,4,False
8,36,p9vegmlj,10,ultimatum_windfall_vignette,Validation,1503017760,4,4,False
8,37,uuwdsf9n,1,consent_start2_copy,Consent,1503017536,9,4,False
8,37,uuwdsf9n,2,consent_start2_copy,Introduction,1503017541,5,4,False
8,37,uuwdsf9n,3,consent_start2_copy,Proceed,1503017546,5,4,False
8,37,uuwdsf9n,4,ultimatum_windfall_vignette,WaitToStart,1503017546,0,4,False
8,37,uuwdsf9n,6,ultimatum_windfall_vignette,WaitForProposer,1503017574,28,4,False
8,37,uuwdsf9n,7,ultimatum_windfall_vignette,Accept,1503017630,56,4,False
8,37,uuwdsf9n,8,ultimatum_windfall_vignette,ResultsWaitPage,1503017630,0,4,False
8,37,uuwdsf9n,9,ultimatum_windfall_vignette,Results,1503017695,65,4,False
8,37,uuwdsf9n,10,ultimatum_windfall_vignette,Validation,1503017710,15,4,False
8,38,aoq7a09i,1,consent_start2_copy,Consent,1503021236,3609,4,True
8,38,aoq7a09i,2,consent_start2_copy,Introduction,1503023049,1813,4,True
8,39,72e6jra4,1,consent_start2_copy,Consent,1503018220,18,4,False
8,39,72e6jra4,2,consent_start2_copy,Introduction,1503018241,21,4,False
8,39,72e6jra4,3,consent_start2_copy,Proceed,1503018256,15,4,False
8,39,72e6jra4,4,ultimatum_windfall_vignette,WaitToStart,1503018284,28,4,False
8,39,72e6jra4,5,ultimatum_windfall_vignette,Offer,1503018322,38,4,False
8,39,72e6jra4,6,ultimatum_windfall_vignette,WaitForProposer,1503018323,1,4,False
8,39,72e6jra4,8,ultimatum_windfall_vignette,ResultsWaitPage,1503018349,26,4,False
8,39,72e6jra4,9,ultimatum_windfall_vignette,Results,1503018516,167,4,False
8,39,72e6jra4,10,ultimatum_windfall_vignette,Validation,1503018526,10,4,False
8,40,7v4zm2b2,1,consent_start2_copy,Consent,1503018253,10,4,False
8,40,7v4zm2b2,2,consent_start2_copy,Introduction,1503018276,23,4,False
8,40,7v4zm2b2,3,consent_start2_copy,Proceed,1503018284,8,4,False
8,40,7v4zm2b2,4,ultimatum_windfall_vignette,WaitToStart,1503018284,0,4,False
8,40,7v4zm2b2,6,ultimatum_windfall_vignette,WaitForProposer,1503018323,39,4,False
8,40,7v4zm2b2,7,ultimatum_windfall_vignette,Accept,1503018348,25,4,False
8,40,7v4zm2b2,8,ultimatum_windfall_vignette,ResultsWaitPage,1503018348,0,4,False
8,40,7v4zm2b2,9,ultimatum_windfall_vignette,Results,1503018453,105,4,False
8,40,7v4zm2b2,10,ultimatum_windfall_vignette,Validation,1503018456,3,4,False
8,41,hss5907p,1,consent_start2_copy,Consent,1503018274,6,4,False
8,41,hss5907p,2,consent_start2_copy,Introduction,1503018281,7,4,False
8,41,hss5907p,3,consent_start2_copy,Proceed,1503018288,7,4,False
8,41,hss5907p,4,ultimatum_windfall_vignette,WaitToStart,1503018352,64,4,False
8,41,hss5907p,5,ultimatum_windfall_vignette,Offer,1503018373,21,4,False
8,41,hss5907p,6,ultimatum_windfall_vignette,WaitForProposer,1503018374,1,4,False
8,41,hss5907p,8,ultimatum_windfall_vignette,ResultsWaitPage,1503018406,32,4,False
8,41,hss5907p,9,ultimatum_windfall_vignette,Results,1503018504,98,4,False
8,41,hss5907p,10,ultimatum_windfall_vignette,Validation,1503018508,4,4,False
8,42,29h4oang,1,consent_start2_copy,Consent,1503018331,13,4,False
8,42,29h4oang,2,consent_start2_copy,Introduction,1503018340,9,4,False
8,42,29h4oang,3,consent_start2_copy,Proceed,1503018351,11,4,False
8,42,29h4oang,4,ultimatum_windfall_vignette,WaitToStart,1503018351,0,4,False
8,42,29h4oang,6,ultimatum_windfall_vignette,WaitForProposer,1503018374,23,4,False
8,42,29h4oang,7,ultimatum_windfall_vignette,Accept,1503018405,31,4,False
8,42,29h4oang,8,ultimatum_windfall_vignette,ResultsWaitPage,1503018405,0,4,False
8,42,29h4oang,9,ultimatum_windfall_vignette,Results,1503018501,96,4,False
8,42,29h4oang,10,ultimatum_windfall_vignette,Validation,1503018506,5,4,False
8,43,xow9agya,1,consent_start2_copy,Consent,1503018386,26,4,False
8,43,xow9agya,2,consent_start2_copy,Introduction,1503018393,7,4,False
8,43,xow9agya,3,consent_start2_copy,Proceed,1503018404,11,4,False
8,43,xow9agya,4,ultimatum_windfall_vignette,WaitToStart,1503018408,4,4,False
8,43,xow9agya,5,ultimatum_windfall_vignette,Offer,1503018428,20,4,False
8,43,xow9agya,6,ultimatum_windfall_vignette,WaitForProposer,1503018428,0,4,False
8,43,xow9agya,8,ultimatum_windfall_vignette,ResultsWaitPage,1503018453,25,4,False
8,43,xow9agya,9,ultimatum_windfall_vignette,Results,1503018558,105,4,False
8,43,xow9agya,10,ultimatum_windfall_vignette,Validation,1503018567,9,4,False
8,44,rqtzd6s0,1,consent_start2_copy,Consent,1503018395,30,4,False
8,44,rqtzd6s0,2,consent_start2_copy,Introduction,1503018403,8,4,False
8,44,rqtzd6s0,3,consent_start2_copy,Proceed,1503018406,3,4,False
8,44,rqtzd6s0,4,ultimatum_windfall_vignette,WaitToStart,1503018407,1,4,False
8,44,rqtzd6s0,6,ultimatum_windfall_vignette,WaitForProposer,1503018428,21,4,False
8,44,rqtzd6s0,7,ultimatum_windfall_vignette,Accept,1503018452,24,4,False
8,44,rqtzd6s0,8,ultimatum_windfall_vignette,ResultsWaitPage,1503018453,1,4,False
8,44,rqtzd6s0,9,ultimatum_windfall_vignette,Results,1503018505,52,4,False
8,44,rqtzd6s0,10,ultimatum_windfall_vignette,Validation,1503018531,26,4,False
8,45,ag4s7gvh,1,consent_start2_copy,Consent,1503018609,20,4,False
8,45,ag4s7gvh,2,consent_start2_copy,Introduction,1503018621,12,4,False
8,45,ag4s7gvh,3,consent_start2_copy,Proceed,1503018630,9,4,False
8,45,ag4s7gvh,4,ultimatum_windfall_vignette,WaitToStart,1503018951,321,4,False
8,45,ag4s7gvh,5,ultimatum_windfall_vignette,Offer,1503019218,267,4,False
8,45,ag4s7gvh,6,ultimatum_windfall_vignette,WaitForProposer,1503019219,1,4,False
8,45,ag4s7gvh,8,ultimatum_windfall_vignette,ResultsWaitPage,1503019543,324,4,False
8,45,ag4s7gvh,9,ultimatum_windfall_vignette,Results,1503019754,211,4,False
8,45,ag4s7gvh,10,ultimatum_windfall_vignette,Validation,1503019761,7,4,False
8,46,9fvhciq8,1,consent_start2_copy,Consent,1503022384,3613,4,True
8,46,9fvhciq8,2,consent_start2_copy,Introduction,1503024200,1816,4,True
8,47,bk1etg0d,1,consent_start2_copy,Consent,1503018898,17,4,False
8,47,bk1etg0d,2,consent_start2_copy,Introduction,1503018911,13,4,False
8,47,bk1etg0d,3,consent_start2_copy,Proceed,1503018938,27,4,False
8,47,bk1etg0d,4,ultimatum_windfall_vignette,WaitToStart,1503018939,1,4,False
8,47,bk1etg0d,6,ultimatum_windfall_vignette,WaitForProposer,1503019231,292,4,False
8,47,bk1etg0d,7,ultimatum_windfall_vignette,Accept,1503019541,310,4,True
8,47,bk1etg0d,8,ultimatum_windfall_vignette,ResultsWaitPage,1503019541,0,4,False
8,48,11kpg14e,1,consent_start2_copy,Consent,1503019036,39,4,False
8,48,11kpg14e,2,consent_start2_copy,Introduction,1503019050,14,4,False
8,48,11kpg14e,3,consent_start2_copy,Proceed,1503019063,13,4,False
8,48,11kpg14e,4,ultimatum_windfall_vignette,WaitToStart,1503019063,0,4,False
8,48,11kpg14e,6,ultimatum_windfall_vignette,WaitForProposer,1503019081,18,4,False
8,48,11kpg14e,7,ultimatum_windfall_vignette,Accept,1503019106,25,4,False
8,48,11kpg14e,8,ultimatum_windfall_vignette,ResultsWaitPage,1503019107,1,4,False
8,48,11kpg14e,9,ultimatum_windfall_vignette,Results,1503019219,112,4,False
8,48,11kpg14e,10,ultimatum_windfall_vignette,Validation,1503019230,11,4,False
8,49,yzkjxiqe,1,consent_start2_copy,Consent,1503019040,9,4,False
8,49,yzkjxiqe,2,consent_start2_copy,Introduction,1503019046,6,4,False
8,49,yzkjxiqe,3,consent_start2_copy,Proceed,1503019049,3,4,False
8,49,yzkjxiqe,4,ultimatum_windfall_vignette,WaitToStart,1503019064,15,4,False
8,49,yzkjxiqe,5,ultimatum_windfall_vignette,Offer,1503019080,16,4,False
8,49,yzkjxiqe,6,ultimatum_windfall_vignette,WaitForProposer,1503019081,1,4,False
8,49,yzkjxiqe,8,ultimatum_windfall_vignette,ResultsWaitPage,1503019108,27,4,False
8,49,yzkjxiqe,9,ultimatum_windfall_vignette,Results,1503019266,158,4,False
8,49,yzkjxiqe,10,ultimatum_windfall_vignette,Validation,1503019277,11,4,False
8,50,zep1wdmu,1,consent_start2_copy,Consent,1503019181,48,4,False
8,50,zep1wdmu,2,consent_start2_copy,Introduction,1503019220,39,4,False
8,50,zep1wdmu,3,consent_start2_copy,Proceed,1503019233,13,4,False
8,50,zep1wdmu,4,ultimatum_windfall_vignette,WaitToStart,1503019645,412,4,False
8,50,zep1wdmu,5,ultimatum_windfall_vignette,Offer,1503019872,227,4,False
8,50,zep1wdmu,6,ultimatum_windfall_vignette,WaitForProposer,1503019872,0,4,False
8,50,zep1wdmu,8,ultimatum_windfall_vignette,ResultsWaitPage,1503020197,325,4,False
8,50,zep1wdmu,9,ultimatum_windfall_vignette,Results,1503020421,224,4,False
8,50,zep1wdmu,10,ultimatum_windfall_vignette,Validation,1503020432,11,4,False
8,51,fj0l0d8g,1,consent_start2_copy,Consent,1503019616,28,4,False
8,51,fj0l0d8g,2,consent_start2_copy,Introduction,1503019624,8,4,False
8,51,fj0l0d8g,3,consent_start2_copy,Proceed,1503019634,10,4,False
8,51,fj0l0d8g,4,ultimatum_windfall_vignette,WaitToStart,1503019634,0,4,False
8,51,fj0l0d8g,6,ultimatum_windfall_vignette,WaitForProposer,1503019885,251,4,False
8,51,fj0l0d8g,7,ultimatum_windfall_vignette,Accept,1503020197,312,4,True
8,51,fj0l0d8g,8,ultimatum_windfall_vignette,ResultsWaitPage,1503020197,0,4,False
8,52,ubqodrxi,1,consent_start2_copy,Consent,1503022183,2552,4,False
8,52,ubqodrxi,2,consent_start2_copy,Introduction,1503022187,4,4,False
8,52,ubqodrxi,3,consent_start2_copy,Proceed,1503022191,4,4,False
8,52,ubqodrxi,4,ultimatum_windfall_vignette,WaitToStart,1503022210,19,4,False
8,52,ubqodrxi,5,ultimatum_windfall_vignette,Offer,1503022219,9,4,False
8,52,ubqodrxi,6,ultimatum_windfall_vignette,WaitForProposer,1503022220,1,4,False
8,52,ubqodrxi,8,ultimatum_windfall_vignette,ResultsWaitPage,1503022249,29,4,False
8,52,ubqodrxi,9,ultimatum_windfall_vignette,Results,1503022307,58,4,False
8,52,ubqodrxi,10,ultimatum_windfall_vignette,Validation,1503022315,8,4,False
8,53,p4guliw4,1,consent_start2_copy,Consent,1503019666,29,4,False
8,53,p4guliw4,2,consent_start2_copy,Introduction,1503019683,17,4,False
8,53,p4guliw4,3,consent_start2_copy,Proceed,1503019700,17,4,False
8,53,p4guliw4,4,ultimatum_windfall_vignette,WaitToStart,1503020091,391,4,False
8,53,p4guliw4,5,ultimatum_windfall_vignette,Offer,1503020198,107,4,False
8,53,p4guliw4,6,ultimatum_windfall_vignette,WaitForProposer,1503020198,0,4,False
8,53,p4guliw4,8,ultimatum_windfall_vignette,ResultsWaitPage,1503020531,333,4,False
8,54,o6sbx3ij,1,consent_start2_copy,Consent,1503020062,5,4,False
8,54,o6sbx3ij,2,consent_start2_copy,Introduction,1503020067,5,4,False
8,54,o6sbx3ij,3,consent_start2_copy,Proceed,1503020079,12,4,False
8,54,o6sbx3ij,4,ultimatum_windfall_vignette,WaitToStart,1503020080,1,4,False
8,54,o6sbx3ij,6,ultimatum_windfall_vignette,WaitForProposer,1503020211,131,4,False
8,54,o6sbx3ij,7,ultimatum_windfall_vignette,Accept,1503020521,310,4,True
8,54,o6sbx3ij,8,ultimatum_windfall_vignette,ResultsWaitPage,1503020521,0,4,False
8,55,xuk79v7q,1,consent_start2_copy,Consent,1503020305,11,4,False
8,55,xuk79v7q,2,consent_start2_copy,Introduction,1503020316,11,4,False
8,55,xuk79v7q,3,consent_start2_copy,Proceed,1503020321,5,4,False
8,55,xuk79v7q,4,ultimatum_windfall_vignette,WaitToStart,1503020402,81,4,False
8,55,xuk79v7q,5,ultimatum_windfall_vignette,Offer,1503020429,27,4,False
8,55,xuk79v7q,6,ultimatum_windfall_vignette,WaitForProposer,1503020429,0,4,False
8,55,xuk79v7q,8,ultimatum_windfall_vignette,ResultsWaitPage,1503020448,19,4,False
8,55,xuk79v7q,9,ultimatum_windfall_vignette,Results,1503020547,99,4,False
8,55,xuk79v7q,10,ultimatum_windfall_vignette,Validation,1503020550,3,4,False
8,56,mqnnahea,1,consent_start2_copy,Consent,1503020372,55,4,False
8,56,mqnnahea,2,consent_start2_copy,Introduction,1503020388,16,4,False
8,56,mqnnahea,3,consent_start2_copy,Proceed,1503020402,14,4,False
8,56,mqnnahea,4,ultimatum_windfall_vignette,WaitToStart,1503020402,0,4,False
8,56,mqnnahea,6,ultimatum_windfall_vignette,WaitForProposer,1503020430,28,4,False
8,56,mqnnahea,7,ultimatum_windfall_vignette,Accept,1503020448,18,4,False
8,56,mqnnahea,8,ultimatum_windfall_vignette,ResultsWaitPage,1503020448,0,4,False
8,56,mqnnahea,9,ultimatum_windfall_vignette,Results,1503020620,172,4,False
8,57,tpj4jbs0,1,consent_start2_copy,Consent,1503020416,11,4,False
8,57,tpj4jbs0,2,consent_start2_copy,Introduction,1503020423,7,4,False
8,57,tpj4jbs0,3,consent_start2_copy,Proceed,1503020430,7,4,False
8,57,tpj4jbs0,4,ultimatum_windfall_vignette,WaitToStart,1503020579,149,4,False
8,57,tpj4jbs0,5,ultimatum_windfall_vignette,Offer,1503020653,74,4,False
8,57,tpj4jbs0,6,ultimatum_windfall_vignette,WaitForProposer,1503020653,0,4,False
8,57,tpj4jbs0,8,ultimatum_windfall_vignette,ResultsWaitPage,1503020681,28,4,False
8,57,tpj4jbs0,9,ultimatum_windfall_vignette,Results,1503020892,211,4,False
8,57,tpj4jbs0,10,ultimatum_windfall_vignette,Validation,1503020894,2,4,False
8,58,xxoyjkon,1,consent_start2_copy,Consent,1503020548,19,4,False
8,58,xxoyjkon,2,consent_start2_copy,Introduction,1503020565,17,4,False
8,58,xxoyjkon,3,consent_start2_copy,Proceed,1503020579,14,4,False
8,58,xxoyjkon,4,ultimatum_windfall_vignette,WaitToStart,1503020579,0,4,False
8,58,xxoyjkon,6,ultimatum_windfall_vignette,WaitForProposer,1503020653,74,4,False
8,58,xxoyjkon,7,ultimatum_windfall_vignette,Accept,1503020681,28,4,False
8,58,xxoyjkon,8,ultimatum_windfall_vignette,ResultsWaitPage,1503020681,0,4,False
8,58,xxoyjkon,9,ultimatum_windfall_vignette,Results,1503020829,148,4,False
8,58,xxoyjkon,10,ultimatum_windfall_vignette,Validation,1503020833,4,4,False
8,59,h5ab43rf,1,consent_start2_copy,Consent,1503020713,24,4,False
8,59,h5ab43rf,2,consent_start2_copy,Introduction,1503020726,13,4,False
8,59,h5ab43rf,3,consent_start2_copy,Proceed,1503020740,14,4,False
8,59,h5ab43rf,4,ultimatum_windfall_vignette,WaitToStart,1503020790,50,4,False
8,59,h5ab43rf,5,ultimatum_windfall_vignette,Offer,1503020823,33,4,False
8,59,h5ab43rf,6,ultimatum_windfall_vignette,WaitForProposer,1503020824,1,4,False
8,59,h5ab43rf,8,ultimatum_windfall_vignette,ResultsWaitPage,1503020848,24,4,False
8,59,h5ab43rf,9,ultimatum_windfall_vignette,Results,1503020991,143,4,False
8,59,h5ab43rf,10,ultimatum_windfall_vignette,Validation,1503020996,5,4,False
8,60,ojky73go,1,consent_start2_copy,Consent,1503020772,16,4,False
8,60,ojky73go,2,consent_start2_copy,Introduction,1503020779,7,4,False
8,60,ojky73go,3,consent_start2_copy,Proceed,1503020789,10,4,False
8,60,ojky73go,4,ultimatum_windfall_vignette,WaitToStart,1503020790,1,4,False
8,60,ojky73go,6,ultimatum_windfall_vignette,WaitForProposer,1503020824,34,4,False
8,60,ojky73go,7,ultimatum_windfall_vignette,Accept,1503020847,23,4,False
8,60,ojky73go,8,ultimatum_windfall_vignette,ResultsWaitPage,1503020848,1,4,False
8,60,ojky73go,9,ultimatum_windfall_vignette,Results,1503021005,157,4,False
8,60,ojky73go,10,ultimatum_windfall_vignette,Validation,1503021009,4,4,False
8,61,v14ptdi2,1,consent_start2_copy,Consent,1503020958,59,4,False
8,61,v14ptdi2,2,consent_start2_copy,Introduction,1503020988,30,4,False
8,61,v14ptdi2,3,consent_start2_copy,Proceed,1503021007,19,4,False
8,61,v14ptdi2,4,ultimatum_windfall_vignette,WaitToStart,1503021356,349,4,False
8,61,v14ptdi2,5,ultimatum_windfall_vignette,Offer,1503021668,312,4,True
8,61,v14ptdi2,6,ultimatum_windfall_vignette,WaitForProposer,1503021668,0,4,False
8,61,v14ptdi2,8,ultimatum_windfall_vignette,ResultsWaitPage,1503021712,44,4,False
8,62,gl8cuwzo,1,consent_start2_copy,Consent,1503024836,3614,4,True
8,62,gl8cuwzo,2,consent_start2_copy,Introduction,1503026647,1811,4,True
8,63,h9sr2fiu,1,consent_start2_copy,Consent,1503021306,82,4,False
8,63,h9sr2fiu,2,consent_start2_copy,Introduction,1503021326,20,4,False
8,63,h9sr2fiu,3,consent_start2_copy,Proceed,1503021343,17,4,False
8,63,h9sr2fiu,4,ultimatum_windfall_vignette,WaitToStart,1503021343,0,4,False
8,63,h9sr2fiu,6,ultimatum_windfall_vignette,WaitForProposer,1503021669,326,4,False
8,63,h9sr2fiu,7,ultimatum_windfall_vignette,Accept,1503021701,32,4,False
8,63,h9sr2fiu,8,ultimatum_windfall_vignette,ResultsWaitPage,1503021701,0,4,False
8,64,trwq0b7c,1,consent_start2_copy,Consent,1503021444,46,4,False
8,64,trwq0b7c,2,consent_start2_copy,Introduction,1503021466,22,4,False
8,64,trwq0b7c,3,consent_start2_copy,Proceed,1503021480,14,4,False
8,64,trwq0b7c,4,ultimatum_windfall_vignette,WaitToStart,1503021579,99,4,False
8,64,trwq0b7c,5,ultimatum_windfall_vignette,Offer,1503021616,37,4,False
8,64,trwq0b7c,6,ultimatum_windfall_vignette,WaitForProposer,1503021617,1,4,False
8,64,trwq0b7c,8,ultimatum_windfall_vignette,ResultsWaitPage,1503021644,27,4,False
8,64,trwq0b7c,9,ultimatum_windfall_vignette,Results,1503021829,185,4,False
8,64,trwq0b7c,10,ultimatum_windfall_vignette,Validation,1503021833,4,4,False
8,65,1ka1xijo,1,consent_start2_copy,Consent,1503021539,36,4,False
8,65,1ka1xijo,2,consent_start2_copy,Introduction,1503021555,16,4,False
8,65,1ka1xijo,3,consent_start2_copy,Proceed,1503021577,22,4,False
8,65,1ka1xijo,4,ultimatum_windfall_vignette,WaitToStart,1503021578,1,4,False
8,65,1ka1xijo,6,ultimatum_windfall_vignette,WaitForProposer,1503021617,39,4,False
8,65,1ka1xijo,7,ultimatum_windfall_vignette,Accept,1503021643,26,4,False
8,65,1ka1xijo,8,ultimatum_windfall_vignette,ResultsWaitPage,1503021644,1,4,False
8,65,1ka1xijo,9,ultimatum_windfall_vignette,Results,1503021811,167,4,False
8,65,1ka1xijo,10,ultimatum_windfall_vignette,Validation,1503021817,6,4,False
8,66,mkkh75x0,1,consent_start2_copy,Consent,1503021644,8,4,False
8,66,mkkh75x0,2,consent_start2_copy,Introduction,1503021649,5,4,False
8,66,mkkh75x0,3,consent_start2_copy,Proceed,1503021652,3,4,False
8,66,mkkh75x0,4,ultimatum_windfall_vignette,WaitToStart,1503021841,189,4,False
8,66,mkkh75x0,5,ultimatum_windfall_vignette,Offer,1503021852,11,4,False
8,66,mkkh75x0,6,ultimatum_windfall_vignette,WaitForProposer,1503021852,0,4,False
8,66,mkkh75x0,8,ultimatum_windfall_vignette,ResultsWaitPage,1503021871,19,4,False
8,66,mkkh75x0,9,ultimatum_windfall_vignette,Results,1503021973,102,4,False
8,66,mkkh75x0,10,ultimatum_windfall_vignette,Validation,1503021976,3,4,False
8,67,y2b8t87r,1,consent_start2_copy,Consent,1503021819,122,4,False
8,67,y2b8t87r,2,consent_start2_copy,Introduction,1503021838,19,4,False
8,67,y2b8t87r,3,consent_start2_copy,Proceed,1503021861,23,4,False
8,67,y2b8t87r,4,ultimatum_windfall_vignette,WaitToStart,1503021968,107,4,False
8,67,y2b8t87r,5,ultimatum_windfall_vignette,Offer,1503022102,134,4,False
8,67,y2b8t87r,6,ultimatum_windfall_vignette,WaitForProposer,1503022103,1,4,False
8,67,y2b8t87r,8,ultimatum_windfall_vignette,ResultsWaitPage,1503022134,31,4,False
8,67,y2b8t87r,9,ultimatum_windfall_vignette,Results,1503022372,238,4,False
8,67,y2b8t87r,10,ultimatum_windfall_vignette,Validation,1503022380,8,4,False
8,68,t0owb28t,1,consent_start2_copy,Consent,1503021824,7,4,False
8,68,t0owb28t,2,consent_start2_copy,Introduction,1503021831,7,4,False
8,68,t0owb28t,3,consent_start2_copy,Proceed,1503021840,9,4,False
8,68,t0owb28t,4,ultimatum_windfall_vignette,WaitToStart,1503021840,0,4,False
8,68,t0owb28t,6,ultimatum_windfall_vignette,WaitForProposer,1503021853,13,4,False
8,68,t0owb28t,7,ultimatum_windfall_vignette,Accept,1503021869,16,4,False
8,68,t0owb28t,8,ultimatum_windfall_vignette,ResultsWaitPage,1503021870,1,4,False
8,68,t0owb28t,9,ultimatum_windfall_vignette,Results,1503022048,178,4,False
8,68,t0owb28t,10,ultimatum_windfall_vignette,Validation,1503022057,9,4,False
8,69,8vsure7m,1,consent_start2_copy,Consent,1503021950,12,4,False
8,69,8vsure7m,2,consent_start2_copy,Introduction,1503021964,14,4,False
8,69,8vsure7m,3,consent_start2_copy,Proceed,1503021966,2,4,False
8,69,8vsure7m,4,ultimatum_windfall_vignette,WaitToStart,1503021966,0,4,False
8,69,8vsure7m,6,ultimatum_windfall_vignette,WaitForProposer,1503022104,138,4,False
8,69,8vsure7m,7,ultimatum_windfall_vignette,Accept,1503022133,29,4,False
8,69,8vsure7m,8,ultimatum_windfall_vignette,ResultsWaitPage,1503022133,0,4,False
8,69,8vsure7m,9,ultimatum_windfall_vignette,Results,1503022303,170,4,False
8,69,8vsure7m,10,ultimatum_windfall_vignette,Validation,1503022308,5,4,False
8,70,ri8hlz4g,1,consent_start2_copy,Consent,1503022058,6,4,False
8,70,ri8hlz4g,2,consent_start2_copy,Introduction,1503022061,3,4,False
8,70,ri8hlz4g,3,consent_start2_copy,Proceed,1503022066,5,4,False
8,70,ri8hlz4g,4,ultimatum_windfall_vignette,WaitToStart,1503022118,52,4,False
8,70,ri8hlz4g,5,ultimatum_windfall_vignette,Offer,1503022428,310,4,True
8,70,ri8hlz4g,6,ultimatum_windfall_vignette,WaitForProposer,1503022428,0,4,False
8,70,ri8hlz4g,8,ultimatum_windfall_vignette,ResultsWaitPage,1503022768,340,4,False
8,71,rmgprzxf,1,consent_start2_copy,Consent,1503025680,3609,4,True
8,72,ti519ept,1,consent_start2_copy,Consent,1503022100,5,4,False
8,72,ti519ept,2,consent_start2_copy,Introduction,1503022104,4,4,False
8,72,ti519ept,3,consent_start2_copy,Proceed,1503022106,2,4,False
8,72,ti519ept,4,ultimatum_windfall_vignette,WaitToStart,1503022106,0,4,False
8,72,ti519ept,6,ultimatum_windfall_vignette,WaitForProposer,1503022443,337,4,False
8,72,ti519ept,7,ultimatum_windfall_vignette,Accept,1503022754,311,4,True
8,72,ti519ept,8,ultimatum_windfall_vignette,ResultsWaitPage,1503022754,0,4,False
8,73,tbsqzb2v,1,consent_start2_copy,Consent,1503022190,66,4,False
8,73,tbsqzb2v,2,consent_start2_copy,Introduction,1503022210,20,4,False
8,73,tbsqzb2v,3,consent_start2_copy,Proceed,1503022222,12,4,False
8,73,tbsqzb2v,4,ultimatum_windfall_vignette,WaitToStart,1503022236,14,4,False
8,73,tbsqzb2v,5,ultimatum_windfall_vignette,Offer,1503022259,23,4,False
8,73,tbsqzb2v,6,ultimatum_windfall_vignette,WaitForProposer,1503022259,0,4,False
8,73,tbsqzb2v,8,ultimatum_windfall_vignette,ResultsWaitPage,1503022284,25,4,False
8,73,tbsqzb2v,9,ultimatum_windfall_vignette,Results,1503022405,121,4,False
8,73,tbsqzb2v,10,ultimatum_windfall_vignette,Validation,1503022410,5,4,False
8,74,acqr4fnv,1,consent_start2_copy,Consent,1503022157,23,4,False
8,74,acqr4fnv,2,consent_start2_copy,Introduction,1503022183,26,4,False
8,74,acqr4fnv,3,consent_start2_copy,Proceed,1503022209,26,4,False
8,74,acqr4fnv,4,ultimatum_windfall_vignette,WaitToStart,1503022210,1,4,False
8,74,acqr4fnv,6,ultimatum_windfall_vignette,WaitForProposer,1503022220,10,4,False
8,74,acqr4fnv,7,ultimatum_windfall_vignette,Accept,1503022248,28,4,False
8,74,acqr4fnv,8,ultimatum_windfall_vignette,ResultsWaitPage,1503022249,1,4,False
8,74,acqr4fnv,9,ultimatum_windfall_vignette,Results,1503022497,248,4,False
8,74,acqr4fnv,10,ultimatum_windfall_vignette,Validation,1503022505,8,4,False
8,75,e9izshf0,1,consent_start2_copy,Consent,1503022202,10,4,False
8,75,e9izshf0,2,consent_start2_copy,Introduction,1503022220,18,4,False
8,75,e9izshf0,3,consent_start2_copy,Proceed,1503022233,13,4,False
8,75,e9izshf0,4,ultimatum_windfall_vignette,WaitToStart,1503022236,3,4,False
8,75,e9izshf0,6,ultimatum_windfall_vignette,WaitForProposer,1503022259,23,4,False
8,75,e9izshf0,7,ultimatum_windfall_vignette,Accept,1503022284,25,4,False
8,75,e9izshf0,8,ultimatum_windfall_vignette,ResultsWaitPage,1503022284,0,4,False
8,75,e9izshf0,9,ultimatum_windfall_vignette,Results,1503022381,97,4,False
8,75,e9izshf0,10,ultimatum_windfall_vignette,Validation,1503022383,2,4,False
8,76,foun8c1z,1,consent_start2_copy,Consent,1503022284,26,4,False
8,76,foun8c1z,2,consent_start2_copy,Introduction,1503022293,9,4,False
8,76,foun8c1z,3,consent_start2_copy,Proceed,1503022300,7,4,False
8,76,foun8c1z,4,ultimatum_windfall_vignette,WaitToStart,1503022426,126,4,False
8,76,foun8c1z,5,ultimatum_windfall_vignette,Offer,1503022451,25,4,False
8,76,foun8c1z,6,ultimatum_windfall_vignette,WaitForProposer,1503022451,0,4,False
8,76,foun8c1z,8,ultimatum_windfall_vignette,ResultsWaitPage,1503022536,85,4,False
8,76,foun8c1z,9,ultimatum_windfall_vignette,Results,1503022605,69,4,False
8,76,foun8c1z,10,ultimatum_windfall_vignette,Validation,1503022607,2,4,False
8,77,3tibmq1w,1,consent_start2_copy,Consent,1503022394,10,4,False
8,77,3tibmq1w,2,consent_start2_copy,Introduction,1503022408,14,4,False
8,77,3tibmq1w,3,consent_start2_copy,Proceed,1503022426,18,4,False
8,77,3tibmq1w,4,ultimatum_windfall_vignette,WaitToStart,1503022426,0,4,False
8,77,3tibmq1w,6,ultimatum_windfall_vignette,WaitForProposer,1503022452,26,4,False
8,77,3tibmq1w,7,ultimatum_windfall_vignette,Accept,1503022536,84,4,False
8,77,3tibmq1w,8,ultimatum_windfall_vignette,ResultsWaitPage,1503022536,0,4,False
8,77,3tibmq1w,9,ultimatum_windfall_vignette,Results,1503022695,159,4,False
8,77,3tibmq1w,10,ultimatum_windfall_vignette,Validation,1503022702,7,4,False
8,78,r6htmixr,1,consent_start2_copy,Consent,1503022449,9,4,False
8,78,r6htmixr,2,consent_start2_copy,Introduction,1503022464,15,4,False
8,78,r6htmixr,3,consent_start2_copy,Proceed,1503022498,34,4,False
8,78,r6htmixr,4,ultimatum_windfall_vignette,WaitToStart,1503022678,180,4,False
8,78,r6htmixr,5,ultimatum_windfall_vignette,Offer,1503022711,33,4,False
8,78,r6htmixr,6,ultimatum_windfall_vignette,WaitForProposer,1503022712,1,4,False
8,78,r6htmixr,8,ultimatum_windfall_vignette,ResultsWaitPage,1503022728,16,4,False
8,78,r6htmixr,9,ultimatum_windfall_vignette,Results,1503022853,125,4,False
8,78,r6htmixr,10,ultimatum_windfall_vignette,Validation,1503022857,4,4,False
8,79,tjy8oejz,1,consent_start2_copy,Consent,1503022661,52,4,False
8,79,tjy8oejz,2,consent_start2_copy,Introduction,1503022671,10,4,False
8,79,tjy8oejz,3,consent_start2_copy,Proceed,1503022677,6,4,False
8,79,tjy8oejz,4,ultimatum_windfall_vignette,WaitToStart,1503022678,1,4,False
8,79,tjy8oejz,6,ultimatum_windfall_vignette,WaitForProposer,1503022712,34,4,False
8,79,tjy8oejz,7,ultimatum_windfall_vignette,Accept,1503022728,16,4,False
8,79,tjy8oejz,8,ultimatum_windfall_vignette,ResultsWaitPage,1503022728,0,4,False
8,79,tjy8oejz,9,ultimatum_windfall_vignette,Results,1503022803,75,4,False
8,79,tjy8oejz,10,ultimatum_windfall_vignette,Validation,1503022807,4,4,False
8,80,yd3w11j4,1,consent_start2_copy,Consent,1503022730,8,4,False
8,80,yd3w11j4,2,consent_start2_copy,Introduction,1503022733,3,4,False
8,80,yd3w11j4,3,consent_start2_copy,Proceed,1503022735,2,4,False
8,80,yd3w11j4,4,ultimatum_windfall_vignette,WaitToStart,1503023343,608,4,False
8,80,yd3w11j4,5,ultimatum_windfall_vignette,Offer,1503023655,312,4,True
8,80,yd3w11j4,6,ultimatum_windfall_vignette,WaitForProposer,1503023655,0,4,False
8,80,yd3w11j4,8,ultimatum_windfall_vignette,ResultsWaitPage,1503023694,39,4,False
8,81,ndv4vh2k,1,consent_start2_copy,Consent,1503026388,3612,4,True
8,82,yc3rmwnk,1,consent_start2_copy,Consent,1503023803,909,4,False
8,82,yc3rmwnk,2,consent_start2_copy,Introduction,1503023814,11,4,False
8,82,yc3rmwnk,3,consent_start2_copy,Proceed,1503023830,16,4,False
8,82,yc3rmwnk,4,ultimatum_windfall_vignette,WaitToStart,1503024320,490,4,False
8,82,yc3rmwnk,5,ultimatum_windfall_vignette,Offer,1503024633,313,4,True
8,82,yc3rmwnk,6,ultimatum_windfall_vignette,WaitForProposer,1503024633,0,4,False
8,82,yc3rmwnk,8,ultimatum_windfall_vignette,ResultsWaitPage,1503024970,337,4,False
8,83,c70cbzo2,1,consent_start2_copy,Consent,1503023365,106,4,False
8,83,c70cbzo2,2,consent_start2_copy,Introduction,1503023413,48,4,False
8,83,c70cbzo2,3,consent_start2_copy,Proceed,1503023443,30,4,False
8,83,c70cbzo2,4,ultimatum_windfall_vignette,WaitToStart,1503023443,0,4,False
8,83,c70cbzo2,6,ultimatum_windfall_vignette,WaitForProposer,1503023469,26,4,False
8,83,c70cbzo2,7,ultimatum_windfall_vignette,Accept,1503023517,48,4,False
8,83,c70cbzo2,8,ultimatum_windfall_vignette,ResultsWaitPage,1503023518,1,4,False
8,83,c70cbzo2,9,ultimatum_windfall_vignette,Results,1503023826,308,4,False
8,83,c70cbzo2,10,ultimatum_windfall_vignette,Validation,1503023833,7,4,False
8,84,wrov4cd4,1,consent_start2_copy,Consent,1503023314,11,4,False
8,84,wrov4cd4,2,consent_start2_copy,Introduction,1503023324,10,4,False
8,84,wrov4cd4,3,consent_start2_copy,Proceed,1503023333,9,4,False
8,84,wrov4cd4,4,ultimatum_windfall_vignette,WaitToStart,1503023333,0,4,False
8,84,wrov4cd4,6,ultimatum_windfall_vignette,WaitForProposer,1503023656,323,4,False
8,84,wrov4cd4,7,ultimatum_windfall_vignette,Accept,1503023680,24,4,False
8,84,wrov4cd4,8,ultimatum_windfall_vignette,ResultsWaitPage,1503023680,0,4,False
8,84,wrov4cd4,9,ultimatum_windfall_vignette,Results,1503023767,87,4,False
8,84,wrov4cd4,10,ultimatum_windfall_vignette,Validation,1503023770,3,4,False
8,85,r7wnkbxu,1,consent_start2_copy,Consent,1503023416,8,4,False
8,85,r7wnkbxu,2,consent_start2_copy,Introduction,1503023426,10,4,False
8,85,r7wnkbxu,3,consent_start2_copy,Proceed,1503023430,4,4,False
8,85,r7wnkbxu,4,ultimatum_windfall_vignette,WaitToStart,1503023444,14,4,False
8,85,r7wnkbxu,5,ultimatum_windfall_vignette,Offer,1503023468,24,4,False
8,85,r7wnkbxu,6,ultimatum_windfall_vignette,WaitForProposer,1503023468,0,4,False
8,85,r7wnkbxu,8,ultimatum_windfall_vignette,ResultsWaitPage,1503023518,50,4,False
8,85,r7wnkbxu,9,ultimatum_windfall_vignette,Results,1503023700,182,4,False
8,85,r7wnkbxu,10,ultimatum_windfall_vignette,Validation,1503023703,3,4,False
8,86,x8kar921,1,consent_start2_copy,Consent,1503023493,33,4,False
8,86,x8kar921,2,consent_start2_copy,Introduction,1503023511,18,4,False
8,86,x8kar921,3,consent_start2_copy,Proceed,1503023524,13,4,False
8,86,x8kar921,4,ultimatum_windfall_vignette,WaitToStart,1503023532,8,4,False
8,86,x8kar921,5,ultimatum_windfall_vignette,Offer,1503023555,23,4,False
8,86,x8kar921,6,ultimatum_windfall_vignette,WaitForProposer,1503023556,1,4,False
8,86,x8kar921,8,ultimatum_windfall_vignette,ResultsWaitPage,1503023584,28,4,False
8,86,x8kar921,9,ultimatum_windfall_vignette,Results,1503023734,150,4,False
8,86,x8kar921,10,ultimatum_windfall_vignette,Validation,1503023738,4,4,False
8,87,7wgmuk1j,1,consent_start2_copy,Consent,1503023506,30,4,False
8,87,7wgmuk1j,2,consent_start2_copy,Introduction,1503023519,13,4,False
8,87,7wgmuk1j,3,consent_start2_copy,Proceed,1503023532,13,4,False
8,87,7wgmuk1j,4,ultimatum_windfall_vignette,WaitToStart,1503023532,0,4,False
8,87,7wgmuk1j,6,ultimatum_windfall_vignette,WaitForProposer,1503023556,24,4,False
8,87,7wgmuk1j,7,ultimatum_windfall_vignette,Accept,1503023583,27,4,False
8,87,7wgmuk1j,8,ultimatum_windfall_vignette,ResultsWaitPage,1503023584,1,4,False
8,87,7wgmuk1j,9,ultimatum_windfall_vignette,Results,1503023758,174,4,False
8,87,7wgmuk1j,10,ultimatum_windfall_vignette,Validation,1503023763,5,4,False
8,88,y7qk0o2b,1,consent_start2_copy,Consent,1503025735,2034,4,False
8,88,y7qk0o2b,2,consent_start2_copy,Introduction,1503025746,11,4,False
8,88,y7qk0o2b,3,consent_start2_copy,Proceed,1503025750,4,4,False
8,88,y7qk0o2b,4,ultimatum_windfall_vignette,WaitToStart,1503026300,550,4,False
8,88,y7qk0o2b,5,ultimatum_windfall_vignette,Offer,1503026329,29,4,False
8,88,y7qk0o2b,6,ultimatum_windfall_vignette,WaitForProposer,1503026330,1,4,False
8,88,y7qk0o2b,8,ultimatum_windfall_vignette,ResultsWaitPage,1503026352,22,4,False
8,88,y7qk0o2b,9,ultimatum_windfall_vignette,Results,1503026448,96,4,False
8,88,y7qk0o2b,10,ultimatum_windfall_vignette,Validation,1503026452,4,4,False
8,89,3m32zuvo,1,consent_start2_copy,Consent,1503024230,176,4,False
8,89,3m32zuvo,2,consent_start2_copy,Introduction,1503024293,63,4,False
8,89,3m32zuvo,3,consent_start2_copy,Proceed,1503024307,14,4,False
8,89,3m32zuvo,4,ultimatum_windfall_vignette,WaitToStart,1503024307,0,4,False
8,89,3m32zuvo,6,ultimatum_windfall_vignette,WaitForProposer,1503024645,338,4,False
8,89,3m32zuvo,7,ultimatum_windfall_vignette,Accept,1503024958,313,4,True
8,89,3m32zuvo,8,ultimatum_windfall_vignette,ResultsWaitPage,1503024958,0,4,False
8,90,1vsb3i5t,1,consent_start2_copy,Consent,1503024489,19,4,False
8,90,1vsb3i5t,2,consent_start2_copy,Introduction,1503024499,10,4,False
8,90,1vsb3i5t,3,consent_start2_copy,Proceed,1503024507,8,4,False
8,90,1vsb3i5t,4,ultimatum_windfall_vignette,WaitToStart,1503025255,748,4,False
8,90,1vsb3i5t,5,ultimatum_windfall_vignette,Offer,1503025567,312,4,True
8,90,1vsb3i5t,6,ultimatum_windfall_vignette,WaitForProposer,1503025567,0,4,False
8,90,1vsb3i5t,8,ultimatum_windfall_vignette,ResultsWaitPage,1503025606,39,4,False
8,91,dommfmo0,1,consent_start2_copy,Consent,1503026277,1562,4,False
8,91,dommfmo0,2,consent_start2_copy,Introduction,1503026288,11,4,False
8,91,dommfmo0,3,consent_start2_copy,Proceed,1503026299,11,4,False
8,91,dommfmo0,4,ultimatum_windfall_vignette,WaitToStart,1503026299,0,4,False
8,91,dommfmo0,6,ultimatum_windfall_vignette,WaitForProposer,1503026330,31,4,False
8,91,dommfmo0,7,ultimatum_windfall_vignette,Accept,1503026352,22,4,False
8,91,dommfmo0,8,ultimatum_windfall_vignette,ResultsWaitPage,1503026352,0,4,False
8,91,dommfmo0,9,ultimatum_windfall_vignette,Results,1503026500,148,4,False
8,91,dommfmo0,10,ultimatum_windfall_vignette,Validation,1503026504,4,4,False
8,92,0dveanaq,1,consent_start2_copy,Consent,1503025216,7,4,False
8,92,0dveanaq,2,consent_start2_copy,Introduction,1503025228,12,4,False
8,92,0dveanaq,3,consent_start2_copy,Proceed,1503025241,13,4,False
8,92,0dveanaq,4,ultimatum_windfall_vignette,WaitToStart,1503025241,0,4,False
8,92,0dveanaq,6,ultimatum_windfall_vignette,WaitForProposer,1503025567,326,4,False
8,92,0dveanaq,7,ultimatum_windfall_vignette,Accept,1503025595,28,4,False
8,92,0dveanaq,8,ultimatum_windfall_vignette,ResultsWaitPage,1503025595,0,4,False
8,92,0dveanaq,9,ultimatum_windfall_vignette,Results,1503025704,109,4,False
8,92,0dveanaq,10,ultimatum_windfall_vignette,Validation,1503025709,5,4,False
