StartDate,EndDate,Status,IPAddress,Progress,Duration (in seconds),Finished,RecordedDate,ResponseId,RecipientLastName,RecipientFirstName,RecipientEmail,ExternalReference,LocationLatitude,LocationLongitude,DistributionChannel,UserLanguage,Q42_2,Q42_3,Q42_4,Q42_5,Q59_1,Q1_1,Q1_2,Q1_3,Q30,Q13,Q7_1,Q7_2,Q8_1,Q8_2,Q54,userid,mTurkCode
Start Date,End Date,Response Type,IP Address,Progress,Duration (in seconds),Finished,Recorded Date,Response ID,Recipient Last Name,Recipient First Name,Recipient Email,External Data Reference,Location Latitude,Location Longitude,Distribution Channel,User Language,"In a real life scenario, what percentage (0-100) amount do you consider to be a standard and fair... - Currency exchange fee?","In a real life scenario, what percentage (0-100) amount do you consider to be a standard and fair... - Brokerage commission fee?","In a real life scenario, what percentage (0-100) amount do you consider to be a standard and fair... - Online service charge?","In a real life scenario, what percentage (0-100) amount do you consider to be a standard and fair... - ATM fee?","In the interaction you just completed, around what amount ($0.00-1.00) did you expect to receive as a payoff? - $",Your basic demographic information - Age (years),Your basic demographic information - Occupation,Your basic demographic information - Nationality,What is your gender?,What was the setting of your scenario in this study?,How would you rate the following statement? - I thought the outcome of this experiment was fair,How would you rate the following statement? - Click the strongly agree option before continuing,Please rank your experience level with the following: - Converting types of currency,Please rank your experience level with the following: - International travel,Did you recognize this as a particular economic bargaining game from previous experience? (**Note: your answer will not affect your payment in any way),userid,mTurkCode
"{""ImportId"":""startDate""}","{""ImportId"":""endDate""}","{""ImportId"":""status""}","{""ImportId"":""ipAddress""}","{""ImportId"":""progress""}","{""ImportId"":""duration""}","{""ImportId"":""finished""}","{""ImportId"":""recordedDate""}","{""ImportId"":""_recordId""}","{""ImportId"":""recipientLastName""}","{""ImportId"":""recipientFirstName""}","{""ImportId"":""recipientEmail""}","{""ImportId"":""externalDataReference""}","{""ImportId"":""locationLatitude""}","{""ImportId"":""locationLongitude""}","{""ImportId"":""distributionChannel""}","{""ImportId"":""userLanguage""}","{""ImportId"":""QID49_2""}","{""ImportId"":""QID49_3""}","{""ImportId"":""QID49_4""}","{""ImportId"":""QID49_5""}","{""ImportId"":""QID67_1""}","{""ImportId"":""QID1_1""}","{""ImportId"":""QID1_2""}","{""ImportId"":""QID1_3""}","{""ImportId"":""QID38""}","{""ImportId"":""QID48""}","{""ImportId"":""QID7_1""}","{""ImportId"":""QID7_2""}","{""ImportId"":""QID8_1""}","{""ImportId"":""QID8_2""}","{""ImportId"":""QID62""}","{""ImportId"":""userid""}","{""ImportId"":""mTurkCode""}"
2017-07-28 11:40:29,2017-07-28 11:41:27,Survey Preview,,100,57,True,2017-07-28 11:41:27,R_3qNCdYewZDa4ivx,,,,,46.731292724609,-117.17959594727,preview,EN,5,5,5,5,,28,,,Male,International airport,Neither agree nor disagree,Neither agree nor disagree,Some experience,Some experience,Yes,,8862172
2017-07-28 11:51:51,2017-07-28 11:57:48,Survey Preview,,100,357,True,2017-07-28 11:57:49,R_1Fan7hASHddzWxS,,,,,46.731292724609,-117.17959594727,preview,EN,,,,,,28,no,,,Parking Lot,,,,,,,6069638
2017-07-28 11:58:39,2017-07-28 11:59:11,Survey Preview,,100,32,True,2017-07-28 11:59:12,R_cUv5b0HGogWFzih,,,,,46.731292724609,-117.17959594727,preview,EN,1,1,1,1,,,,,,International airport,Neither agree nor disagree,Neither agree nor disagree,Some experience,Some experience,,,4131197
2017-07-28 11:59:16,2017-07-28 11:59:46,Survey Preview,,100,29,True,2017-07-28 11:59:46,R_dcyiXhjfIRCS8j7,,,,,46.731292724609,-117.17959594727,preview,EN,1,1,1,1,,,,,,International airport,Neither agree nor disagree,Strongly agree,Higher than average,Some experience,No,,7568756
2017-07-28 12:05:06,2017-07-28 12:06:15,Survey Preview,,100,68,True,2017-07-28 12:06:16,R_1pA1EAamvp9yueh,,,,,46.731292724609,-117.17959594727,preview,EN,1,1,1,2,,,,,,International airport,Neither agree nor disagree,Strongly agree,Some experience,Some experience,No,,3624481
2017-07-28 12:41:32,2017-07-28 12:42:17,IP Address,69.166.45.107,100,45,True,2017-07-28 12:42:18,R_20lrBZg1YfSvK2l,,,,,46.731292724609,-117.17959594727,anonymous,EN,1,1,1,1,,,,,,International airport,Neither agree nor disagree,Strongly agree,Some experience,Some experience,No,dg16stic,3063580
2017-07-28 18:30:25,2017-07-28 18:31:19,IP Address,69.166.45.107,100,53,True,2017-07-28 18:31:19,R_1pyvMLczsn21TUa,,,,,46.731292724609,-117.17959594727,anonymous,EN,2,2,2,2,,,,,,Parking Lot,,,,,,jithlmzb,9827450
2017-07-28 18:43:59,2017-07-28 18:44:25,Survey Preview,,100,25,True,2017-07-28 18:44:25,R_3qJBq2iSOArKEeZ,,,,,46.731292724609,-117.17959594727,preview,EN,1,1,1,1,0.05,,,,,Shopping Mall,,,,,,,2209043
2017-07-29 17:08:19,2017-07-29 17:11:26,IP Address,173.240.248.245,100,187,True,2017-07-29 17:11:27,R_1r61EU13Ncmdftf,,,,,45.942001342773,-122.67230224609,anonymous,EN,10,10,10,10,0.21,55,Prof,USA,Male,International airport,Strongly agree,Strongly agree,Some experience,Higher than average,Yes,uutp3c9j,9676716
2017-07-28 23:08:45,2017-07-28 23:09:28,IP Address,69.166.45.107,25,43,False,2017-08-04 23:09:28,R_1Q45iad30tzwoNi,,,,,,,anonymous,EN,1,1,1,1,1,,,,,,,,,,,lmevl75z,6948219
2017-07-29 11:54:48,2017-07-29 11:55:00,IP Address,50.52.104.202,25,12,False,2017-08-05 12:50:30,R_3ipPu2Oh37aWRGE,,,,,,,anonymous,EN,1,1,1,1,0.26,,,,,,,,,,,4epvhiid,8215444
2017-08-01 10:31:16,2017-08-01 10:31:49,IP Address,69.166.45.107,25,32,False,2017-08-08 10:31:56,R_0ppwuhM0RFMSBON,,,,,,,anonymous,EN,1,1,1,1,1,,,,,,,,,,,6i0aw1gt,693477
2017-08-01 10:31:16,2017-08-01 10:31:56,IP Address,69.166.45.107,25,40,False,2017-08-08 10:32:01,R_1EjkRarbbnNwGQY,,,,,,,anonymous,EN,1,1,1,1,0.16,,,,,,,,,,,zy5ue2gs,1600803
2017-08-03 16:54:40,2017-08-03 16:55:21,IP Address,69.166.45.107,63,40,False,2017-08-10 16:55:30,R_3htDm1iG4nUiHb2,,,,,,,anonymous,EN,1,1,1,1,0.06,,,,,International airport,,,,,,ehsjkv7c,628941
2017-08-16 19:10:58,2017-08-16 19:11:51,IP Address,8.29.215.48,100,53,True,2017-08-16 19:11:52,R_AyUMapTCFal8jgl,,,,,43.224594116211,-77.592002868652,anonymous,EN,10,5,10,2,0.81,,,American,Male,International airport,Neither agree nor disagree,Strongly agree,Lower than average,Lower than average,No,z7rsvnv1,5293075
2017-08-16 19:10:58,2017-08-16 19:12:15,IP Address,104.156.115.18,100,77,True,2017-08-16 19:12:15,R_2a9vbtdHiUMDFsA,,,,,37.229705810547,-82.616401672363,anonymous,EN,1,0,0,0,0.99,30,driver,United States,Male,International airport,Somewhat disagree,Strongly agree,Lower than average,Lower than average,No,8d7tjgd9,2999178
2017-08-16 19:11:39,2017-08-16 19:12:36,IP Address,107.13.34.213,100,56,True,2017-08-16 19:12:36,R_d3TtO2wgQ5MEpwd,,,,,35.902206420898,-78.628303527832,anonymous,EN,5,5,5,5,0.5,39,personal trainer,USA,Male,Accounting firm,,,,,,0qi23kn9,7346608
2017-08-16 19:11:25,2017-08-16 19:12:40,IP Address,40.142.183.77,100,75,True,2017-08-16 19:12:41,R_C82PKkBh6TZRlUB,,,,,40.124099731445,-82.382797241211,anonymous,EN,3,5,1,0,0.1,33,researcher,USA,Female,International airport,Strongly agree,Strongly agree,Some experience,Lower than average,No,podiwdd7,9616125
2017-08-16 19:11:33,2017-08-16 19:12:43,IP Address,24.130.232.222,100,70,True,2017-08-16 19:12:43,R_3dXjgGpy09aVVNw,,,,,37.33479309082,-121.77809906006,anonymous,EN,3,2,5,2,0.1,33,software engineer,american,Male,Accounting firm,,,,,,m8shiwgu,5932423
2017-08-16 19:11:33,2017-08-16 19:12:50,IP Address,47.222.176.170,100,76,True,2017-08-16 19:12:50,R_2viyrpluTLgA50V,,,,,31.556503295898,-94.47989654541,anonymous,EN,10,5,3,1,0.9,41,homemaker,American,Female,International airport,Somewhat agree,Strongly agree,Some experience,Some experience,No,m5qjww6s,4541443
2017-08-16 19:11:40,2017-08-16 19:13:27,IP Address,104.162.78.175,100,107,True,2017-08-16 19:13:27,R_1CxTe0844wiO3HM,,,,,40.661697387695,-73.985496520996,anonymous,EN,7,8,2,4,0.18,33,"marketing coordinator ",USA,Male,Accounting firm,,,,,,1unswzzv,5529476
2017-08-16 19:11:49,2017-08-16 19:13:44,IP Address,174.106.151.2,100,114,True,2017-08-16 19:13:44,R_2TC2Faa8UlrtPeg,,,,,34.434692382812,-77.931503295898,anonymous,EN,2,2,1,1,1,32,part time mturker,American,Female,International airport,Somewhat agree,Strongly agree,Some experience,Some experience,No,1gbh7vwc,224268
2017-08-16 19:12:28,2017-08-16 19:13:50,IP Address,71.59.151.83,100,81,True,2017-08-16 19:13:51,R_3HLBNUfB0rIqFFF,,,,,45.514602661133,-122.5991973877,anonymous,EN,10,10,5,5,0.5,36,manager,American,Female,International airport,Somewhat agree,Strongly agree,Some experience,Some experience,No,e3zsluft,459264
2017-08-16 19:11:49,2017-08-16 19:13:51,IP Address,74.178.183.125,100,122,True,2017-08-16 19:13:52,R_WArTivXVdcV60Ux,,,,,30.457794189453,-87.258201599121,anonymous,EN,2,5,1,1,0.98,47,marketing analyst,american,Male,International airport,Strongly agree,Strongly agree,Lower than average,Lower than average,No,9ritgydn,3252025
2017-08-16 19:11:27,2017-08-16 19:13:56,IP Address,117.98.128.196,100,148,True,2017-08-16 19:13:57,R_0TzIsF2L5zVYWul,,,,,17.375305175781,78.474395751953,anonymous,EN,70,80,70,60,1,30,officer,indian,Male,Grocery Store,,,,,,0f1cacgr,7006586
2017-08-16 19:13:03,2017-08-16 19:14:02,IP Address,71.226.78.136,100,59,True,2017-08-16 19:14:03,R_qFzkKIrcP9QuIvL,,,,,32.044403076172,-81.048797607422,anonymous,EN,2.5,3,1,1,0.5,30,Kitchen Manager,United States,Male,Accounting firm,,,,,,e03xg6m4,7370930
2017-08-16 19:13:15,2017-08-16 19:14:50,IP Address,68.119.71.212,100,95,True,2017-08-16 19:14:51,R_T7M6vN6UVwYvKPT,,,,,33.250701904297,-86.921096801758,anonymous,EN,3,5,1,1,0.5,49,Brand Ambassador,United States,Male,International airport,Strongly agree,Strongly agree,No experience at all,No experience at all,Yes,9uz10eu3,7179020
2017-08-16 19:14:16,2017-08-16 19:14:58,IP Address,174.141.202.105,100,41,True,2017-08-16 19:14:58,R_2QfIKTTGL2Sh9jF,,,,,44.942199707031,-93.293998718262,anonymous,EN,2,4,2,2,0.48,23,accountant,usa,Male,Grocery Store,,,,,,p8nfq5nt,1109342
2017-08-16 19:13:38,2017-08-16 19:15:00,IP Address,68.102.51.254,100,81,True,2017-08-16 19:15:00,R_cN2m8ccKcFCtTO1,,,,,37.701400756836,-97.440498352051,anonymous,EN,5,2,1,0.5,0.05,31,HVAC Technician,American,Male,Accounting firm,,,,,,fxdtf8wk,3875118
2017-08-16 19:13:05,2017-08-16 19:15:35,IP Address,184.0.92.237,100,150,True,2017-08-16 19:15:36,R_115vjqEIltlqmaF,,,,,36.175003051758,-115.13719940186,anonymous,EN,7,10,5,1,1,20,Filmmaker,White,Male,International airport,Strongly agree,Strongly agree,No experience at all,Lower than average,No,1pyuqcdg,8427014
2017-08-16 19:15:01,2017-08-16 19:16:00,IP Address,66.215.250.56,100,58,True,2017-08-16 19:16:01,R_qIW9W69vyQlSd45,,,,,35.125793457031,-117.98590087891,anonymous,EN,5,10,2,2,0.2,25,cashier,american,Female,Accounting firm,,,,,,5weplotk,1259
2017-08-16 19:15:01,2017-08-16 19:16:28,IP Address,122.174.108.232,100,86,True,2017-08-16 19:16:28,R_6yxPZGMUaUVJaXT,,,,,13.083297729492,80.283294677734,anonymous,EN,20,50,10,20,0.17,1991,admin,indian,Female,Accounting firm,,,,,,f2km6uyx,2481119
2017-08-16 19:15:20,2017-08-16 19:16:29,IP Address,174.152.89.68,100,69,True,2017-08-16 19:16:29,R_oZUbGapf4RQqnvz,,,,,41.887603759766,-87.63680267334,anonymous,EN,5,1,1,3,0.26,27,Librarian,American,Male,International airport,Somewhat agree,Strongly agree,Lower than average,Some experience,No,ci5v5ovx,7362303
2017-08-16 19:14:16,2017-08-16 19:16:57,IP Address,68.59.2.40,100,161,True,2017-08-16 19:16:58,R_1oiM2R7PCheCRgR,,,,,42.42790222168,-83.143600463867,anonymous,EN,10,15,2,8,0.3,30,IT,United States,Male,International airport,Somewhat agree,Strongly agree,Lower than average,Lower than average,No,8c1fk5ei,4719165
2017-08-16 19:13:38,2017-08-16 19:17:10,IP Address,68.59.64.228,100,211,True,2017-08-16 19:17:11,R_5dlVmJse7PGZArv,,,,,31.261703491211,-85.414199829102,anonymous,EN,1,2,1,3,0,25,sales,usa,Male,Accounting firm,,,,,,202ds56g,103638
2017-08-16 19:13:15,2017-08-16 19:17:21,IP Address,68.4.192.232,100,245,True,2017-08-16 19:17:21,R_u3RCFqY77wOtElz,,,,,33.605392456055,-117.66749572754,anonymous,EN,3,7,1,1,0.5,41,Network Engineer,American,Male,International airport,Somewhat agree,Strongly agree,Lower than average,Lower than average,No,352d5w4k,9910159
2017-08-16 19:16:24,2017-08-16 19:17:23,IP Address,66.215.250.56,100,59,True,2017-08-16 19:17:24,R_yPlHIox9hWRDlCN,,,,,35.125793457031,-117.98590087891,anonymous,EN,5,10,2,2,0.2,25,cashier,american,Female,International airport,Somewhat agree,Strongly agree,No experience at all,No experience at all,No,5weplotk,746177
2017-08-16 19:15:20,2017-08-16 19:17:24,IP Address,50.108.116.28,100,124,True,2017-08-16 19:17:25,R_3ElFKHbx3WD911v,,,,,42.860198974609,-84.594100952148,anonymous,EN,10,1,1,3,0.1,21,Warehouse Assistant,United States of America,Male,International airport,Somewhat agree,Strongly agree,Some experience,Some experience,No,ic0v3av4,6211972
2017-08-16 19:17:39,2017-08-16 19:18:02,IP Address,68.59.64.228,100,22,True,2017-08-16 19:18:03,R_1gpsFOZXy563nww,,,,,31.261703491211,-85.414199829102,anonymous,EN,1,1,1,1,0.97,25,sales,usa,Male,Shopping Mall,,,,,,202ds56g,1920071
2017-08-16 19:18:20,2017-08-16 19:18:36,IP Address,68.59.64.228,100,15,True,2017-08-16 19:18:36,R_3KAOszYi9hDuoNv,,,,,31.261703491211,-85.414199829102,anonymous,EN,1,1,1,1,1,,,,,Shopping Mall,,,,,,202ds56g,9079230
2017-08-16 19:17:32,2017-08-16 19:18:41,Spam,66.215.250.56,100,68,True,2017-08-16 19:18:42,R_3gLvs7oOVRFSi3E,,,,,35.125793457031,-117.98590087891,anonymous,EN,5,10,2,2,0.2,25,cashier,american,Female,International airport,Somewhat agree,Strongly agree,No experience at all,No experience at all,No,5weplotk,3686648
2017-08-16 19:18:38,2017-08-16 19:19:02,IP Address,68.59.64.228,100,23,True,2017-08-16 19:19:02,R_2disrke134zZwi0,,,,,31.261703491211,-85.414199829102,anonymous,EN,1,1,1,1,1,25,no,no,Male,International airport,Somewhat disagree,Strongly agree,Lower than average,Lower than average,No,202ds56g,1212812
2017-08-16 19:18:03,2017-08-16 19:19:22,IP Address,75.134.133.74,100,79,True,2017-08-16 19:19:23,R_Dqa0ISRnPR0W4Tv,,,,,46.80110168457,-92.098999023438,anonymous,EN,5,2,2,1,0.9,46,supervisor,American,Male,International airport,Neither agree nor disagree,Somewhat agree,Some experience,No experience at all,,7atoufuz,6365199
2017-08-16 19:18:53,2017-08-16 19:20:20,IP Address,194.126.168.60,100,87,True,2017-08-16 19:20:21,R_2WD4Y82BC93n51F,,,,,55.041107177734,82.934387207031,anonymous,EN,5,5,3,2,1,30,sales manager,United States,Male,International airport,Somewhat agree,Strongly agree,Some experience,Lower than average,No,xz08owv4,8622794
2017-08-16 19:18:28,2017-08-16 19:20:20,IP Address,107.130.159.70,100,112,True,2017-08-16 19:20:21,R_2bV4ub9eh3DNniy,,,,,31.106399536133,-97.407096862793,anonymous,EN,35,10,30,25,0.2,,,,Male,International airport,Somewhat agree,Strongly agree,Some experience,Extensive experience,No,fa2zbxu7,4912503
2017-08-16 19:19:48,2017-08-16 19:20:54,IP Address,75.134.133.74,100,66,True,2017-08-16 19:20:55,R_XHgWppnmgTnk7y9,,,,,46.80110168457,-92.098999023438,anonymous,EN,90,3,3,1,0.9,46,supervisor,American,Male,International airport,Neither agree nor disagree,Strongly agree,Some experience,No experience at all,No,7atoufuz,4908593
2017-08-16 19:19:58,2017-08-16 19:21:00,IP Address,71.47.39.230,100,62,True,2017-08-16 19:21:00,R_3mlOd51TjeBpPHO,,,,,28.510604858398,-81.197601318359,anonymous,EN,6,15,10,5,0.15,25,retail,Hispanic,Female,International airport,Somewhat disagree,Strongly agree,No experience at all,No experience at all,No,2too8hot,1318023
2017-08-16 19:20:10,2017-08-16 19:21:20,IP Address,199.0.194.104,100,70,True,2017-08-16 19:21:20,R_6LpmuArCP2esHtv,,,,,39.493804931641,-97.61190032959,anonymous,EN,10,15,0,2,0,37,Assistant Manager,American,Male,International airport,Strongly disagree,Strongly agree,No experience at all,No experience at all,No,jrvc83sa,8686383
2017-08-16 19:19:59,2017-08-16 19:21:24,IP Address,99.74.232.107,100,85,True,2017-08-16 19:21:24,R_p4wxZPy1toCs401,,,,,37.701400756836,-97.440498352051,anonymous,EN,10,15,5,2,0.85,31,Retail store supervisor,American,Male,International airport,Strongly disagree,Strongly agree,Some experience,Lower than average,No,usn97m1a,1919202
2017-08-16 19:18:04,2017-08-16 19:21:34,IP Address,190.36.221.156,100,209,True,2017-08-16 19:21:34,R_1CCiEZt47i9YBKt,,,,,10.121704101562,-66.771697998047,anonymous,EN,15,20,5,5,0.5,28,Self-Employed,Venezuela,Male,International airport,Somewhat agree,Strongly agree,Higher than average,Some experience,No,ctbcedr0,9536514
2017-08-16 19:20:40,2017-08-16 19:21:38,IP Address,47.223.89.219,100,57,True,2017-08-16 19:21:38,R_1IaUJkPpEUDMm57,,,,,33.620101928711,-95.600303649902,anonymous,EN,5,5,5,5,0.52,39,clerical,USA,Female,Shopping Mall,,,,,,z2y0qxeu,2266126
2017-08-16 19:19:34,2017-08-16 19:21:39,IP Address,27.4.181.169,100,124,True,2017-08-16 19:21:39,R_21nZzJhRbuGTizK,,,,,28.666702270508,77.216705322266,anonymous,EN,1,0.5,0,0,0.85,33,Assistant Manager - Operations - OTA,Indian,Male,International airport,Strongly agree,Strongly agree,Higher than average,Higher than average,Yes,khvnc3g3,1242673
2017-08-16 19:20:32,2017-08-16 19:21:44,IP Address,107.10.80.165,100,72,True,2017-08-16 19:21:45,R_3HzaCEHNRjJ8f0Q,,,,,44.348297119141,-88.256698608398,anonymous,EN,5,7,2,1,0.1,,,,Male,International airport,Somewhat agree,Strongly agree,Some experience,Some experience,No,m04cnquc,6824512
2017-08-16 19:20:15,2017-08-16 19:21:49,IP Address,68.45.42.193,100,93,True,2017-08-16 19:21:49,R_3hAOEfF0l1TpOME,,,,,39.078994750977,-86.617500305176,anonymous,EN,3,5,2,2,0.7,58,Self Employed,USA,Male,International airport,Somewhat agree,Strongly agree,Higher than average,Some experience,No,axxnsr3h,7964793
2017-08-16 19:21:09,2017-08-16 19:21:55,IP Address,71.47.39.230,100,45,True,2017-08-16 19:21:55,R_1i3PBp3yNm4Fp5A,,,,,28.510604858398,-81.197601318359,anonymous,EN,15,6,7,12,0.12,25,retail,hispanic,Female,International airport,Strongly disagree,Strongly agree,No experience at all,No experience at all,No,2too8hot,5102141
2017-08-16 19:19:44,2017-08-16 19:21:56,IP Address,157.50.9.230,100,131,True,2017-08-16 19:21:57,R_2tcSJMc0U6QZEtj,,,,,13.083297729492,80.283294677734,anonymous,EN,8,2,3,4,0.75,24,CUSTOMER SERVICE,INDIAN,Male,International airport,Somewhat agree,Strongly agree,Some experience,Some experience,No,tcnk0k7w,786291
2017-08-16 19:20:32,2017-08-16 19:22:19,IP Address,104.176.174.64,100,107,True,2017-08-16 19:22:19,R_33kZtIEuoahcTC1,,,,,34.752807617188,-86.690101623535,anonymous,EN,8,8,6,5,0.9,27,independent contractor,USA,Female,International airport,Neither agree nor disagree,Strongly agree,Lower than average,Some experience,No,d4bsmtzo,1607488
2017-08-16 19:20:55,2017-08-16 19:22:30,IP Address,69.247.72.26,100,95,True,2017-08-16 19:22:31,R_3mjW5YGe6FM3vvi,,,,,35.044097900391,-106.89040374756,anonymous,EN,1,1,2.13,1.5,0.9,27,Athlete,American,Male,International airport,Strongly disagree,Strongly agree,No experience at all,No experience at all,No,uziqrqe5,4516324
2017-08-16 19:19:33,2017-08-16 19:22:42,IP Address,65.102.176.155,100,188,True,2017-08-16 19:22:43,R_30bYDv3UroaNXCd,,,,,47.307800292969,-122.26429748535,anonymous,EN,20,10,0,5,0.5,30,unemployed,American,Female,International airport,Strongly agree,Strongly agree,No experience at all,No experience at all,No,taj0fwnw,4573150
2017-08-16 19:19:43,2017-08-16 19:22:51,IP Address,50.197.155.165,100,187,True,2017-08-16 19:22:52,R_1obP1C32el8ClDE,,,,,37.44189453125,-122.14300537109,anonymous,EN,1,1,0,0,0.95,30,Writer,Indian,Female,International airport,Somewhat agree,Strongly agree,Some experience,Higher than average,No,74ei66ew,8134175
2017-08-16 19:18:53,2017-08-16 19:23:15,IP Address,157.50.12.31,100,262,True,2017-08-16 19:23:16,R_1gjBhVdOlMXTuRb,,,,,13.083297729492,80.283294677734,anonymous,EN,2,0.5,0.5,1,0.91,41,Engineer,Indian,Male,International airport,Somewhat agree,Strongly agree,Some experience,Some experience,No,39luywjx,1736531
2017-08-16 19:22:11,2017-08-16 19:23:16,IP Address,69.140.218.232,100,64,True,2017-08-16 19:23:16,R_3ik8JrvTBIBufds,,,,,38.860000610352,-77.098701477051,anonymous,EN,10,5,5,2,0.91,34,Analyst,American,Female,International airport,Strongly agree,Strongly agree,Higher than average,Higher than average,No,fxy0ix3u,8926398
2017-08-16 19:18:27,2017-08-16 19:23:43,IP Address,97.82.118.65,100,315,True,2017-08-16 19:23:44,R_3RgOs9YL8lauu9y,,,,,42.444000244141,-122.1741027832,anonymous,EN,15,10,0,2,1,45,lawyer,american,Female,Shopping Mall,,,,,,ihz7w0rr,3419843
2017-08-16 19:21:33,2017-08-16 19:23:48,IP Address,75.43.37.242,100,135,True,2017-08-16 19:23:48,R_2rM9PzwC2R9UQtb,,,,,37.678298950195,-120.95010375977,anonymous,EN,0,0,0,0,0.95,48,researcher,american,Male,International airport,Somewhat disagree,Strongly agree,Higher than average,Some experience,No,qpiowef0,7838253
2017-08-16 19:22:19,2017-08-16 19:23:52,IP Address,74.34.17.111,100,93,True,2017-08-16 19:23:52,R_Zl654RO2P0Fx6Jb,,,,,44.627197265625,-93.116798400879,anonymous,EN,10,10,0,0,0.1,44,web designer,white,Female,International airport,Neither agree nor disagree,Strongly agree,Lower than average,Lower than average,Yes,p14ddal9,5449775
2017-08-16 19:21:33,2017-08-16 19:24:00,IP Address,104.13.0.22,100,146,True,2017-08-16 19:24:01,R_3iO5hhteCWyOnI8,,,,,30.096603393555,-81.71900177002,anonymous,EN,5,10,5,5,0.9,40,Homemaker,American,Female,Accounting firm,,,,,,603x51nb,8243879
2017-08-16 19:22:19,2017-08-16 19:24:07,IP Address,67.1.197.181,100,108,True,2017-08-16 19:24:08,R_1kYLdRqK2f1QhKy,,,,,32.257202148438,-111.08090209961,anonymous,EN,1,5,2,0,0.5,46,customer service,USA,Male,International airport,Strongly disagree,Strongly agree,Some experience,Lower than average,No,pxsgetgp,8997104
2017-08-16 19:22:27,2017-08-16 19:24:14,IP Address,50.88.242.227,100,106,True,2017-08-16 19:24:14,R_Diqy9h8EbJGqX1T,,,,,28.534103393555,-81.164703369141,anonymous,EN,5,5,2,1,0.5,20,self-employed,Asian / Hispanic,Male,Parking Lot,,,,,,pobypx1q,5749462
2017-08-16 19:23:44,2017-08-16 19:24:35,IP Address,68.174.18.212,100,51,True,2017-08-16 19:24:36,R_1gI2wP5NYAOMPUG,,,,,40.596603393555,-74.077499389648,anonymous,EN,5,10,2,1,0.74,24,receptionist,USA,Female,International airport,Somewhat agree,Strongly agree,Higher than average,Higher than average,No,igj3h7i4,9922737
2017-08-16 19:23:46,2017-08-16 19:24:47,IP Address,45.52.4.130,100,61,True,2017-08-16 19:24:48,R_1BRyQ98L8aPwToz,,,,,40.623001098633,-87.696998596191,anonymous,EN,0,0,0,1,0.4,45,welder,american,Female,Accounting firm,,,,,,45cw6b7t,9927138
2017-08-16 19:22:56,2017-08-16 19:24:58,IP Address,69.247.72.26,100,121,True,2017-08-16 19:24:59,R_OliIWsS08xG57IR,,,,,35.044097900391,-106.89040374756,anonymous,EN,1,1,2,2,0.9,27,Athlete,American,Male,International airport,Somewhat disagree,Strongly agree,No experience at all,No experience at all,No,uziqrqe5,6346225
2017-08-16 19:24:32,2017-08-16 19:25:07,IP Address,50.88.242.227,100,34,True,2017-08-16 19:25:07,R_szKrAwJHOHhcFqh,,,,,28.534103393555,-81.164703369141,anonymous,EN,5,2,2,1,0.5,20,self-employed,Asian / Hispanic,Male,Accounting firm,,,,,,pobypx1q,2716532
2017-08-16 19:22:10,2017-08-16 19:25:20,IP Address,64.53.252.63,100,189,True,2017-08-16 19:25:20,R_Z3pXubuWgyUlYfD,,,,,42.020904541016,-88.178199768066,anonymous,EN,5,2,2,3,0.1,55,accountant,japanese,Female,International airport,Strongly agree,Strongly agree,Some experience,No experience at all,No,xhbuh952,3914115
2017-08-16 19:20:16,2017-08-16 19:25:42,IP Address,117.97.216.250,100,325,True,2017-08-16 19:25:43,R_3yHihNliHlosHAJ,,,,,13.083297729492,80.283294677734,anonymous,EN,3,2,1,1,0.03,30,parttime worker,indian,Female,Accounting firm,,,,,,d8dlmjju,2067199
2017-08-16 19:24:05,2017-08-16 19:25:47,IP Address,98.209.21.185,100,102,True,2017-08-16 19:25:48,R_1H6RwfUrLOtIF1m,,,,,42.266799926758,-83.856201171875,anonymous,EN,2,1,1,2,0.1,35,homemaker,white,Female,International airport,Somewhat agree,Strongly agree,Some experience,Some experience,No,va2vxaag,2615153
2017-08-16 19:25:09,2017-08-16 19:25:51,IP Address,50.88.242.227,100,41,True,2017-08-16 19:25:52,R_1Lh74GmZQ0IET7k,,,,,28.534103393555,-81.164703369141,anonymous,EN,5,2,2,1,0.5,20,self-employed,Asian / Hispanic,Male,Parking Lot,,,,,,pobypx1q,6905605
2017-08-16 19:25:53,2017-08-16 19:26:09,IP Address,50.88.242.227,100,16,True,2017-08-16 19:26:09,R_3essOaNex1k3JEn,,,,,28.534103393555,-81.164703369141,anonymous,EN,5,2,2,1,0.5,20,self-employed,Asian / Hispanic,Male,Grocery Store,,,,,,pobypx1q,1985848
2017-08-16 19:26:11,2017-08-16 19:26:28,IP Address,50.88.242.227,100,16,True,2017-08-16 19:26:31,R_2X5IkOfs9iJMAsr,,,,,28.534103393555,-81.164703369141,anonymous,EN,5,2,2,1,0.5,20,self-employed,Asian / Hispanic,Male,Shopping Mall,,,,,,pobypx1q,7252984
2017-08-16 19:24:05,2017-08-16 19:26:38,IP Address,73.147.188.211,100,152,True,2017-08-16 19:26:39,R_2VEm3dfSyxjHA2k,,,,,37.516006469727,-77.500503540039,anonymous,EN,2,2,1,3,0.92,31,Supply Chain,American,Male,International airport,Somewhat agree,Strongly agree,Lower than average,Lower than average,No,nire3yc1,4994203
2017-08-16 19:25:09,2017-08-16 19:27:32,IP Address,67.198.62.244,100,142,True,2017-08-16 19:27:33,R_rrrjhMjlc1x7HTr,,,,,33.14990234375,-96.855499267578,anonymous,EN,2,3,0,2,0.1,31,Business Analyst,American,Male,International airport,Somewhat agree,Strongly agree,No experience at all,Lower than average,No,t4pnba8g,8882502
2017-08-16 19:25:10,2017-08-16 19:27:59,IP Address,172.89.164.132,100,168,True,2017-08-16 19:27:59,R_2QXnsnJqWCqjELX,,,,,33.736099243164,-117.05830383301,anonymous,EN,5,5,5,2,0.8,28,"Slot Supervisor ","United States ",Male,Accounting firm,,,,,,em9wbic2,4196166
2017-08-16 19:26:48,2017-08-16 19:28:03,IP Address,173.19.129.120,100,75,True,2017-08-16 19:28:04,R_3oM9NK8jLslkzjc,,,,,37.768005371094,-89.327499389648,anonymous,EN,5,5,5,5,0.95,28,n/a,usa,Female,International airport,Strongly agree,Strongly agree,No experience at all,No experience at all,No,5i38e0bu,9958934
2017-08-16 19:25:49,2017-08-16 19:28:06,IP Address,70.95.118.153,100,136,True,2017-08-16 19:28:07,R_UtCfQ9uuPe7xZsJ,,,,,32.821502685547,-117.0843963623,anonymous,EN,7,10,4,3,0.15,64,homemaker,United States,Male,Shopping Mall,,,,,,5xzd26xo,156943
2017-08-16 19:26:43,2017-08-16 19:28:24,IP Address,71.212.148.84,100,101,True,2017-08-16 19:28:25,R_1KrxcvB0UjxV4Gi,,,,,39.694793701172,-105.03359985352,anonymous,EN,10,5,2,1,1,27,NA,Caucasian,Female,International airport,Neither agree nor disagree,Strongly agree,Lower than average,Lower than average,No,f0xksuwz,2959373
2017-08-16 19:26:49,2017-08-16 19:29:08,IP Address,75.169.27.148,100,138,True,2017-08-16 19:29:09,R_2xPeR55wiD0mvuI,,,,,40.624694824219,-111.71230316162,anonymous,EN,5,4,1,1,0.5,30,"Library services ","United States ",Male,International airport,Somewhat agree,Strongly agree,Lower than average,Some experience,Yes,msef9b1b,3115990
2017-08-16 19:28:43,2017-08-16 19:30:48,IP Address,76.97.110.26,100,124,True,2017-08-16 19:30:48,R_3I0Kq0Fm4Ex6ua7,,,,,34.306701660156,-85.269996643066,anonymous,EN,0,3,2,0,0,24,Student,white,Male,International airport,Somewhat disagree,Strongly agree,Lower than average,Some experience,No,j3bsea93,3476589
2017-08-16 19:29:13,2017-08-16 19:31:02,IP Address,76.241.25.51,100,108,True,2017-08-16 19:31:03,R_122MPjJLttAcvPm,,,,,29.832107543945,-95.734596252441,anonymous,EN,3,5,3,4,0.95,28,business development/marketing,Vietnamese,Female,International airport,Somewhat agree,Strongly agree,Lower than average,Some experience,No,krzdziq6,51331
2017-08-16 19:28:28,2017-08-16 19:31:06,IP Address,75.97.206.129,100,157,True,2017-08-16 19:31:06,R_1EXU1e8XzygzIEw,,,,,41.052993774414,-76.470100402832,anonymous,EN,5,2,2,2,0.3,47,"Financial analyst ",Usa,Female,International airport,Somewhat agree,Strongly agree,Lower than average,Lower than average,No,n2v50v4y,1669265
2017-08-16 19:25:49,2017-08-16 19:31:09,IP Address,82.31.195.32,100,320,True,2017-08-16 19:31:09,R_3kofdbrQd08fRfK,,,,,53.498001098633,-2.5178985595703,anonymous,EN,1,1,1,1,1,25,manager,usa,Male,Shopping Mall,,,,,,d4zcmxgg,5890062
2017-08-16 19:29:13,2017-08-16 19:31:19,IP Address,157.50.9.210,100,125,True,2017-08-16 19:31:20,R_3frTIz3eeNE5Kgw,,,,,13.083297729492,80.283294677734,anonymous,EN,0.01,5,2,1,0.25,38,employee,Indian,Male,Accounting firm,,,,,,2byqc1q8,465816
2017-08-16 19:26:44,2017-08-16 19:31:46,IP Address,117.98.151.34,100,302,True,2017-08-16 19:31:47,R_3nDInfXvKyIo8ob,,,,,17.375305175781,78.474395751953,anonymous,EN,13,20,20,47,1,30,job,usa,Male,International airport,Strongly agree,Somewhat agree,Extensive experience,Higher than average,,21hkjmhw,9697502
2017-08-16 19:30:11,2017-08-16 19:31:54,IP Address,75.118.109.120,100,103,True,2017-08-16 19:31:55,R_3Es9mBHwCaNc3Nz,,,,,40.085296630859,-82.975196838379,anonymous,EN,2,5,0,0,1,36,retail,american,Female,International airport,Neither agree nor disagree,Somewhat agree,No experience at all,No experience at all,,c786jy33,5002761
2017-08-16 19:28:28,2017-08-16 19:32:24,IP Address,173.48.133.125,100,235,True,2017-08-16 19:32:24,R_pDHWproCOIxDKbn,,,,,42.587905883789,-71.349800109863,anonymous,EN,5,10,2,0,0.5,36,Laborer,American,Male,International airport,Somewhat agree,Strongly agree,Some experience,Some experience,No,wbwdclns,3018693
2017-08-16 19:30:12,2017-08-16 19:32:30,IP Address,173.239.228.49,100,137,True,2017-08-16 19:32:31,R_29ukG3aOxjJ9Bcp,,,,,37.338806152344,-121.89140319824,anonymous,EN,10,10,10,10,0.1,36,Administrative,Caucasian,Male,International airport,Strongly agree,Strongly agree,No experience at all,No experience at all,No,1yxzo1s3,351228
2017-08-16 19:33:11,2017-08-16 19:34:20,IP Address,73.238.217.162,100,68,True,2017-08-16 19:34:21,R_3LbrJ3ZJlKGd8L1,,,,,42.349594116211,-71.074600219727,anonymous,EN,2,1,1,2,0.97,35,grant manager,American,Female,International airport,Somewhat agree,Strongly agree,Higher than average,Extensive experience,No,2x32qq6j,6196769
2017-08-16 19:33:13,2017-08-16 19:35:26,IP Address,162.224.251.206,100,133,True,2017-08-16 19:35:26,R_bkKJyMsJOQy42nT,,,,,33.10710144043,-86.903198242188,anonymous,EN,4,2,1,1,0.03,36,homemaker,United States,Female,International airport,Strongly agree,Strongly agree,No experience at all,No experience at all,No,0sfee6jk,2860765
2017-08-16 19:34:07,2017-08-16 19:35:56,IP Address,68.59.23.65,100,109,True,2017-08-16 19:35:57,R_1Hc3lpH5YzW1Puk,,,,,42.375595092773,-83.108497619629,anonymous,EN,5,10,2,5,1,32,nursing assistant,American,Female,Accounting firm,,,,,,sw1u86jr,8533581
2017-08-16 19:34:19,2017-08-16 19:36:14,IP Address,74.130.244.111,100,115,True,2017-08-16 19:36:15,R_3J1UapNlU9KjkMz,,,,,36.879302978516,-86.459800720215,anonymous,EN,3,3,3,2,1,43,Engineer,United States,Male,International airport,Somewhat disagree,Strongly agree,Higher than average,Higher than average,No,4l24i5oq,1003447
2017-08-16 19:34:07,2017-08-16 19:36:17,IP Address,75.68.62.106,100,130,True,2017-08-16 19:36:18,R_1l3PVlHFrfn5deV,,,,,42.825698852539,-71.673698425293,anonymous,EN,2,2,2,2,0.25,28,shipping manager,american,Female,International airport,Strongly agree,Strongly agree,Some experience,Some experience,No,yex842n6,1229159
2017-08-16 19:28:47,2017-08-16 19:37:37,IP Address,222.127.1.45,100,530,True,2017-08-16 19:37:38,R_2WISsEGUmjd888Q,,,,,14.471099853516,121.02230834961,anonymous,EN,4,1,0.5,1,0.95,26,Engineer,Asian,Female,International airport,Strongly agree,Strongly agree,Some experience,No experience at all,Yes,8xus74jw,3405002
2017-08-16 19:35:40,2017-08-16 19:38:09,IP Address,172.56.27.1,100,148,True,2017-08-16 19:38:09,R_2s7n3MdcfHZptin,,,,,28.579193115234,-81.394302368164,anonymous,EN,8,10,3,3,0.5,38,Management,North American,Female,International airport,Somewhat disagree,Strongly agree,No experience at all,No experience at all,No,zegpk1cj,914039
2017-08-16 19:37:49,2017-08-16 19:38:52,IP Address,173.239.212.19,100,62,True,2017-08-16 19:38:52,R_3M3gigFuy4DvV2B,,,,,40.551605224609,-74.46369934082,anonymous,EN,5,3,0,1,0,34,finance,american,Male,Accounting firm,,,,,,yi5qhp4y,9093739
2017-08-16 19:37:48,2017-08-16 19:38:56,IP Address,104.34.83.206,100,67,True,2017-08-16 19:38:56,R_2DOYFy7Fcb1OYsx,,,,,34.174896240234,-118.61520385742,anonymous,EN,2,5,2,3,0.1,35,IT,USA,Male,International airport,Neither agree nor disagree,Strongly agree,No experience at all,No experience at all,No,u17pu4p6,5892110
2017-08-16 19:38:38,2017-08-16 19:40:16,IP Address,172.56.27.1,100,98,True,2017-08-16 19:40:17,R_x2QlSvJyIiJsN3z,,,,,28.579193115234,-81.394302368164,anonymous,EN,8,8,3,3,0.5,38,Management,American,Female,Accounting firm,,,,,,zegpk1cj,8885990
2017-08-16 19:39:43,2017-08-16 19:41:24,IP Address,122.174.175.183,100,101,True,2017-08-16 19:41:25,R_26bCpgn1YjDA7ok,,,,,13.083297729492,80.283294677734,anonymous,EN,10,0,0,0,0.85,24,BUSINESS,INDIAN,Male,International airport,Somewhat disagree,Strongly agree,Some experience,Higher than average,No,w5fz5ctk,8979388
2017-08-16 19:40:32,2017-08-16 19:41:37,IP Address,172.56.27.1,100,64,True,2017-08-16 19:41:37,R_3n13dwza2o0E45b,,,,,28.579193115234,-81.394302368164,anonymous,EN,8,8,3,3,0.51,38,Retail management,American,Female,International airport,Somewhat disagree,Strongly agree,No experience at all,No experience at all,No,zegpk1cj,4558989
2017-08-16 19:39:43,2017-08-16 19:42:04,IP Address,122.175.92.132,100,140,True,2017-08-16 19:42:05,R_xm6KIenO0cvwt1L,,,,,17.375305175781,78.474395751953,anonymous,EN,75,10,5,10,1,1990,job,indian,Male,Accounting firm,,,,,,9oanh6yr,8666549
2017-08-16 19:41:04,2017-08-16 19:42:23,IP Address,103.66.79.101,100,79,True,2017-08-16 19:42:24,R_2eXBxCM0MaInmz0,,,,,11.100006103516,77.350006103516,anonymous,EN,50,55,55,55,0.54,26,software,indian,Male,International airport,Neither agree nor disagree,Strongly agree,Higher than average,Some experience,No,05dyy0f4,4201320
2017-08-16 19:39:30,2017-08-16 19:42:41,IP Address,174.58.82.54,100,190,True,2017-08-16 19:42:41,R_12D15rnqpYe2gNl,,,,,26.976196289062,-82.090599060059,anonymous,EN,2,8,2,4,0.8,45,healthcare; media,American,Female,International airport,Strongly agree,Strongly agree,No experience at all,No experience at all,No,oqknnsc4,3614699
2017-08-16 19:39:32,2017-08-16 19:43:16,IP Address,99.63.172.26,100,224,True,2017-08-16 19:43:17,R_3iUqW1ZRB8IUsgT,,,,,43.050796508789,-88.038101196289,anonymous,EN,0,0,0,0,1,37,Clerk,USA,Male,International airport,Neither agree nor disagree,Strongly agree,Lower than average,Lower than average,No,us0o9cr2,7632313
2017-08-16 19:42:05,2017-08-16 19:43:29,IP Address,75.188.141.50,100,84,True,2017-08-16 19:43:30,R_9TYdKk5PDKuQg5r,,,,,39.939895629883,-83.306098937988,anonymous,EN,10,10,10,3,1,41,clerical,american,Female,Grocery Store,,,,,,qh3j4h0v,2125461
2017-08-16 19:42:05,2017-08-16 19:43:54,IP Address,98.18.173.194,100,108,True,2017-08-16 19:43:54,R_ZyR69RpBbfphOlb,,,,,42.824493408203,-91.547996520996,anonymous,EN,1,3,1,1,0.5,49,"financial manager ","American ",Male,International airport,Somewhat agree,Strongly agree,Some experience,Some experience,No,odumequz,2303171
2017-08-16 19:42:29,2017-08-16 19:44:21,IP Address,73.234.251.115,100,111,True,2017-08-16 19:44:21,R_3Hvqhmbvn0C2fvX,,,,,41.315795898438,-73.135398864746,anonymous,EN,3,5,1,5,0.03,27,Warehousing and Transportation,White,Male,International airport,Somewhat disagree,Strongly agree,No experience at all,No experience at all,No,8kcbn1du,7001971
2017-08-16 19:41:46,2017-08-16 19:44:57,IP Address,148.0.51.233,100,191,True,2017-08-16 19:44:58,R_2ZPwmhtbIRn4Wql,,,,,18.466705322266,-69.900001525879,anonymous,EN,0,100,0,0,1,27,HealthCare Provider,Domincan,Male,International airport,Neither agree nor disagree,Strongly agree,Higher than average,Some experience,No,2bkp8lpb,1987077
2017-08-16 19:44:32,2017-08-16 19:45:25,IP Address,158.222.220.155,100,53,True,2017-08-16 19:45:25,R_1LepYaCU818rN6A,,,,,40.8291015625,-73.949096679688,anonymous,EN,2,2,2,3,0.09,35,analyst,usa,Male,International airport,Somewhat disagree,Somewhat agree,No experience at all,No experience at all,,dphgqrkp,1203828
2017-08-16 19:44:29,2017-08-16 19:45:46,IP Address,99.63.172.26,100,77,True,2017-08-16 19:45:46,R_10VKqcN1eIz1eFC,,,,,43.050796508789,-88.038101196289,anonymous,EN,0,0,0,0,1,37,Clerk,USA,Male,International airport,Neither agree nor disagree,Neither agree nor disagree,Lower than average,Lower than average,,us0o9cr2,268104
2017-08-16 19:44:34,2017-08-16 19:45:55,IP Address,36.255.18.126,100,80,True,2017-08-16 19:45:56,R_23185AzlG89MCZY,,,,,13.083297729492,80.283294677734,anonymous,EN,20,2,2,1,1,36,analyst,indian,Male,International airport,Somewhat agree,Strongly agree,Higher than average,Higher than average,No,s1kfd8ul,6291400
2017-08-16 19:45:26,2017-08-16 19:46:54,IP Address,73.10.92.223,100,88,True,2017-08-16 19:46:54,R_2t5LOvWxLhHA9ym,,,,,39.801803588867,-75.008003234863,anonymous,EN,20,10,10,5,0.9,27,"Student ",American,Male,International airport,Strongly agree,Strongly agree,No experience at all,No experience at all,No,9wo0mudf,8569583
2017-08-16 19:46:10,2017-08-16 19:47:36,IP Address,99.63.172.26,100,86,True,2017-08-16 19:47:37,R_1HhEG6vUATpL9si,,,,,43.050796508789,-88.038101196289,anonymous,EN,0,0,0,0,1,37,Clerk,USA,Male,International airport,Neither agree nor disagree,Strongly agree,Lower than average,Lower than average,No,us0o9cr2,3370150
2017-08-16 19:45:27,2017-08-16 19:48:00,IP Address,49.205.147.98,100,152,True,2017-08-16 19:48:00,R_23Ug7L6sYaX17mB,,,,,10.992492675781,76.961395263672,anonymous,EN,2,1,1,1,0.92,41,Asst manager,Indian,Male,International airport,Somewhat agree,Strongly agree,Lower than average,Some experience,No,8oh86e5k,6812365
2017-08-16 19:41:14,2017-08-16 19:48:01,IP Address,69.12.71.5,100,407,True,2017-08-16 19:48:02,R_1rJmMSPUwZwioCl,,,,,34.049392700195,-118.26409912109,anonymous,EN,10,0,0,20,0.83,25,Information Technology Manager,"US American ",Male,Shopping Mall,,,,,,6wa22feb,4729686
2017-08-16 19:45:19,2017-08-16 19:48:34,IP Address,73.141.229.84,100,195,True,2017-08-16 19:48:35,R_3MxoCjUp4wUenOm,,,,,39.751205444336,-75.527198791504,anonymous,EN,5,1,1,2,0.1,29,Homemaker,American,Female,Accounting firm,,,,,,xeaj2l8o,3887949
2017-08-16 19:47:59,2017-08-16 19:49:25,IP Address,73.37.86.81,100,86,True,2017-08-16 19:49:25,R_TtuE5zY5y5AG9fX,,,,,45.014801025391,-123.01559448242,anonymous,EN,12,15,3,2,1,30,office support,USA,Male,International airport,Strongly disagree,Strongly agree,Lower than average,Some experience,No,8vrg1ooj,8696803
2017-08-16 19:48:29,2017-08-16 19:50:14,IP Address,69.12.71.5,100,104,True,2017-08-16 19:50:14,R_vVNejaSjQyl42k1,,,,,34.049392700195,-118.26409912109,anonymous,EN,10,0,0,20,0.01,25,Information Technology Manager,"US American ",Male,International airport,Strongly agree,Strongly agree,Higher than average,Higher than average,Yes,6wa22feb,9683113
2017-08-16 19:45:20,2017-08-16 19:51:05,IP Address,116.68.104.110,100,344,True,2017-08-16 19:51:06,R_2PAIEiMkzEibAO2,,,,,9.2666931152344,76.783294677734,anonymous,EN,10,10,5,5,0.2,65,Retired bank manager,Indian,Male,International airport,Somewhat agree,Strongly agree,Some experience,Lower than average,No,3elqsste,9663301
2017-08-16 19:50:13,2017-08-16 19:51:13,IP Address,68.3.224.64,100,59,True,2017-08-16 19:51:13,R_2WHUVhbRTqTTDOh,,,,,33.446502685547,-111.76850128174,anonymous,EN,5,2,0,1,0.2,,,,Female,International airport,Somewhat agree,Strongly agree,Lower than average,Lower than average,No,mdt3t03x,4263872
2017-08-16 19:49:21,2017-08-16 19:52:21,IP Address,100.40.144.177,100,180,True,2017-08-16 19:52:21,R_1Qu3cGZNNPWK1Bw,,,,,41.417404174805,-74.03630065918,anonymous,EN,1,1,1,1,1,35,Firefighter,Hispanic,Male,International airport,Neither agree nor disagree,Neither agree nor disagree,No experience at all,Some experience,,qlhg135x,2300846
2017-08-16 19:50:14,2017-08-16 19:52:34,IP Address,27.62.241.40,100,140,True,2017-08-16 19:52:35,R_1CJDeLw9IlyUmeW,,,,,13.083297729492,80.283294677734,anonymous,EN,40,25,25,10,0.5,28,Business,INDIAN,Male,Accounting firm,,,,,,2qphgu30,310116
2017-08-16 19:52:35,2017-08-16 19:54:13,IP Address,73.206.26.26,100,97,True,2017-08-16 19:54:13,R_2D1zqT563aWtICP,,,,,29.628295898438,-95.562400817871,anonymous,EN,5,0,0,0,0.1,39,College Instructor,American,Female,International airport,Somewhat agree,Strongly agree,Some experience,Some experience,No,hbt576i4,6226758
2017-08-16 19:50:21,2017-08-16 19:54:19,IP Address,122.178.56.127,100,238,True,2017-08-16 19:54:20,R_12Se1sfSqAThBRD,,,,,13.083297729492,80.283294677734,anonymous,EN,1,0.25,0.001,1.0E-4,0.05,48,Retired,Australian,Male,International airport,Somewhat disagree,Strongly agree,Extensive experience,Some experience,No,77d3bxv4,2438424
2017-08-16 19:52:35,2017-08-16 19:55:01,IP Address,99.42.146.33,100,145,True,2017-08-16 19:55:02,R_1qV4tHPLx21yMwK,,,,,30.003799438477,-90.21410369873,anonymous,EN,5,0,0,1,0.5,37,Healthcare,United States,Female,International airport,Somewhat disagree,Strongly agree,No experience at all,Lower than average,No,s8bm3qox,2591207
2017-08-16 19:51:07,2017-08-16 19:55:30,IP Address,61.3.16.150,100,263,True,2017-08-16 19:55:32,R_2PoEv8MsHteyff5,,,,,12.983306884766,77.583312988281,anonymous,EN,3,2,1,1,1,41,Analyst,Indian,Female,Accounting firm,,,,,,huvcnhq5,8227309
2017-08-16 19:53:51,2017-08-16 19:55:34,IP Address,173.21.89.203,100,103,True,2017-08-16 19:55:35,R_2q4N83eBtc1mVWX,,,,,34.897598266602,-86.715400695801,anonymous,EN,1,5,1,1,0.5,33,manager,causcasian,Female,Accounting firm,,,,,,f7e7gigh,4417790
2017-08-16 19:56:31,2017-08-16 19:58:15,IP Address,69.246.181.83,100,103,True,2017-08-16 19:58:15,R_1JCSgfXw3St13Hh,,,,,31.150299072266,-85.411399841309,anonymous,EN,5,3,1,1,0.86,33,aviation matienance,USA,Male,International airport,Somewhat agree,Strongly agree,Some experience,Extensive experience,No,t9dzxyyy,9280469
2017-08-16 19:56:31,2017-08-16 19:58:46,IP Address,47.151.249.244,100,134,True,2017-08-16 19:58:48,R_269MnuqLnaQDrsb,,,,,33.947296142578,-117.72889709473,anonymous,EN,5,10,5,3,0.05,45,unemployed,Filipino,Male,International airport,Strongly agree,Strongly agree,No experience at all,No experience at all,No,fqjaon9l,161297
2017-08-16 19:58:13,2017-08-16 19:59:39,IP Address,171.49.194.46,100,86,True,2017-08-16 19:59:40,R_1DZifn63Tbwo032,,,,,13.083297729492,80.283294677734,anonymous,EN,1000,250,50,50,0.88,26,SELF EMPLOYED,AMERICA,Male,Accounting firm,,,,,,4z9vu3yh,9926788
2017-08-16 19:58:37,2017-08-16 20:00:02,IP Address,190.192.123.20,100,84,True,2017-08-16 20:00:03,R_2TYl0pI8ZSzzdEC,,,,,-34.603302001953,-58.38159942627,anonymous,EN,1,0.2,0.1,0.1,1,22,Student,American,Female,International airport,Somewhat agree,Strongly agree,Some experience,Some experience,No,qkzobdjj,3426311
2017-08-16 19:58:31,2017-08-16 20:00:06,IP Address,140.107.167.253,100,95,True,2017-08-16 20:00:07,R_429UjID3CgiXdAt,,,,,47.673797607422,-122.34190368652,anonymous,EN,3,5,1,1,0.98,47,Administrative Assistant,USA,Male,International airport,Somewhat disagree,Strongly agree,Some experience,Higher than average,No,f7vnamg2,1207367
2017-08-16 19:58:12,2017-08-16 20:00:09,IP Address,206.192.254.23,100,117,True,2017-08-16 20:00:09,R_a3k0qAuWkuhPhdL,,,,,43.479598999023,-123.35479736328,anonymous,EN,10,5,1,2,0.8,60,Retired Senior Manager Compliance,USA,Female,International airport,Strongly agree,Strongly agree,Some experience,Higher than average,No,426dgk52,674662
2017-08-16 19:58:05,2017-08-16 20:00:11,IP Address,24.147.204.209,100,126,True,2017-08-16 20:00:12,R_SN99cZi5M0m5GRr,,,,,41.376403808594,-72.583297729492,anonymous,EN,2,1,2,1,0.05,31,Financial Analyst,American,Male,International airport,Somewhat agree,Strongly agree,Some experience,Lower than average,No,7a0r5taf,419658
2017-08-16 19:58:38,2017-08-16 20:00:15,IP Address,72.192.169.53,100,97,True,2017-08-16 20:00:16,R_1dLapC6oOgGkLtd,,,,,32.737106323242,-117.08810424805,anonymous,EN,20,5,0,0,0.22,33,n/a,mexican,Male,Accounting firm,,,,,,hzrfxcq4,7292651
2017-08-16 19:58:06,2017-08-16 20:00:49,IP Address,108.63.139.217,100,163,True,2017-08-16 20:00:50,R_2rZUHXTa8l3RYpL,,,,,43.665496826172,-79.420402526855,anonymous,EN,1,0.01,0.01,0.01,0.99,51,University Professor,American,Male,International airport,Somewhat agree,Strongly agree,Some experience,Some experience,No,c5bv04jg,4170132
2017-08-16 19:58:12,2017-08-16 20:01:09,IP Address,76.182.24.3,100,177,True,2017-08-16 20:01:09,R_yTFA7ZZPIs0Bhdf,,,,,35.54460144043,-78.830902099609,anonymous,EN,15,20,5,1,0.2,41,jeweler,american,Male,International airport,Neither agree nor disagree,Strongly agree,No experience at all,No experience at all,No,93rv0oft,4508180
2017-08-16 20:01:01,2017-08-16 20:02:01,IP Address,72.192.169.53,100,59,True,2017-08-16 20:02:01,R_2qxG5sdV6RxTZEc,,,,,32.737106323242,-117.08810424805,anonymous,EN,20,0,0,0,0.2,33,bank,mexican,Male,Shopping Mall,,,,,,hzrfxcq4,1999422
2017-08-16 20:02:06,2017-08-16 20:02:52,IP Address,72.192.169.53,100,46,True,2017-08-16 20:02:52,R_ykBUizTRoDx04LL,,,,,32.737106323242,-117.08810424805,anonymous,EN,20,0,0,0,0.2,33,bank,mex,Male,Grocery Store,,,,,,hzrfxcq4,1563589
2017-08-16 20:03:02,2017-08-16 20:04:06,IP Address,72.192.169.53,100,63,True,2017-08-16 20:04:06,R_1dmDrbAQpuheM8A,,,,,32.737106323242,-117.08810424805,anonymous,EN,20,0,0,0,0.2,33,bank,mexican,Male,International airport,Neither agree nor disagree,Strongly agree,Higher than average,Higher than average,No,hzrfxcq4,8463618
2017-08-16 20:01:39,2017-08-16 20:05:33,IP Address,104.56.94.28,100,234,True,2017-08-16 20:05:34,R_1FtgOjOnrppLBT8,,,,,28.996994018555,-81.056297302246,anonymous,EN,10,0,0,0,0.8,24,General Labor,American,Male,International airport,Somewhat disagree,Strongly agree,Lower than average,Lower than average,No,nqlm5gtq,7212884
2017-08-16 20:04:29,2017-08-16 20:05:50,IP Address,106.102.1.212,100,81,True,2017-08-16 20:05:50,R_2R4cC87Dppwvppc,,,,,37.511199951172,126.97409057617,anonymous,EN,3,1,0.5,2,0.9,39,Military,US,Male,International airport,Neither agree nor disagree,Strongly agree,Higher than average,Higher than average,No,dpfarjzl,5881771
2017-08-16 20:01:14,2017-08-16 20:06:24,IP Address,182.64.144.213,100,309,True,2017-08-16 20:06:25,R_wQLedrUzLbrfFiV,,,,,28.600006103516,77.200012207031,anonymous,EN,0.25,0.25,0.05,0.15,1,45,Employed,Indian,Male,International airport,Somewhat agree,Strongly agree,Higher than average,Higher than average,No,mx40vx1m,4300851
2017-08-16 20:04:27,2017-08-16 20:06:54,IP Address,65.129.241.60,100,146,True,2017-08-16 20:06:55,R_2E6LirgboVsULdm,,,,,32.546203613281,-110.952003479,anonymous,EN,10,10,5,2,0.11,66,"Medical ",US,Male,International airport,Somewhat agree,Strongly agree,No experience at all,No experience at all,No,1qs4ajbt,3943138
2017-08-16 20:07:25,2017-08-16 20:08:36,IP Address,24.169.13.161,100,71,True,2017-08-16 20:08:37,R_1fjxON4VS01gsJv,,,,,42.752593994141,-73.780403137207,anonymous,EN,10,5,2,2,0.1,,,,Male,International airport,Strongly agree,Strongly agree,No experience at all,Some experience,No,v1hwv2tg,1896718
2017-08-16 20:07:24,2017-08-16 20:08:54,IP Address,174.27.133.85,100,90,True,2017-08-16 20:08:55,R_3Rfk8k1okw1T0uv,,,,,40.73860168457,-111.8591003418,anonymous,EN,2,1,0,0,0.02,61,Luthier,USA,Male,International airport,Somewhat agree,Strongly agree,Higher than average,Higher than average,No,y5lsmc5n,171240
2017-08-16 20:08:43,2017-08-16 20:09:45,IP Address,98.202.250.50,100,62,True,2017-08-16 20:09:46,R_3NIIlgjDPsUtUxW,,,,,40.436294555664,-111.19460296631,anonymous,EN,0,0,0,0,0,27,Childcare,America,Female,International airport,Somewhat disagree,Strongly agree,Lower than average,Lower than average,No,mafui23a,5614602
2017-08-16 20:08:45,2017-08-16 20:10:13,IP Address,107.14.54.136,100,88,True,2017-08-16 20:10:14,R_1QLr7MMbVcSxYxs,,,,,40.792098999023,-73.943901062012,anonymous,EN,20,20,35,35,1,24,Student,American,Female,International airport,Somewhat disagree,Strongly agree,Higher than average,Higher than average,No,34q9covc,8669597
2017-08-16 20:08:03,2017-08-16 20:10:25,IP Address,97.106.209.51,100,142,True,2017-08-16 20:10:25,R_Tnoh3Ppa4BH3hxn,,,,,28.934494018555,-82.472297668457,anonymous,EN,3,6,2,2,0.2,33,marketing,American,Female,International airport,Neither agree nor disagree,Strongly agree,No experience at all,Lower than average,No,k0v5eepz,9835446
2017-08-16 20:07:30,2017-08-16 20:10:32,IP Address,96.2.4.75,100,181,True,2017-08-16 20:10:32,R_1OvjH4ecVi7mRnF,,,,,43.504196166992,-96.83910369873,anonymous,EN,7,4,2,2,0.8,30,Financial Analyst,USA,Male,International airport,Strongly agree,Strongly agree,Some experience,Some experience,No,phyb7qd0,879698
2017-08-16 20:07:26,2017-08-16 20:11:10,IP Address,169.149.133.232,100,223,True,2017-08-16 20:11:10,R_ex00ADSrhS4sevT,,,,,30.734298706055,76.793304443359,anonymous,EN,0.5,0.5,0,0,1,30,Home maker,India,Female,International airport,Somewhat disagree,Strongly agree,No experience at all,Lower than average,Yes,y45bf3hy,792191
2017-08-16 20:10:00,2017-08-16 20:11:25,IP Address,45.25.88.133,100,85,True,2017-08-16 20:11:26,R_8H9EdFP8f5iTAhr,,,,,30.370300292969,-81.587196350098,anonymous,EN,2,1,1,0,0.98,42,Analyst,USA,Male,International airport,Somewhat agree,Strongly agree,Higher than average,Higher than average,No,38syt4nk,9694040
2017-08-16 20:10:00,2017-08-16 20:11:56,IP Address,50.32.45.56,100,116,True,2017-08-16 20:11:57,R_2xPO5c3yntMysfS,,,,,40.108596801758,-76.070701599121,anonymous,EN,3,5,0,1,0.2,39,homemaker,American,Female,International airport,Somewhat agree,Strongly agree,Some experience,Some experience,No,7pgz1bjd,6938216
2017-08-16 20:10:25,2017-08-16 20:12:03,IP Address,98.216.255.239,100,97,True,2017-08-16 20:12:03,R_2wn17ExkptgSbSM,,,,,42.406295776367,-71.051200866699,anonymous,EN,8,10,5,3,0.8,30,medical researcher,american,Male,Accounting firm,,,,,,btguk7jd,89104
2017-08-16 20:08:44,2017-08-16 20:12:19,IP Address,73.240.49.218,100,215,True,2017-08-16 20:12:19,R_2pSmQSNTzib70ts,,,,,43.92919921875,-123.08670043945,anonymous,EN,3,4,2,2,0.66,22,Student,American,Male,Accounting firm,,,,,,hobloydp,6520007
2017-08-16 20:10:23,2017-08-16 20:13:33,IP Address,73.247.170.22,100,189,True,2017-08-16 20:13:34,R_3dFGHTcucf1SvqN,,,,,40.757797241211,-89.609802246094,anonymous,EN,1,0.5,0,0.5,0.5,40,,,Female,International airport,Neither agree nor disagree,Strongly agree,Some experience,Higher than average,No,x5zrhg67,8587830
2017-08-16 20:13:23,2017-08-16 20:13:48,IP Address,117.98.142.192,100,24,True,2017-08-16 20:13:49,R_2BgKXruEdmEzdoF,,,,,17.375305175781,78.474395751953,anonymous,EN,50,50,50,50,0.82,30,job,indian,Male,Shopping Mall,,,,,,dwkc9v4h,6271201
2017-08-16 20:13:39,2017-08-16 20:14:46,IP Address,72.197.238.84,100,67,True,2017-08-16 20:14:47,R_4PBdPS3ggc5O785,,,,,32.977493286133,-117.02320098877,anonymous,EN,10,5,5,5,0.9,41,Legal,US,Male,International airport,Strongly agree,Strongly agree,Higher than average,Higher than average,No,y0wguonk,9240010
2017-08-16 20:13:39,2017-08-16 20:15:25,IP Address,173.62.111.4,100,106,True,2017-08-16 20:15:26,R_rlOUrvtWlieqY5r,,,,,41.537506103516,-74.051200866699,anonymous,EN,3,0.5,0,5,0,34,Auditor,American,Female,International airport,Neither agree nor disagree,Strongly agree,Lower than average,Higher than average,No,oyg76yi7,9277308
2017-08-16 20:16:11,2017-08-16 20:17:09,IP Address,24.31.136.233,100,57,True,2017-08-16 20:17:10,R_27Pg0c8WiFCijGY,,,,,44.033599853516,-70.75700378418,anonymous,EN,10,10,5,3,0.35,23,Unemployed,American,Male,Accounting firm,,,,,,cwqgkgif,7282368
2017-08-16 20:16:11,2017-08-16 20:18:15,IP Address,70.44.9.189,100,123,True,2017-08-16 20:18:16,R_3EM8Yk3UUuVmhSh,,,,,40.451293945312,-75.80940246582,anonymous,EN,2,3,1,1,0.2,26,Financial Systems Analyst,German,Male,International airport,Somewhat agree,Strongly agree,Lower than average,No experience at all,No,0urnfrtt,1337675
2017-08-16 20:17:23,2017-08-16 20:18:29,IP Address,24.189.33.24,100,66,True,2017-08-16 20:18:30,R_bw0df8uYKN1L9lv,,,,,40.847793579102,-74.709701538086,anonymous,EN,5,5,2,2,0.9,27,Pet Sitter,American,Female,International airport,Somewhat agree,Strongly agree,Some experience,Higher than average,No,6p0hk2yb,506801
2017-08-16 20:17:23,2017-08-16 20:18:48,IP Address,24.102.93.172,100,84,True,2017-08-16 20:18:48,R_ZEPUPN3YRZqKiOt,,,,,40.743392944336,-73.918899536133,anonymous,EN,3,10,0.5,3,0.5,28,Barista/Student,American,Male,International airport,Neither agree nor disagree,Strongly agree,Lower than average,Higher than average,No,m4cx9fqw,1678782
2017-08-16 20:19:00,2017-08-16 20:19:35,IP Address,24.189.33.24,100,34,True,2017-08-16 20:19:36,R_2QLLCYphJCb9BvA,,,,,40.847793579102,-74.709701538086,anonymous,EN,2,2,1,1,0.91,27,Dog Sitter,American,Female,International airport,Somewhat agree,Strongly agree,Some experience,Some experience,No,6p0hk2yb,4091153
2017-08-16 20:22:43,2017-08-16 20:24:24,IP Address,50.4.190.224,100,100,True,2017-08-16 20:24:24,R_3sAYrTCrJItpNU6,,,,,38.020095825195,-87.575401306152,anonymous,EN,3,1,3,3,0.95,34,Operations,United States,Male,International airport,Somewhat agree,Strongly agree,Lower than average,Lower than average,No,yeh45in4,8496399
2017-08-16 20:22:27,2017-08-16 20:25:19,IP Address,74.88.208.249,100,171,True,2017-08-16 20:25:20,R_2rGFSmSutxJpRqV,,,,,41.084899902344,-74.387100219727,anonymous,EN,10,5,2,5,0.1,23,Music teacher,Middle Eastern,Female,International airport,Strongly disagree,Strongly agree,Higher than average,Lower than average,Yes,jatbbgp6,4666064
2017-08-16 20:23:17,2017-08-16 20:26:07,IP Address,210.56.125.220,100,170,True,2017-08-16 20:26:08,R_pGBHNQoLYZcq5ih,,,,,31.633102416992,74.865600585938,anonymous,EN,100,40,30,30,1,33,architect,"Indian ",Female,Accounting firm,,,,,,wxrs11ax,3798026
2017-08-16 20:27:06,2017-08-16 20:28:54,IP Address,97.98.51.167,100,107,True,2017-08-16 20:28:55,R_3pkWg8wxPoNj9Vp,,,,,28.473098754883,-97.707099914551,anonymous,EN,5,5,5,5,0.1,23,hospitality,american,Female,International airport,Strongly agree,Strongly agree,No experience at all,No experience at all,No,ytnfsprr,4358451
2017-08-16 20:27:06,2017-08-16 20:29:14,IP Address,69.131.228.219,100,127,True,2017-08-16 20:29:15,R_YbQh2xwjpzdJ6a5,,,,,46.602203369141,-122.67800140381,anonymous,EN,10,5,5,3,0.9,62,retired,USA,Female,International airport,Strongly agree,Strongly agree,No experience at all,No experience at all,No,y0ra2xp2,8635029
2017-08-16 20:10:42,2017-08-16 20:32:44,IP Address,117.219.220.114,100,1322,True,2017-08-16 20:32:46,R_2ePcrUyt5ZoQaCt,,,,,13.083297729492,80.283294677734,anonymous,EN,2,10,10,5,1,29,Teacher,Indian,Male,Shopping Mall,,,,,,ja7pgzwc,8603604
2017-08-16 20:35:15,2017-08-16 20:37:15,IP Address,189.213.50.50,100,119,True,2017-08-16 20:37:15,R_3Rl6e6RnyvbxSiW,,,,,19.434204101562,-99.138603210449,anonymous,EN,5,5,1,2,0.93,30,Teacher,USA,Female,International airport,Somewhat agree,Strongly agree,Some experience,Extensive experience,No,h7s0agl1,1676742
2017-08-16 20:35:15,2017-08-16 20:37:31,IP Address,72.210.77.239,100,136,True,2017-08-16 20:37:32,R_8bKlURnqzyT2ukx,,,,,32.541793823242,-83.590202331543,anonymous,EN,15,15,3,1,1,29,EMT,American,Female,International airport,Neither agree nor disagree,Strongly agree,No experience at all,No experience at all,No,qr2sb31n,9528364
2017-08-16 20:36:22,2017-08-16 20:38:11,IP Address,69.54.17.26,100,109,True,2017-08-16 20:38:11,R_DSFvoQ8XGcptV9n,,,,,44.317504882812,-73.090896606445,anonymous,EN,10,2,2,2,1,,,,Female,International airport,Somewhat disagree,Strongly agree,Lower than average,Lower than average,No,i6rferln,3319716
2017-08-16 20:38:29,2017-08-16 20:39:54,IP Address,69.54.17.26,100,85,True,2017-08-16 20:39:54,R_1r9sKpQTPcJOrBe,,,,,44.317504882812,-73.090896606445,anonymous,EN,10,2,2,2,0.06,58,paraeducator,USA,Female,International airport,Somewhat disagree,Strongly agree,Lower than average,Lower than average,No,i6rferln,9127585
2017-08-16 20:47:26,2017-08-16 20:48:32,IP Address,142.196.76.228,100,66,True,2017-08-16 20:48:33,R_3L5BsoAYlAVKQy8,,,,,28.758895874023,-81.317802429199,anonymous,EN,3,2,0,0,0.1,34,validation analyst,american,Female,International airport,Somewhat agree,Strongly agree,Some experience,Higher than average,No,2yrwqig4,2188282
2017-08-16 20:47:27,2017-08-16 20:48:59,IP Address,216.165.255.32,100,92,True,2017-08-16 20:49:00,R_1mwrPWrRsKBpqWf,,,,,34.153900146484,-117.99189758301,anonymous,EN,1,4,0,0,0.34,25,Student,Asian,Male,International airport,Neither agree nor disagree,Strongly agree,Some experience,No experience at all,No,u29mw80x,1298290
2017-08-16 20:31:31,2017-08-16 20:57:54,IP Address,50.39.125.95,100,1582,True,2017-08-16 20:57:54,R_3qaJiGmdvMQM7mO,,,,,45.474105834961,-122.37870025635,anonymous,EN,5,4,3,3,0.78,36,IT tech,American,Male,Accounting firm,,,,,,tjo8d2sq,4966279
2017-08-16 21:09:17,2017-08-16 21:11:26,IP Address,162.205.93.225,100,128,True,2017-08-16 21:11:28,R_25NusYjQU4xUl3L,,,,,33.085601806641,-96.611503601074,anonymous,EN,1,0,0,1,1,36,homemaker,American,Female,Accounting firm,,,,,,80mu68ri,6657630
2017-08-16 21:14:25,2017-08-16 21:17:16,IP Address,122.165.160.217,100,170,True,2017-08-16 21:17:17,R_12m5GTtBWwPhyul,,,,,13.083297729492,80.283294677734,anonymous,EN,90,80,30,40,0.8,1994,WORK,INDIAN,Male,International airport,Somewhat agree,Strongly agree,Higher than average,Extensive experience,Yes,8igpan0o,1949290
2017-08-16 21:17:57,2017-08-16 21:20:49,IP Address,27.62.58.1,100,172,True,2017-08-16 21:20:50,R_R3xLaJ2nYqTP4Wt,,,,,10.942092895508,76.928985595703,anonymous,EN,45,15,25,5,0.1,28,System administrator,INDIAN,Male,International airport,Somewhat agree,Strongly agree,Some experience,Some experience,No,jlwx4eks,8289500
2017-08-16 21:20:49,2017-08-16 21:21:50,IP Address,172.9.185.214,100,60,True,2017-08-16 21:21:50,R_3J437DKrjFEplhu,,,,,33.89990234375,-117.44049835205,anonymous,EN,2,2,0,0,0.2,21,Student,American,Male,International airport,Strongly agree,Strongly agree,Lower than average,No experience at all,No,hs6o66eo,1457359
2017-08-16 21:20:51,2017-08-16 21:25:07,IP Address,106.51.133.194,100,255,True,2017-08-16 21:25:07,R_1NgEGMt0FGs92Y5,,,,,12.983306884766,77.583312988281,anonymous,EN,2,0.2,1,0,0.65,25,Analyst,Indian,Male,International airport,Strongly agree,Strongly agree,Extensive experience,Extensive experience,No,l5fqxpxf,9713025
